	om	yr	mo	time	st	stn	mag	inj	fat	loss	closs	slat	slon	len	wid	ns	sn	sg
0	1059	2000	10	17:45:00	IA	44	1	0	0	0.08	0.0	42.83	-94.7	14.0	50	1	1	1
1	687	2000	10	12:20:00	KS	46	1	0	0	0.0	0.0	38.83	-100.48	2.0	70	1	1	1
2	693	2000	10	12:30:00	KS	47	1	0	0	0.0	0.0	38.95	-100.48	1.0	70	1	1	1
3	1068	2000	10	16:30:00	NE	45	1	0	0	0.12	0.0	41.37	-97.87	9.0	100	1	1	1
4	555	2000	10	18:45:00	NE	51	1	0	0	0.1	0.0	40.58	-100.08	1.0	50	1	1	1
5	863	2000	10	15:15:00	KS	53	2	0	0	0.0	0.0	39.05	-102.07	12.0	240	1	1	1
6	789	2000	10	15:54:00	KS	54	1	0	0	0.0	0.0	39.27	-101.88	0.5	100	1	1	1
7	259	2000	10	16:38:00	KS	58	1	0	0	0.0	0.0	39.9	-100.42	4.0	120	1	1	1
8	42	2000	10	17:00:00	NE	53	1	0	0	0.16	0.0	40.38	-101.25	9.0	100	1	1	1
9	13	2000	10	17:38:00	NE	55	1	0	0	0.25	0.0	40.52	-100.03	9.0	150	1	1	1
10	545	2000	10	18:12:00	NE	56	2	0	0	0.12	0.0	40.85	-99.85	23.0	220	1	1	1
11	642	2000	10	19:00:00	NE	58	2	0	0	1.0	0.0	41.33	-99.55	12.0	250	1	1	1
12	10	2000	10	19:35:00	NE	59	1	0	0	0.75	0.0	41.63	-99.4	12.0	250	1	1	1
13	537	2000	10	20:08:00	IA	45	1	0	0	0.04	0.0	41.02	-95.75	2.5	70	1	1	1
14	583	2000	11	13:55:00	ND	24	1	2	0	0.0	0.0	46.88	-100.77	3.0	50	1	1	1
15	584	2000	11	14:33:00	ND	25	1	0	0	0.06	0.0	46.95	-100.77	22.0	100	1	1	1
16	564	2000	11	17:25:00	MN	32	1	0	0	0.0	0.0	44.92	-95.17	0.5	30	1	1	1
17	6	2000	1	13:05:00	IN	1	1	0	0	0.05	0.0	38.47	-86.18	0.3	50	1	1	1
18	35	2000	2	14:20:00	MO	2	1	0	0	0.5	0.0	37.9	-93.2	5.0	100	1	1	1
19	28	2000	2	16:00:00	MO	5	1	0	0	0.0	0.0	39.02	-92.03	3.0	100	1	1	1
20	691	2000	3	16:02:00	KS	3	1	0	0	0.0	0.0	37.72	-99.3	13.0	100	1	1	1
21	692	2000	3	16:50:00	KS	5	1	0	0	0.0	0.0	37.97	-99.15	3.3	100	1	1	1
22	72	2000	3	18:15:00	MO	8	1	0	0	0.05	0.0	39.2	-92.17	0.3	150	1	1	1
23	689	2000	3	16:20:00	KS	1	1	2	0	0.25	0.0	37.03	-100.93	2.0	100	1	1	1
24	690	2000	3	18:10:00	KS	2	1	1	0	0.0	0.0	37.07	-99.35	3.2	100	1	1	1
25	73	2000	3	18:10:00	WI	1	1	16	0	4.57	0.0	42.95	-87.9	1.7	70	1	1	1
26	710	2000	4	19:20:00	KS	12	2	3	0	2.0	0.0	37.5	-95.33	25.0	280	1	1	1
27	709	2000	4	19:30:00	KS	13	3	0	0	71.42	0.0	37.22	-95.55	34.0	290	1	1	1
28	111	2000	4	03:10:00	MO	10	1	0	0	0.05	0.0	38.87	-91.7	2.0	60	1	1	1
29	110	2000	4	06:59:00	IL	1	1	0	0	0.03	0.0	39.13	-90.05	1.0	30	1	1	1
30	746	2000	4	08:30:00	IL	5	1	0	0	0.0	0.0	39.95	-88.95	0.3	300	1	1	1
31	747	2000	4	08:30:00	IL	4	1	0	0	0.0	0.0	39.95	-88.85	2.3	150	1	1	1
32	737	2000	4	16:10:00	NE	1	1	0	0	0.2	0.0	42.68	-98.88	6.0	50	1	1	1
33	739	2000	4	16:50:00	NE	3	1	0	0	0.02	0.0	42.48	-98.47	0.1	30	1	1	1
34	764	2000	5	18:03:00	IA	2	3	25	1	1.75	0.0	42.52	-92.45	18.6	210	1	1	1
35	765	2000	5	18:55:00	IA	3	2	0	0	0.35	0.0	42.57	-92.23	3.6	120	1	1	1
36	766	2000	5	19:20:00	IA	5	2	0	0	0.3	0.0	42.57	-92.17	5.0	150	1	1	1
37	864	2000	5	19:20:00	IA	6	1	0	0	1.5	0.0	42.58	-91.95	8.0	330	1	1	1
38	788	2000	5	20:27:00	KS	20	1	0	0	2.71	0.0	39.07	-95.33	24.0	260	1	1	1
39	260	2000	5	22:25:00	MO	11	1	0	0	5.0	0.0	39.18	-94.58	4.5	350	1	1	1
40	215	2000	5	17:25:00	IL	13	1	0	0	0.2	0.0	38.92	-89.55	9.0	50	1	1	1
41	216	2000	5	17:47:00	IL	14	2	0	0	0.0	0.0	38.92	-89.3	1.5	100	1	1	1
42	212	2000	5	17:50:00	MI	3	1	0	0	0.06	0.0	43.73	-82.62	0.3	170	1	1	1
43	779	2000	5	14:45:00	NE	8	1	0	0	0.1	0.0	40.85	-101.15	2.0	50	1	1	1
44	782	2000	5	16:15:00	NE	11	3	2	0	0.75	0.0	40.95	-100.37	11.5	1000	1	1	1
45	771	2000	5	11:01:00	IA	12	1	0	0	0.01	0.0	41.47	-93.38	2.0	30	1	1	1
46	258	2000	5	17:05:00	MO	13	1	0	0	0.07	0.0	39.12	-93.78	1.0	70	1	1	1
47	783	2000	5	14:40:00	OH	4	2	0	0	0.1	0.0	40.35	-81.08	3.0	200	1	1	1
48	785	2000	5	16:10:00	OH	7	1	0	0	0.18	0.0	39.72	-82.35	2.0	150	1	1	1
49	246	2000	5	16:30:00	OH	8	2	0	0	0.2	0.0	40.67	-82.9	3.0	200	1	1	1
50	786	2000	5	18:15:00	OH	9	1	0	0	0.15	0.0	39.53	-81.63	1.0	100	1	1	1
51	199	2000	5	14:04:00	MO	16	1	0	0	0.07	0.0	37.08	-90.02	1.5	150	1	1	1
52	918	2000	5	16:56:00	MO	18	1	0	0	0.05	0.0	40.33	-94.87	1.0	50	1	1	1
53	919	2000	5	19:30:00	MO	19	1	0	0	0.01	0.0	39.25	-93.68	2.5	40	1	1	1
54	917	2000	5	20:32:00	MO	20	1	0	0	0.01	0.0	38.62	-94.0	2.0	20	1	1	1
55	937	2000	5	22:36:00	IL	40	1	0	0	0.04	0.0	39.58	-90.25	1.5	100	1	1	1
56	208	2000	5	23:50:00	KS	23	1	0	0	0.0	0.0	38.33	-96.27	8.0	50	1	1	1
57	777	2000	5	20:35:00	IA	21	1	0	0	0.1	0.0	41.67	-93.53	8.0	40	1	1	1
58	828	2000	5	20:10:00	MN	3	1	0	0	0.0	0.0	44.9	-95.12	2.0	30	1	1	1
59	829	2000	5	20:35:00	MN	4	1	0	0	0.0	0.0	45.0	-94.88	1.0	30	1	1	1
60	925	2000	5	21:12:00	IL	8	1	0	0	0.28	0.0	40.45	-89.78	0.5	100	1	1	1
61	926	2000	5	22:14:00	IL	9	2	4	0	0.17	0.0	40.42	-88.9	4.0	400	1	1	1
62	869	2000	5	18:22:00	OH	2	1	0	0	0.15	0.0	41.72	-83.7	0.2	50	1	1	1
63	968	2000	6	14:20:00	MI	4	1	0	0	0.0	0.0	46.17	-87.73	7.5	300	1	1	1
64	211	2000	6	16:12:00	OH	10	1	0	0	0.04	0.0	40.97	-83.98	0.8	50	1	1	1
65	903	2000	6	18:43:00	ND	10	1	0	0	0.0	0.0	47.85	-97.28	0.5	200	1	1	1
66	320	2000	6	14:10:00	IA	28	1	0	0	0.03	0.0	41.5	-95.73	10.6	330	1	1	1
67	371	2000	6	15:20:00	ND	11	1	1	0	0.0	0.0	46.85	-99.17	5.0	100	1	1	1
68	294	2000	6	16:10:00	KS	30	1	0	0	0.01	0.0	38.6	-98.03	1.0	110	1	1	1
69	906	2000	6	17:44:00	IA	32	1	0	0	0.15	0.0	42.08	-93.25	14.0	40	1	1	1
70	334	2000	6	14:50:00	OH	11	1	0	0	0.25	0.0	41.4	-83.47	0.2	20	1	1	1
71	802	2000	6	16:02:00	IN	5	2	3	0	1.0	0.0	41.0	-85.87	7.0	120	1	1	1
72	803	2000	6	17:00:00	IN	6	2	0	0	0.2	0.0	41.28	-85.15	3.0	400	1	1	1
73	804	2000	6	17:06:00	IN	7	1	0	0	0.3	0.0	41.3	-85.12	1.0	250	1	1	1
74	290	2000	6	15:42:00	OH	12	2	0	0	0.1	0.0	38.75	-82.4	2.5	150	1	1	1
75	983	2000	6	13:32:00	IL	43	1	1	0	0.07	0.0	39.28	-89.12	24.0	300	1	1	1
76	306	2000	6	13:40:00	IL	48	1	2	0	0.0	0.0	38.47	-90.15	6.2	100	1	1	1
77	310	2000	6	19:17:00	IN	11	1	0	0	0.04	0.0	39.83	-84.87	0.2	50	1	1	1
78	948	2000	6	17:29:00	KS	35	1	0	0	0.0	0.0	39.63	-101.6	2.5	650	1	1	1
79	959	2000	6	14:02:00	WI	3	1	0	0	0.1	0.0	44.05	-90.88	4.5	120	1	1	1
80	960	2000	6	15:00:00	WI	4	1	0	0	0.5	0.0	43.92	-90.17	6.5	100	1	1	1
81	966	2000	6	17:02:00	WI	5	1	0	0	0.1	0.0	42.77	-90.18	0.5	70	1	1	1
82	965	2000	6	17:06:00	WI	6	2	0	0	1.11	0.4	43.4	-88.63	17.0	120	1	1	1
83	253	2000	6	17:08:00	IA	25	1	0	0	0.01	0.0	41.1	-92.52	10.7	50	1	1	1
84	425	2000	7	16:55:00	SD	7	2	0	0	0.05	0.0	43.97	-97.17	2.0	100	1	1	1
85	379	2000	7	16:55:00	MO	25	1	0	0	0.07	0.0	39.0	-91.4	4.0	50	1	1	1
86	991	2000	7	18:47:00	NE	41	1	0	0	0.08	0.0	42.63	-100.17	22.0	350	1	1	1
87	1019	2000	7	16:57:00	MN	17	4	15	1	20.0	0.0	44.9	-95.67	9.0	160	1	1	1
88	431	2000	7	19:10:00	MN	19	2	0	0	0.15	0.0	43.63	-96.05	3.0	200	1	1	1
89	975	2000	7	14:18:00	IA	41	1	0	0	0.01	0.0	41.88	-94.43	3.6	40	1	1	1
90	995	2000	7	17:30:00	WI	9	1	0	0	1.54	0.0	42.9	-87.98	6.8	70	1	1	1
91	365	2000	7	16:10:00	ND	12	1	0	0	0.0	0.0	48.15	-99.67	3.0	50	1	1	1
92	1018	2000	7	10:20:00	MN	8	1	0	0	0.0	0.0	45.0	-92.88	0.1	30	1	1	1
93	361	2000	7	20:20:00	MN	12	2	3	0	0.5	0.0	46.4	-95.02	10.0	60	1	1	1
94	375	2000	7	03:00:00	WI	11	1	0	0	0.05	0.0	43.82	-90.58	0.9	30	1	1	1
95	957	2000	7	18:38:00	IN	12	1	0	0	0.05	0.0	41.43	-85.15	0.1	30	1	1	1
96	1025	2000	7	20:15:00	IA	37	1	0	0	0.06	0.0	43.28	-96.13	3.0	100	1	1	1
97	424	2000	7	21:30:00	IA	38	1	0	0	0.1	0.0	43.18	-95.87	0.5	100	1	1	1
98	463	2000	8	17:23:00	IL	53	1	0	0	0.01	0.0	40.5	-89.1	0.5	80	1	1	1
99	492	2000	8	01:00:00	SD	16	1	0	0	0.1	0.0	43.72	-98.07	0.2	100	1	1	1
100	472	2000	8	20:45:00	OH	15	1	4	0	2.0	0.0	40.87	-82.3	3.0	70	1	1	1
101	493	2000	8	18:03:00	SD	17	1	0	0	0.03	0.0	43.55	-98.08	1.0	100	1	1	1
102	494	2000	8	18:29:00	SD	18	1	0	0	0.1	0.0	43.08	-98.17	0.3	100	1	1	1
103	1044	2000	8	19:50:00	MN	26	1	0	0	0.4	0.0	43.68	-95.18	2.0	200	1	1	1
104	1045	2000	8	20:10:00	MN	27	1	0	0	0.02	0.0	43.78	-95.0	1.0	100	1	1	1
105	1046	2000	8	20:22:00	MN	28	1	0	0	0.03	0.0	43.78	-95.0	1.0	100	1	1	1
106	1047	2000	8	20:25:00	MN	29	1	0	0	0.1	0.0	43.73	-95.12	1.0	200	1	1	1
107	1048	2000	8	20:25:00	MN	30	1	0	0	0.1	0.0	44.05	-95.2	1.0	100	1	1	1
108	462	2000	8	17:50:00	OH	17	1	0	0	0.3	0.0	38.77	-82.88	2.0	50	1	1	1
109	479	2000	8	18:26:00	OH	18	1	0	0	0.48	0.0	38.52	-82.32	2.7	80	2	0	1
110	479	2000	8	18:26:00	OH	18	1	0	0	0.28	0.0	38.52	-82.32	2.2	80	2	1	2
111	1050	2000	9	17:18:00	OH	19	4	100	1	15.0	0.0	39.65	-83.98	9.0	500	1	1	1
112	1057	2000	9	18:05:00	OH	20	2	1	0	0.42	0.0	41.25	-82.7	2.5	100	1	1	1
113	1049	2000	9	18:31:00	OH	22	2	2	0	2.0	0.0	40.13	-82.83	21.0	100	1	1	1
114	1058	2000	9	18:51:00	OH	23	1	0	0	0.15	0.0	40.4	-82.48	10.0	70	1	1	1
115	1053	2000	9	16:15:00	OH	26	1	0	0	0.15	0.0	39.72	-82.4	0.2	50	1	1	1
116	491	2001	10	10:35:00	MO	7	1	5	0	0.25	0.0	37.2	-93.3	0.5	100	1	1	1
117	492	2001	10	15:25:00	MO	12	1	1	0	0.1	0.0	38.3	-92.7	15.5	300	1	1	1
118	1112	2001	10	12:35:00	IL	3	2	0	0	2.2	0.0	40.03	-88.58	1.8	300	1	1	1
119	377	2001	10	12:55:00	IL	4	1	2	0	0.5	0.0	40.15	-88.3	1.0	100	1	1	1
120	474	2001	10	13:35:00	IL	6	1	0	0	0.0	0.0	38.02	-89.62	2.0	70	1	1	1
121	560	2001	10	14:15:00	IN	4	2	0	1	1.0	0.0	41.43	-86.9	35.0	1760	1	1	1
122	455	2001	10	14:50:00	MO	9	1	0	0	0.1	0.0	37.03	-89.4	2.5	50	1	1	1
123	497	2001	10	14:50:00	IN	6	3	2	1	8.85	0.0	41.62	-86.43	47.0	1320	2	0	1
124	497	2001	10	14:50:00	IN	6	3	2	1	3.0	0.0	41.62	-86.43	15.0	1320	2	1	2
125	1137	2001	10	15:05:00	IN	8	1	0	0	0.35	0.0	41.7	-86.12	5.4	50	1	1	1
126	1138	2001	10	15:05:00	IN	9	2	3	0	2.24	0.0	41.65	-86.13	4.6	1320	1	1	1
127	497	2001	10	15:10:00	MI	25	1	0	0	5.85	0.0	41.75	-86.25	32.0	440	2	1	2
128	559	2001	10	15:15:00	IN	12	1	14	0	2.91	0.0	41.18	-86.08	39.0	150	1	1	1
129	498	2001	10	15:40:00	MI	28	1	1	0	0.32	0.0	41.77	-85.67	4.0	400	1	1	1
130	482	2001	10	16:00:00	IN	18	2	0	0	2.17	0.0	41.45	-85.25	12.5	440	1	1	1
131	499	2001	10	16:10:00	MI	30	1	0	0	0.1	0.0	41.95	-85.35	5.0	400	1	1	1
132	439	2001	10	16:29:00	IN	21	1	0	0	0.01	0.0	38.83	-86.6	0.2	50	1	1	1
133	500	2001	10	17:00:00	MI	35	1	0	0	0.35	0.0	41.75	-84.55	2.0	60	1	1	1
134	1157	2001	10	17:35:00	OH	5	3	0	0	1.0	0.0	40.85	-84.32	32.0	440	1	1	1
135	1214	2001	10	18:09:00	MI	38	1	0	0	0.75	0.0	42.65	-83.78	14.0	100	1	1	1
136	1139	2001	10	18:42:00	MI	40	1	0	0	0.11	0.0	43.5	-83.75	7.0	100	1	1	1
137	1173	2001	10	16:12:00	NE	11	1	0	0	0.05	0.0	40.95	-98.07	4.0	200	1	1	1
138	1175	2001	10	16:17:00	NE	14	2	0	0	0.38	0.0	41.25	-98.0	5.0	350	1	1	1
139	1178	2001	10	16:35:00	NE	19	1	0	0	0.4	0.0	40.97	-98.0	12.0	400	1	1	1
140	1180	2001	10	16:50:00	NE	24	3	0	0	1.8	0.0	41.07	-97.87	18.0	1500	1	1	1
141	1195	2001	10	17:25:00	NE	29	1	0	0	0.1	0.0	41.28	-97.68	5.0	400	1	1	1
142	523	2001	11	20:28:00	MO	40	2	3	0	1.0	0.0	36.67	-93.98	4.0	440	1	1	1
143	524	2001	11	21:20:00	MO	41	1	0	0	0.75	0.0	37.05	-93.72	2.0	200	1	1	1
144	507	2001	11	19:08:00	IN	31	1	0	0	1.0	0.0	39.45	-85.78	16.0	100	1	1	1
145	24	2001	2	15:24:00	MO	11	1	0	0	0.15	0.0	37.1	-92.72	6.5	50	1	1	1
146	692	2001	4	16:20:00	MO	16	1	0	0	2.0	0.0	38.77	-93.82	8.0	75	1	1	1
147	693	2001	4	16:45:00	MO	20	1	0	0	0.05	0.0	38.78	-93.45	10.0	75	1	1	1
148	694	2001	4	17:11:00	MO	22	1	0	0	0.03	0.0	38.87	-92.92	5.0	50	1	1	1
149	113	2001	4	18:20:00	MO	32	1	2	1	0.07	0.0	38.85	-91.95	3.0	100	1	1	1
150	116	2001	4	19:45:00	MO	38	1	0	0	5.0	0.0	38.8	-90.73	1.0	100	1	1	1
151	117	2001	4	20:35:00	IL	20	1	1	0	5.0	0.0	38.72	-90.13	2.0	100	1	1	1
152	678	2001	4	20:42:00	KS	83	1	0	0	0.15	0.0	37.97	-101.18	5.1	150	1	1	1
153	679	2001	4	22:08:00	KS	91	2	0	0	0.75	0.0	38.93	-99.6	40.1	400	1	1	1
154	654	2001	4	22:35:00	KS	96	1	0	0	0.1	0.0	39.18	-99.57	14.0	300	1	1	1
155	657	2001	4	23:05:00	KS	99	1	0	0	0.15	0.0	39.3	-99.02	9.0	100	1	1	1
156	680	2001	4	23:10:00	KS	100	2	0	0	0.19	0.0	37.5	-100.18	17.3	380	1	1	1
157	658	2001	4	23:24:00	KS	102	1	0	0	0.07	0.0	39.62	-98.88	4.0	100	1	1	1
158	659	2001	4	23:25:00	KS	103	1	0	0	0.05	0.0	39.5	-98.7	2.0	75	1	1	1
159	660	2001	4	23:25:00	KS	104	1	0	0	0.16	0.0	39.47	-98.6	13.0	200	1	1	1
160	681	2001	4	23:39:00	KS	107	2	0	0	0.42	0.0	37.52	-99.77	10.0	200	1	1	1
161	682	2001	4	23:48:00	KS	108	1	0	0	0.17	0.0	37.63	-99.68	9.6	150	1	1	1
162	86	2001	4	00:14:00	KS	1	1	0	0	0.13	0.0	39.75	-98.0	17.5	75	1	1	1
163	87	2001	4	00:30:00	KS	3	1	0	0	0.02	0.0	39.75	-97.63	10.0	75	1	1	1
164	652	2001	4	00:39:00	NE	2	1	0	0	0.04	0.0	40.15	-98.22	12.0	300	1	1	1
165	653	2001	4	00:49:00	NE	3	1	1	0	0.03	0.0	40.15	-97.57	1.0	75	1	1	1
166	647	2001	4	01:05:00	KS	5	1	0	0	0.01	0.0	39.82	-97.1	4.0	100	1	1	1
167	80	2001	4	01:30:00	NE	4	1	0	0	0.15	0.0	40.13	-96.67	1.0	40	1	1	1
168	79	2001	4	01:40:00	NE	5	2	2	0	0.4	0.0	40.25	-96.5	2.0	50	1	1	1
169	695	2001	4	10:30:00	MO	5	3	0	0	1.95	0.0	40.38	-94.37	76.5	500	2	0	1
170	695	2001	4	10:30:00	MO	5	2	0	0	0.1	0.0	40.38	-94.37	16.0	100	2	1	2
171	695	2001	4	10:40:00	IA	4	3	0	0	1.85	0.0	40.57	-94.23	60.5	500	2	1	2
172	74	2001	4	11:45:00	IA	9	1	0	0	0.05	0.0	41.13	-95.75	2.0	40	1	1	1
173	72	2001	4	11:55:00	IA	10	1	0	0	0.11	0.0	41.27	-95.47	0.5	40	1	1	1
174	629	2001	4	13:25:00	IA	18	1	0	0	0.06	0.0	41.82	-94.53	2.0	75	1	1	1
175	627	2001	4	14:06:00	IA	23	1	0	0	0.15	0.0	42.07	-94.03	3.0	140	1	1	1
176	628	2001	4	14:10:00	IA	24	1	0	0	0.07	0.0	42.15	-94.03	4.0	40	1	1	1
177	632	2001	4	14:38:00	IA	29	1	0	0	0.07	0.0	42.43	-93.82	2.2	50	1	1	1
178	636	2001	4	14:40:00	IA	30	1	0	0	0.01	0.0	41.67	-93.25	17.5	45	1	1	1
179	633	2001	4	15:00:00	IA	32	2	3	2	0.4	0.0	40.97	-92.38	8.4	100	1	1	1
180	635	2001	4	16:07:00	IA	52	1	0	0	0.12	0.0	42.32	-92.28	10.0	50	1	1	1
181	67	2001	4	16:50:00	IA	77	1	1	0	0.04	0.0	42.97	-91.85	2.0	75	1	1	1
182	100	2001	4	17:25:00	KS	38	2	0	0	0.0	0.0	37.57	-98.63	7.5	800	1	1	1
183	85	2001	4	00:10:00	MO	1	1	1	0	2.0	0.0	37.02	-94.52	5.0	100	1	1	1
184	83	2001	4	00:17:00	MO	2	1	0	0	4.0	0.0	36.77	-94.42	8.0	400	1	1	1
185	84	2001	4	01:15:00	MO	3	1	0	0	1.0	0.0	36.62	-93.43	0.1	100	1	1	1
186	48	2001	4	23:46:00	IA	112	1	0	0	0.5	0.0	42.52	-93.53	0.6	50	1	1	1
187	686	2001	4	18:40:00	KS	58	2	0	0	0.2	0.0	38.38	-99.2	1.5	100	1	1	1
188	605	2001	4	20:15:00	KS	77	4	28	1	43.0	0.0	38.5	-98.78	5.0	660	1	1	1
189	70	2001	4	18:57:00	NE	51	1	1	0	0.6	0.0	41.5	-96.33	5.0	100	1	1	1
190	111	2001	4	07:26:00	IA	2	1	3	0	1.0	0.0	42.47	-91.88	5.0	220	1	1	1
191	675	2001	4	16:10:00	KS	24	2	2	0	0.1	0.0	37.1	-101.65	6.6	350	1	1	1
192	676	2001	4	16:38:00	KS	30	1	0	0	0.1	0.0	37.28	-101.4	7.0	150	1	1	1
193	677	2001	4	16:47:00	KS	31	2	0	0	0.24	0.0	37.42	-101.28	14.0	150	1	1	1
194	38	2001	4	22:20:00	NE	69	1	0	0	0.1	0.0	41.35	-99.52	1.0	100	1	1	1
195	37	2001	4	23:47:00	NE	70	1	0	0	0.01	0.0	42.2	-98.75	1.0	100	1	1	1
196	621	2001	4	21:49:00	IA	110	1	1	0	0.1	0.0	41.13	-94.73	1.0	50	1	1	1
197	91	2001	4	12:45:00	OH	1	2	0	0	0.2	0.0	41.03	-80.53	4.0	75	1	1	1
198	668	2001	5	16:04:00	IA	50	2	0	0	0.15	0.0	42.25	-92.92	1.7	200	1	1	1
199	669	2001	5	16:15:00	IA	56	2	0	0	0.07	0.0	42.28	-92.82	8.0	875	1	1	1
200	670	2001	5	16:20:00	IA	60	1	0	0	0.05	0.0	42.25	-92.92	1.0	100	1	1	1
201	672	2001	5	16:29:00	IA	63	1	0	0	0.01	0.0	41.88	-93.77	1.0	50	1	1	1
202	888	2001	5	12:20:00	MI	5	2	0	0	0.5	0.0	42.37	-85.45	1.0	150	1	1	1
203	747	2001	5	12:34:00	MI	6	2	3	0	3.01	0.0	42.63	-83.77	10.9	200	1	1	1
204	893	2001	5	12:55:00	MI	12	1	0	0	0.3	0.0	42.92	-84.67	4.5	50	1	1	1
205	894	2001	5	13:29:00	MI	14	1	0	0	0.2	0.0	43.02	-85.57	0.3	50	1	1	1
206	898	2001	5	14:20:00	MI	18	1	1	0	0.15	0.0	43.38	-84.75	3.0	40	1	1	1
207	900	2001	5	14:40:00	MI	21	1	1	0	0.15	0.0	43.52	-84.68	4.0	40	1	1	1
208	774	2001	5	15:25:00	OH	3	2	0	0	1.0	0.0	41.1	-82.02	7.5	80	1	1	1
209	148	2001	5	16:35:00	OH	4	1	0	0	0.4	0.0	39.02	-82.28	4.0	200	1	1	1
210	773	2001	5	17:43:00	OH	8	1	1	0	0.45	0.0	40.8	-81.38	0.5	100	1	1	1
211	706	2001	5	16:45:00	IN	26	2	3	0	6.5	0.0	41.07	-85.13	3.0	300	1	1	1
212	778	2001	5	17:57:00	KS	47	1	0	0	0.0	0.0	37.35	-101.63	1.2	50	1	1	1
213	744	2001	5	18:38:00	MO	34	1	0	0	0.0	0.0	38.75	-93.1	0.5	30	1	1	1
214	861	2001	5	18:02:00	MN	47	2	0	0	20.0	0.0	43.57	-93.28	7.0	440	1	1	1
215	862	2001	5	18:15:00	MN	50	2	0	0	2.0	0.0	43.65	-93.13	5.0	250	1	1	1
216	863	2001	5	18:29:00	MN	56	1	0	0	0.2	0.0	43.68	-93.07	6.0	250	1	1	1
217	133	2001	5	20:55:00	WI	15	1	0	0	0.01	0.0	45.87	-89.7	1.5	125	1	1	1
218	92	2001	5	20:04:00	KS	72	1	0	0	0.0	0.0	39.83	-97.72	0.2	50	1	1	1
219	871	2001	5	19:00:00	MN	65	2	1	0	20.0	0.0	44.47	-93.17	12.0	50	1	1	1
220	962	2001	6	13:48:00	MN	8	1	0	0	0.0	0.0	45.28	-95.68	0.1	20	1	1	1
221	966	2001	6	14:06:00	MN	12	2	7	0	10.0	0.0	45.32	-95.62	8.0	150	1	1	1
222	972	2001	6	14:27:00	MN	13	1	0	0	0.0	0.0	45.33	-95.32	7.0	50	1	1	1
223	971	2001	6	14:39:00	MN	16	1	0	0	0.0	0.0	45.27	-94.12	2.0	50	1	1	1
224	970	2001	6	14:47:00	MN	17	1	2	0	0.0	0.0	45.23	-95.05	1.0	50	1	1	1
225	974	2001	6	15:25:00	MN	21	1	0	0	0.0	0.0	45.13	-94.55	0.5	50	1	1	1
226	975	2001	6	17:00:00	MN	32	1	0	0	0.05	0.0	44.58	-93.38	0.5	50	1	1	1
227	1017	2001	6	20:13:00	WI	12	1	0	0	0.7	0.0	43.62	-88.9	8.0	75	1	1	1
228	1016	2001	6	20:45:00	WI	13	1	0	0	0.42	0.0	43.35	-88.47	6.3	75	1	1	1
229	909	2001	6	17:53:00	MN	40	3	3	0	5.01	0.0	46.17	-95.33	12.0	100	1	1	1
230	932	2001	6	18:18:00	MN	53	1	0	0	0.05	0.0	44.18	-96.35	0.5	100	1	1	1
231	255	2001	6	18:45:00	NE	48	4	2	0	1.0	0.0	40.85	-97.08	8.0	400	1	1	1
232	979	2001	6	19:00:00	MN	66	2	0	0	0.2	0.0	45.98	-94.53	4.0	50	1	1	1
233	275	2001	6	19:10:00	MN	70	2	0	0	0.0	0.0	46.35	-94.2	5.0	880	1	1	1
234	228	2001	6	19:46:00	MN	75	1	0	0	0.002	0.0	44.25	-96.47	2.0	100	1	1	1
235	885	2001	6	19:46:00	KS	65	1	0	0	0.12	0.0	39.93	-97.5	8.0	300	1	1	1
236	1064	2001	6	20:05:00	NE	61	1	0	0	0.5	0.0	40.02	-97.42	3.0	150	1	1	1
237	224	2001	6	20:20:00	IA	100	1	0	0	0.2	0.0	42.93	-95.55	7.0	200	1	1	1
238	163	2001	6	15:45:00	IA	42	1	0	0	0.04	0.0	41.33	-92.62	0.1	100	1	1	1
239	1000	2001	6	17:01:00	IA	82	2	3	0	0.0	0.0	41.47	-90.8	6.5	200	1	1	1
240	274	2001	6	17:11:00	IA	85	1	0	0	0.0	0.0	41.53	-90.52	3.0	500	1	1	1
241	981	2001	6	18:22:00	MN	54	1	0	0	0.2	0.0	45.72	-93.35	8.3	0	1	1	1
242	350	2001	6	19:06:00	WI	8	3	16	2	10.0	0.0	45.78	-92.65	34.0	880	1	1	1
243	784	2001	6	15:12:00	IA	33	1	0	0	0.03	0.0	42.65	-92.47	8.5	100	1	1	1
244	993	2001	6	15:55:00	IA	45	1	0	0	0.12	0.0	42.5	-91.77	1.0	150	1	1	1
245	242	2001	6	13:02:00	SD	2	1	0	0	0.01	0.0	43.43	-99.97	0.5	50	1	1	1
246	1010	2001	6	16:35:00	MI	33	1	0	0	0.09	0.0	44.07	-84.48	3.0	30	1	1	1
247	158	2001	6	18:10:00	ND	36	1	1	0	0.0	0.0	46.58	-100.42	10.0	60	1	1	1
248	320	2001	7	20:40:00	NE	65	1	0	0	0.07	0.0	41.83	-97.78	0.5	30	1	1	1
249	293	2001	7	16:15:00	ND	16	2	0	0	1.5	0.0	47.13	-99.67	30.0	880	1	1	1
250	324	2001	7	19:10:00	ND	41	1	0	0	0.1	0.0	46.35	-96.88	2.0	25	1	1	1
251	1050	2001	7	17:05:00	ND	23	3	0	0	0.2	0.0	47.68	-98.45	5.0	150	1	1	1
252	348	2001	7	17:58:00	NE	34	1	0	0	0.05	0.0	40.05	-97.47	2.0	40	1	1	1
253	1071	2001	7	19:40:00	SD	20	2	0	0	0.0	0.0	45.25	-99.67	1.0	100	1	1	1
254	304	2001	7	19:53:00	ND	43	1	0	0	0.0	0.0	46.55	-98.87	3.0	50	1	1	1
255	1059	2001	7	20:05:00	MN	76	1	0	0	0.0	0.0	48.47	-95.72	1.0	50	1	1	1
256	296	2001	7	16:38:00	ND	19	1	0	0	0.0	0.0	48.57	-102.3	10.0	100	1	1	1
257	300	2001	7	18:45:00	ND	38	2	0	0	0.0	0.0	46.77	-103.88	5.0	60	1	1	1
258	332	2001	7	18:05:00	SD	9	1	0	0	0.4	0.0	43.35	-96.9	1.0	85	1	1	1
259	402	2001	8	16:29:00	IA	65	1	0	0	0.1	0.0	43.08	-96.28	3.0	100	1	1	1
260	408	2001	8	16:35:00	IA	71	1	0	0	0.05	0.0	43.05	-96.18	1.0	100	1	1	1
261	405	2001	8	16:45:00	NE	22	2	3	0	3.0	0.0	42.45	-96.57	1.5	400	1	1	1
262	330	2001	8	19:18:00	IA	95	1	0	0	0.2	0.0	41.92	-95.4	6.3	50	1	1	1
263	393	2001	8	16:31:00	IN	22	1	2	0	0.1	0.0	41.48	-87.33	4.5	150	1	1	1
264	1101	2001	8	16:40:00	WI	1	1	0	0	0.04	0.0	42.67	-88.0	4.5	50	1	1	1
265	1093	2001	8	17:15:00	ND	26	2	0	0	0.05	0.0	48.0	-99.58	7.0	250	1	1	1
266	1094	2001	8	17:18:00	ND	27	2	0	0	0.3	0.0	47.98	-99.55	2.0	250	1	1	1
267	1091	2001	8	21:05:00	MN	78	1	0	0	0.07	0.0	47.77	-95.63	0.5	50	1	1	1
268	1099	2001	9	17:09:00	IA	84	1	0	0	0.01	0.0	40.83	-92.73	0.5	50	1	1	1
269	1155	2001	9	18:42:00	NE	46	3	0	0	1.25	0.0	40.43	-97.97	10.0	1250	1	1	1
270	1096	2001	9	14:34:00	IA	26	1	1	0	0.5	0.0	41.55	-93.75	2.8	50	1	1	1
271	1098	2001	9	16:39:00	IA	73	2	0	0	0.18	0.0	42.68	-92.58	11.5	100	1	1	1
272	370	2001	9	17:21:00	IA	86	1	0	0	0.03	0.0	42.68	-91.77	6.0	100	1	1	1
273	1129	2001	9	17:30:00	IA	87	2	0	0	0.3	0.0	42.62	-91.73	1.0	50	1	1	1
274	387	2001	9	15:48:00	KS	22	1	0	0	0.25	0.0	38.68	-97.67	10.0	220	1	1	1
275	1110	2001	9	16:26:00	KS	27	1	0	0	0.18	0.0	39.07	-97.02	12.0	200	1	1	1
276	425	2001	9	16:59:00	KS	34	1	0	0	0.01	0.0	38.92	-97.22	0.1	75	1	1	1
277	429	2001	9	18:03:00	NE	36	1	0	0	0.06	0.0	40.03	-96.82	3.0	40	1	1	1
278	1111	2001	9	16:34:00	MI	32	1	1	0	15.0	0.0	42.63	-84.73	8.5	300	1	1	1
279	911	2002	11	13:30:00	IN	16	1	3	0	0.25	0.0	40.4	-85.43	5.0	100	1	1	1
280	913	2002	11	13:59:00	IN	18	3	0	0	0.12	0.0	40.67	-84.92	5.0	200	1	1	1
281	914	2002	11	14:15:00	OH	10	4	17	4	30.0	0.0	40.78	-84.77	52.8	880	1	1	1
282	892	2002	11	15:38:00	OH	7	3	2	0	0.53	0.0	40.35	-83.55	9.0	300	1	1	1
283	893	2002	11	15:51:00	OH	8	1	0	0	0.05	0.0	40.43	-83.4	0.5	200	1	1	1
284	923	2002	11	15:54:00	OH	18	1	0	0	0.85	0.0	41.25	-83.62	4.5	50	1	1	1
285	929	2002	11	15:57:00	OH	24	2	0	0	12.1	0.0	41.12	-83.5	9.0	50	1	1	1
286	931	2002	11	16:15:00	OH	25	3	2	1	12.8	0.0	41.1	-83.17	21.0	100	1	1	1
287	922	2002	11	16:19:00	OH	17	1	0	0	0.33	0.0	41.57	-83.43	0.5	25	1	1	1
288	928	2002	11	16:20:00	OH	23	1	0	0	1.3	0.0	41.35	-83.12	3.5	50	1	1	1
289	921	2002	11	16:30:00	OH	16	2	4	0	13.5	0.0	41.52	-82.95	10.0	50	1	1	1
290	932	2002	11	16:42:00	OH	26	1	0	0	1.3	0.0	41.22	-82.77	12.5	50	1	1	1
291	916	2002	11	16:45:00	OH	12	1	0	0	0.2	0.0	40.75	-82.63	1.0	25	1	1	1
292	918	2002	11	16:48:00	OH	14	2	0	0	2.35	0.0	40.95	-82.22	9.5	50	1	1	1
293	917	2002	11	17:20:00	OH	13	2	0	0	0.001	0.0	40.97	-82.1	5.0	100	1	1	1
294	925	2002	11	17:27:00	OH	20	1	0	0	0.85	0.0	40.78	-81.55	3.3	25	1	1	1
295	926	2002	11	18:00:00	OH	21	2	0	0	17.0	0.0	41.32	-81.5	10.1	100	1	1	1
296	894	2002	11	19:15:00	OH	9	1	0	0	0.1	0.0	38.8	-83.6	1.3	50	1	1	1
297	425	2002	12	23:05:00	MO	21	2	17	2	0.5	0.0	37.08	-93.78	4.0	100	1	1	1
298	424	2002	12	01:48:00	MO	25	1	0	0	0.05	0.0	37.33	-94.33	1.5	100	1	1	1
299	421	2002	12	01:53:00	MO	23	1	7	1	0.14	0.0	37.35	-94.32	9.5	100	1	1	1
300	422	2002	12	02:38:00	MO	24	1	0	0	0.002	0.0	37.75	-93.67	1.0	100	1	1	1
301	427	2002	12	02:45:00	MO	26	1	2	0	0.54	0.0	37.77	-93.63	11.0	100	1	1	1
302	504	2002	4	17:50:00	IA	8	1	0	0	0.01	0.0	41.73	-93.5	8.5	60	1	1	1
303	590	2002	4	18:13:00	WI	5	1	0	0	1.4	0.0	44.93	-90.02	14.0	100	1	1	1
304	35	2002	4	18:27:00	IL	2	1	0	0	0.0	0.0	39.97	-90.28	2.0	40	1	1	1
305	56	2002	4	15:20:00	MO	1	1	0	0	0.07	0.0	36.92	-89.33	1.8	100	1	1	1
306	572	2002	4	14:49:00	IL	3	3	42	1	4.0	0.0	38.35	-88.73	31.5	500	1	1	1
307	31	2002	4	14:55:00	MO	2	1	0	0	0.0	0.0	37.75	-90.78	1.0	75	1	1	1
308	573	2002	4	15:13:00	MO	8	4	16	0	45.0	0.0	37.0	-91.02	40.5	650	1	1	1
309	32	2002	4	15:45:00	MO	3	2	3	0	0.0	0.0	37.42	-90.3	9.0	800	1	1	1
310	57	2002	4	16:21:00	MO	4	1	0	0	0.002	0.0	36.83	-90.32	1.0	40	1	1	1
311	76	2002	4	14:06:00	NE	1	1	0	0	0.0	0.0	40.6	-97.03	4.5	40	1	1	1
312	30	2002	4	21:35:00	IL	5	1	0	0	0.0	0.0	38.53	-89.93	1.7	100	1	1	1
313	71	2002	4	21:40:00	MO	10	2	0	0	1.5	0.0	37.02	-91.98	1.5	100	1	1	1
314	36	2002	4	23:05:00	IL	6	1	5	0	0.0	0.0	38.65	-88.52	5.0	200	1	1	1
315	62	2002	4	23:40:00	MO	9	3	16	1	4.0	0.0	37.22	-90.07	4.0	200	1	1	1
316	63	2002	4	00:07:00	IL	7	2	3	0	3.5	0.0	37.83	-88.63	7.5	200	1	1	1
317	574	2002	4	00:18:00	IL	10	3	10	1	8.0	0.0	37.37	-89.33	19.3	400	1	1	1
318	64	2002	4	00:46:00	IL	8	2	2	0	0.1	0.0	37.37	-88.9	7.0	400	1	1	1
319	66	2002	4	00:59:00	IL	9	3	1	0	0.44	0.0	37.35	-88.72	22.0	200	1	1	1
320	592	2002	4	02:05:00	IN	2	2	19	1	1.55	0.0	37.85	-86.63	32.3	150	2	0	1
321	592	2002	4	02:05:00	IN	3	2	12	0	0.8	0.0	37.85	-86.63	2.1	150	2	1	2
322	43	2002	4	11:58:00	OH	2	2	2	0	45.5	0.0	40.85	-81.52	7.2	440	1	1	1
323	87	2002	5	17:18:00	MO	14	1	0	0	0.0	0.0	37.87	-90.63	7.0	100	1	1	1
324	89	2002	5	12:38:00	IL	12	1	0	0	0.0	0.0	38.88	-89.37	6.0	40	1	1	1
325	90	2002	5	12:38:00	IL	13	1	0	0	0.0	0.0	38.88	-89.37	6.5	40	1	1	1
326	91	2002	5	12:38:00	IL	14	1	1	0	0.0	0.0	38.88	-89.38	7.5	40	1	1	1
327	93	2002	5	12:41:00	IL	16	1	0	0	0.0	0.0	38.87	-89.35	5.0	40	1	1	1
328	94	2002	5	12:42:00	IL	17	1	0	0	0.0	0.0	38.88	-89.32	2.5	40	1	1	1
329	95	2002	5	13:10:00	IL	18	1	0	0	0.0	0.0	38.77	-88.97	7.0	40	1	1	1
330	96	2002	5	13:11:00	IL	19	1	0	0	0.0	0.0	38.73	-88.95	6.5	40	1	1	1
331	97	2002	5	13:15:00	IL	20	1	0	0	0.0	0.0	38.77	-88.88	2.5	40	1	1	1
332	730	2002	5	15:30:00	IL	23	1	0	0	0.0	0.0	39.17	-88.45	1.0	100	1	1	1
333	682	2002	5	15:32:00	KS	14	2	0	0	0.0	0.0	39.05	-99.63	15.0	880	1	1	1
334	547	2002	5	16:08:00	KS	7	1	0	0	0.17	0.0	39.1	-98.88	3.0	250	1	1	1
335	683	2002	5	16:53:00	KS	19	2	0	0	0.15	0.0	37.72	-99.67	1.9	300	1	1	1
336	684	2002	5	16:58:00	KS	20	3	0	0	0.0	0.0	37.72	-99.57	4.0	900	1	1	1
337	690	2002	5	17:10:00	KS	25	1	0	0	0.0	0.0	37.73	-99.55	2.0	225	1	1	1
338	686	2002	5	17:40:00	KS	21	1	0	0	0.0	0.0	37.7	-99.57	1.7	75	1	1	1
339	687	2002	5	17:47:00	KS	22	3	0	0	0.0	0.0	37.7	-99.55	8.5	1800	1	1	1
340	691	2002	5	17:50:00	KS	26	1	0	0	0.0	0.0	37.73	-99.47	5.5	200	1	1	1
341	694	2002	5	17:51:00	KS	27	3	1	0	0.8	0.0	37.68	-99.48	10.0	600	1	1	1
342	695	2002	5	18:25:00	KS	28	2	0	0	0.5	0.0	37.65	-99.25	19.6	900	1	1	1
343	697	2002	5	19:14:00	KS	30	1	0	0	0.0	0.0	37.65	-98.97	7.7	150	1	1	1
344	698	2002	5	19:34:00	KS	31	2	0	0	20.0	0.0	37.7	-98.8	22.0	1800	1	1	1
345	99	2002	5	16:07:00	OH	3	2	3	0	3.5	0.0	38.87	-82.35	3.0	80	1	1	1
346	602	2002	5	17:26:00	KS	44	1	0	0	0.01	0.0	39.22	-95.35	0.2	100	1	1	1
347	603	2002	5	17:30:00	KS	45	1	0	0	0.05	0.0	39.22	-95.32	0.2	100	1	1	1
348	102	2002	5	17:36:00	KS	36	1	0	0	0.03	0.0	39.32	-95.2	0.2	100	1	1	1
349	666	2002	5	17:48:00	KS	48	1	0	0	0.01	0.0	39.25	-94.9	0.5	40	1	1	1
350	85	2002	5	01:11:00	IL	26	1	0	2	0.0	0.0	38.53	-89.13	0.5	100	1	1	1
351	167	2002	6	15:45:00	MN	8	2	0	0	0.03	0.0	46.53	-96.28	0.2	25	1	1	1
352	765	2002	6	17:15:00	KS	80	1	0	0	0.01	0.0	39.82	-100.62	2.0	100	1	1	1
353	768	2002	6	17:45:00	KS	83	1	0	0	0.01	0.0	39.85	-100.97	0.2	25	1	1	1
354	769	2002	6	18:07:00	KS	84	1	0	0	0.003	0.0	39.52	-101.2	3.0	100	1	1	1
355	673	2002	6	12:18:00	IA	24	1	0	0	0.0	0.0	42.95	-93.13	12.0	40	1	1	1
356	758	2002	6	18:34:00	SD	2	1	0	0	0.0	0.0	45.8	-98.83	5.0	500	1	1	1
357	761	2002	6	18:53:00	SD	4	3	0	0	0.0	0.0	45.73	-98.62	10.0	900	1	1	1
358	762	2002	6	19:24:00	SD	5	4	0	0	0.0	0.0	45.68	-98.43	9.0	900	1	1	1
359	149	2002	6	19:34:00	ND	3	1	0	0	0.0	0.0	48.02	-101.02	2.0	50	1	1	1
360	744	2002	6	21:30:00	MN	13	1	1	0	0.25	0.0	47.0	-94.62	0.2	35	1	1	1
361	153	2002	6	22:15:00	MN	11	1	0	0	0.05	0.0	45.0	-93.87	0.3	50	1	1	1
362	154	2002	6	18:30:00	MN	14	1	0	0	0.0	0.0	45.5	-93.17	1.0	100	1	1	1
363	734	2002	6	19:10:00	MN	15	1	0	0	0.06	0.0	44.82	-95.9	5.5	100	1	1	1
364	180	2002	6	21:15:00	WI	10	1	2	0	0.1	0.0	44.95	-90.32	0.3	70	1	1	1
365	166	2002	6	03:00:00	MN	7	1	0	0	0.02	0.0	47.3	-96.38	0.2	25	1	1	1
366	220	2002	7	12:01:00	MN	19	1	0	0	0.0	0.0	44.18	-93.27	1.0	50	1	1	1
367	778	2002	7	17:45:00	MN	20	1	0	0	0.02	0.0	47.57	-95.98	3.0	50	1	1	1
368	779	2002	7	17:58:00	MN	21	1	0	0	0.0	0.0	47.48	-95.93	3.0	50	1	1	1
369	203	2002	7	19:48:00	IA	29	1	0	0	0.0	0.0	40.68	-94.97	1.5	400	1	1	1
370	184	2002	7	20:29:00	IA	28	1	0	0	0.01	0.0	40.68	-94.83	7.0	60	1	1	1
371	795	2002	7	20:25:00	MI	2	1	0	0	0.25	0.0	42.33	-85.35	6.0	2400	1	1	1
372	234	2002	8	15:00:00	ND	14	4	0	0	0.65	0.0	46.95	-99.3	1.0	300	1	1	1
373	834	2002	8	21:44:00	KS	89	1	0	0	0.0	0.0	37.8	-100.02	6.5	50	1	1	1
374	833	2002	8	22:00:00	KS	88	1	0	0	0.0	0.0	38.0	-99.9	0.2	50	1	1	1
375	256	2002	8	21:35:00	MO	18	1	0	0	0.05	0.0	36.85	-92.58	8.0	200	1	1	1
376	253	2002	8	12:52:00	IN	6	1	0	0	0.1	0.0	38.8	-85.65	4.0	125	1	1	1
377	811	2002	8	17:15:00	IA	30	1	0	0	0.0	0.0	41.47	-91.05	1.6	100	1	1	1
378	232	2002	8	16:15:00	IN	7	1	0	0	0.2	0.0	39.65	-86.87	0.1	50	1	1	1
379	830	2002	8	11:58:00	MI	6	1	0	0	0.0	0.0	45.18	-84.97	1.0	110	1	1	1
380	280	2002	8	18:15:00	MI	4	1	1	0	0.5	0.0	44.1	-85.45	6.5	850	1	1	1
381	271	2002	8	18:55:00	ND	13	1	0	0	0.0	0.0	47.5	-97.25	8.0	25	1	1	1
382	268	2002	8	16:45:00	SD	12	2	0	0	1.0	0.0	43.12	-99.2	2.0	200	1	1	1
383	274	2002	9	17:57:00	MN	34	1	0	0	0.001	0.0	46.75	-96.42	1.0	25	1	1	1
384	289	2002	9	09:50:00	IN	8	2	1	0	0.5	0.0	38.1	-87.83	4.7	150	1	1	1
385	849	2002	9	10:35:00	IN	13	2	2	0	1.03	0.0	38.5	-87.42	13.5	150	1	1	1
386	850	2002	9	11:59:00	IN	14	3	127	0	103.03	0.0	39.23	-86.62	112.0	150	1	1	1
387	292	2002	9	13:47:00	IN	11	2	0	0	2.0	0.0	40.03	-85.52	6.0	100	1	1	1
388	839	2002	9	14:41:00	OH	6	1	0	0	0.05	0.0	40.83	-84.23	0.1	25	1	1	1
389	853	2002	9	18:10:00	WI	25	1	0	0	7.05	0.0	45.82	-88.08	5.2	400	2	0	1
390	853	2002	9	18:10:00	WI	26	1	0	0	0.05	0.0	45.82	-88.08	0.7	400	2	1	2
391	853	2002	9	18:11:00	MI	12	1	0	0	7.0	0.0	45.78	-88.08	4.5	200	2	1	2
392	854	2002	9	18:30:00	WI	27	2	0	0	0.07	0.0	45.47	-89.9	3.0	250	1	1	1
393	302	2002	9	15:22:00	WI	18	3	27	0	25.0	0.0	45.47	-91.13	16.0	440	1	1	1
394	273	2002	9	16:10:00	WI	17	2	0	0	3.9	0.0	45.18	-90.82	17.0	75	1	1	1
395	852	2002	9	17:35:00	WI	20	1	1	0	1.3	0.0	45.03	-89.72	5.0	200	1	1	1
396	856	2002	9	20:30:00	WI	22	1	0	0	0.75	0.0	43.72	-88.37	0.3	75	1	1	1
397	303	2002	9	23:11:00	MN	33	1	0	0	1.4	0.0	45.23	-93.67	1.1	75	1	1	1
398	675	2003	11	16:05:00	MI	13	1	0	0	0.1	0.0	43.57	-83.55	1.5	100	1	1	1
399	48	2003	11	18:00:00	OH	11	2	3	0	21.0	0.0	40.8	-81.93	12.0	125	1	1	1
400	17	2003	11	18:50:00	OH	12	1	0	0	0.25	0.0	40.97	-81.12	3.5	50	1	1	1
401	671	2003	11	19:00:00	OH	13	2	1	0	0.16	0.0	40.45	-81.52	3.5	175	1	1	1
402	29	2003	3	20:54:00	KS	1	1	0	0	0.03	0.0	37.37	-95.45	3.0	55	1	1	1
403	32	2003	4	13:13:00	KS	6	1	0	0	0.1	0.0	38.6	-95.1	0.3	80	1	1	1
404	837	2003	4	17:42:00	IL	10	1	0	0	0.5	0.0	41.15	-90.75	0.0	75	1	1	1
405	839	2003	4	18:08:00	IL	12	1	0	0	0.5	0.0	41.18	-90.58	0.1	50	1	1	1
406	841	2003	4	18:12:00	IL	14	1	0	0	0.3	0.0	41.2	-90.57	0.5	75	1	1	1
407	760	2003	4	15:08:00	IL	2	1	0	0	0.05	0.0	40.15	-89.48	1.0	30	1	1	1
408	60	2003	4	16:08:00	IL	7	1	0	0	0.0	0.0	38.5	-89.47	4.0	100	1	1	1
409	877	2003	5	10:00:00	IL	40	1	0	0	0.01	0.0	39.05	-88.27	1.5	100	1	1	1
410	1056	2003	5	15:56:00	MO	78	1	0	0	0.02	0.0	40.43	-93.3	7.0	100	1	1	1
411	825	2003	5	16:26:00	IA	4	1	0	0	0.32	0.0	41.18	-93.12	18.5	50	1	1	1
412	275	2003	5	16:33:00	MO	80	2	0	0	0.5	0.0	40.22	-92.2	22.1	200	1	1	1
413	207	2003	5	17:08:00	MO	83	2	6	0	5.0	0.0	39.93	-91.83	20.0	200	1	1	1
414	277	2003	5	17:28:00	IA	6	2	0	0	1.0	0.0	40.53	-91.58	11.5	200	1	1	1
415	208	2003	5	17:36:00	IL	41	2	4	0	1.1	0.0	40.13	-91.5	69.2	300	1	1	1
416	213	2003	5	17:37:00	MO	87	3	0	0	0.0	0.0	39.67	-91.73	12.0	200	1	1	1
417	209	2003	5	18:20:00	IL	42	2	0	0	0.0	0.0	39.9	-91.08	30.8	300	1	1	1
418	284	2003	5	18:44:00	IA	10	1	0	0	2.0	0.0	40.98	-91.62	27.9	200	1	1	1
419	878	2003	5	19:14:00	IL	43	2	0	0	0.0	0.0	40.12	-90.67	6.0	150	1	1	1
420	917	2003	5	19:15:00	WI	1	1	1	0	0.2	0.0	42.68	-90.4	7.8	200	1	1	1
421	879	2003	5	19:32:00	IL	45	1	0	0	0.0	0.0	40.33	-90.35	3.0	400	1	1	1
422	916	2003	5	19:39:00	WI	2	1	0	0	0.3	0.0	42.85	-90.1	8.6	200	1	1	1
423	880	2003	5	19:47:00	IL	47	1	0	0	0.0	0.0	40.23	-90.35	2.7	100	1	1	1
424	881	2003	5	20:12:00	IL	50	1	0	0	0.0	0.0	40.33	-90.05	8.0	150	1	1	1
425	882	2003	5	20:33:00	IL	51	2	1	0	0.0	0.0	40.4	-89.8	2.5	100	1	1	1
426	883	2003	5	20:38:00	IL	52	1	0	0	0.0	0.0	40.42	-89.75	2.0	100	1	1	1
427	884	2003	5	20:45:00	IL	53	3	32	0	10.0	0.0	40.47	-89.68	17.5	440	1	1	1
428	885	2003	5	21:16:00	IL	55	1	0	0	0.0	0.0	40.67	-89.45	1.5	100	1	1	1
429	886	2003	5	21:18:00	IL	56	2	4	0	0.0	0.0	40.67	-89.37	12.5	300	1	1	1
430	887	2003	5	21:25:00	IL	57	1	0	0	0.0	0.0	40.72	-89.22	8.0	200	1	1	1
431	149	2003	5	19:45:00	IN	6	1	0	0	0.05	0.0	39.97	-86.62	3.0	50	1	1	1
432	1087	2003	5	18:29:00	KS	51	2	0	0	6.0	0.0	37.03	-100.95	2.5	100	1	1	1
433	1088	2003	5	18:40:00	KS	52	2	0	0	0.15	0.0	37.25	-100.93	4.9	100	1	1	1
434	1089	2003	5	20:10:00	KS	53	1	0	0	0.3	0.0	37.13	-100.6	2.0	100	1	1	1
435	1091	2003	5	20:30:00	KS	54	2	0	0	8.0	0.0	37.03	-100.93	2.5	100	1	1	1
436	1090	2003	5	20:45:00	KS	55	1	0	0	0.05	0.0	37.22	-100.25	1.0	50	1	1	1
437	1094	2003	5	22:58:00	KS	58	1	0	0	0.0	0.0	37.62	-99.77	2.0	50	1	1	1
438	897	2003	5	13:40:00	IL	66	1	0	0	0.0	0.0	40.77	-89.48	3.5	100	1	1	1
439	919	2003	5	16:52:00	WI	4	1	0	0	0.0	0.0	42.55	-89.5	10.1	100	1	1	1
440	904	2003	5	18:53:00	IL	83	2	0	0	0.0	0.0	40.85	-89.3	7.3	150	1	1	1
441	905	2003	5	18:56:00	IL	84	1	0	0	0.0	0.0	40.37	-89.85	14.0	100	1	1	1
442	984	2003	5	19:20:00	IL	85	1	0	0	0.0	0.0	41.53	-88.1	1.7	100	1	1	1
443	985	2003	5	19:25:00	IL	87	1	0	0	0.06	0.0	41.53	-88.1	5.7	100	1	1	1
444	908	2003	5	19:38:00	IL	92	2	0	0	2.5	0.0	40.2	-89.33	14.0	880	1	1	1
445	909	2003	5	19:51:00	IL	93	2	4	0	9.3	0.0	40.15	-89.08	12.8	1100	1	1	1
446	379	2003	5	17:00:00	NE	12	1	0	0	0.1	0.0	41.85	-103.02	4.0	100	1	1	1
447	380	2003	5	17:34:00	NE	13	1	0	0	0.1	0.0	41.78	-103.42	8.0	100	1	1	1
448	176	2003	5	14:35:00	NE	18	1	0	0	0.02	0.0	41.1	-96.47	1.3	250	1	1	1
449	1032	2003	5	14:54:00	KS	15	1	0	0	1.95	0.0	39.2	-94.98	3.0	50	2	0	1
450	1032	2003	5	14:54:00	KS	15	1	0	0	0.0	0.0	39.2	-94.98	1.0	50	2	1	2
451	1031	2003	5	14:55:00	KS	16	2	2	0	4.0	0.0	39.02	-95.07	6.0	250	1	1	1
452	1032	2003	5	14:56:00	MO	7	1	0	0	1.95	0.0	39.32	-94.93	2.0	50	2	1	2
453	1034	2003	5	15:18:00	KS	18	4	30	2	47.55	0.0	39.07	-94.83	21.0	500	2	0	1
454	1034	2003	5	15:18:00	KS	18	4	30	2	15.5	0.0	39.07	-94.83	15.0	500	2	1	2
455	221	2003	5	15:35:00	KS	20	4	30	4	20.2	0.0	37.42	-95.1	33.0	880	2	0	1
456	221	2003	5	15:35:00	KS	20	4	20	3	7.2	0.0	37.42	-95.1	27.0	880	2	1	2
457	1034	2003	5	15:35:00	MO	8	4	0	0	32.05	0.0	39.2	-94.7	6.0	500	2	1	2
458	1038	2003	5	15:45:00	MO	9	4	13	0	31.0	0.0	39.23	-94.48	5.0	200	1	1	1
459	1039	2003	5	15:59:00	MO	10	2	0	0	60.0	0.0	39.25	-94.43	8.5	300	1	1	1
460	1033	2003	5	16:06:00	KS	22	1	0	0	0.0	0.0	38.45	-94.73	9.0	150	2	0	1
461	1033	2003	5	16:06:00	KS	22	1	0	0	0.0	0.0	38.45	-94.73	7.0	150	2	1	2
462	221	2003	5	16:15:00	MO	11	4	10	1	13.0	0.0	37.57	-94.62	6.0	880	2	1	2
463	1033	2003	5	16:23:00	MO	12	1	0	0	0.0	0.0	38.48	-94.6	2.0	75	2	1	2
464	752	2003	5	16:25:00	KS	23	1	1	0	2.5	0.0	36.98	-95.3	12.0	220	1	1	1
465	225	2003	5	16:31:00	MO	13	3	47	5	52.5	0.0	37.57	-94.52	86.0	880	1	1	1
466	220	2003	5	16:45:00	KS	25	3	34	5	23.9	0.0	37.08	-94.95	25.0	880	2	0	1
467	220	2003	5	16:45:00	KS	25	3	19	3	2.7	0.0	37.08	-94.95	20.0	880	2	1	2
468	1036	2003	5	17:04:00	MO	14	2	0	0	0.2	0.0	38.58	-94.22	22.0	100	1	1	1
469	220	2003	5	17:15:00	MO	16	3	15	2	21.2	0.0	37.17	-94.62	5.0	880	2	1	2
470	243	2003	5	17:50:00	MO	18	3	48	7	47.8	0.0	36.92	-94.2	49.0	880	1	1	1
471	228	2003	5	17:55:00	MO	19	1	0	0	0.01	0.0	37.33	-94.03	0.2	25	1	1	1
472	1040	2003	5	17:58:00	MO	20	1	0	0	0.03	0.0	38.72	-93.75	10.0	75	1	1	1
473	222	2003	5	18:36:00	MO	23	3	27	4	5.0	0.0	37.9	-92.83	14.0	400	1	1	1
474	114	2003	5	19:53:00	MO	29	2	0	0	0.07	0.0	37.05	-89.62	11.5	130	1	1	1
475	115	2003	5	20:47:00	IL	17	1	0	0	0.0	0.0	37.2	-88.87	1.4	100	2	1	2
476	800	2003	5	21:09:00	IL	18	1	0	0	0.0	0.0	37.28	-88.53	2.2	50	2	0	1
477	800	2003	5	21:09:00	IL	18	1	0	0	0.0	0.0	37.28	-88.53	1.2	50	2	1	2
478	796	2003	5	21:10:00	IL	19	1	0	0	0.01	0.0	37.23	-88.47	9.8	60	2	0	1
479	796	2003	5	21:10:00	IL	19	1	0	0	0.01	0.0	37.23	-88.47	0.2	40	2	1	2
480	153	2003	5	18:00:00	MI	1	1	0	0	0.09	0.0	42.85	-83.15	1.0	100	1	1	1
481	251	2003	5	16:55:00	MO	50	1	0	0	0.5	0.0	37.9	-92.2	1.0	100	1	1	1
482	216	2003	5	17:32:00	MO	52	1	0	0	0.0	0.0	38.35	-91.02	1.0	80	1	1	1
483	224	2003	5	17:55:00	MO	55	1	0	0	0.01	0.0	37.92	-92.6	0.2	25	1	1	1
484	804	2003	5	19:04:00	MO	60	2	0	0	0.04	0.0	37.27	-90.12	0.8	100	1	1	1
485	217	2003	5	19:10:00	IL	20	1	0	0	0.0	0.0	38.17	-90.12	4.0	60	1	1	1
486	218	2003	5	19:30:00	IL	21	1	0	0	0.0	0.0	38.17	-89.92	0.5	60	1	1	1
487	805	2003	5	19:31:00	MO	62	1	0	0	0.0	0.0	37.33	-89.82	1.0	50	1	1	1
488	807	2003	5	19:45:00	MO	63	3	2	0	12.0	0.0	37.38	-89.67	2.0	50	1	1	1
489	808	2003	5	20:11:00	MO	64	1	0	0	0.0	0.0	37.4	-89.48	3.0	50	1	1	1
490	811	2003	5	20:32:00	IL	24	4	33	2	16.0	0.0	37.27	-89.03	33.0	1000	1	1	1
491	809	2003	5	21:22:00	MO	65	1	0	0	0.0	0.0	37.15	-89.57	5.0	200	1	1	1
492	119	2003	5	21:27:00	IL	27	2	1	0	0.3	0.0	37.05	-89.35	25.0	400	3	0	1
493	119	2003	5	21:27:00	IL	27	2	1	0	0.3	0.0	37.05	-89.35	3.0	400	3	1	2
494	119	2003	5	21:34:00	MO	66	2	0	0	0.0	0.0	37.08	-89.3	7.0	100	3	1	2
495	179	2003	5	16:20:00	NE	20	1	0	0	0.0	0.0	40.2	-96.68	7.0	150	1	1	1
496	744	2003	5	17:13:00	KS	30	1	0	0	0.06	0.0	37.63	-96.57	2.0	100	1	1	1
497	1007	2003	5	17:31:00	KS	32	1	0	0	0.25	0.0	38.48	-95.93	6.0	120	1	1	1
498	748	2003	5	17:32:00	KS	33	1	0	0	0.07	0.0	38.0	-96.17	3.0	100	1	1	1
499	1008	2003	5	17:40:00	KS	34	3	0	0	1.5	0.0	38.58	-95.75	25.0	800	1	1	1
500	741	2003	5	17:56:00	KS	35	3	3	0	2.5	0.0	37.8	-95.95	23.0	350	1	1	1
501	746	2003	5	18:21:00	KS	40	1	0	0	0.15	0.0	37.95	-95.45	3.0	125	1	1	1
502	1014	2003	5	18:26:00	KS	42	1	0	0	0.0	0.0	38.88	-95.38	0.2	50	1	1	1
503	1015	2003	5	18:38:00	KS	44	2	6	0	6.4	0.0	38.97	-95.23	0.7	250	1	1	1
504	1016	2003	5	18:38:00	KS	43	2	3	0	1.1	0.0	38.02	-95.3	15.0	800	1	1	1
505	173	2003	5	18:45:00	IN	3	1	0	0	0.12	0.0	37.95	-86.63	3.0	100	1	1	1
506	273	2003	5	18:52:00	KS	45	2	0	0	0.01	0.0	38.1	-95.07	7.0	300	1	1	1
507	121	2003	5	20:15:00	IN	4	1	0	0	0.01	0.0	41.13	-85.72	0.1	25	1	1	1
508	1049	2003	5	20:25:00	MO	71	1	1	0	1.0	0.0	38.62	-94.53	3.0	50	1	1	1
509	1052	2003	5	21:15:00	MO	73	2	0	0	0.5	0.0	39.08	-93.62	10.0	300	1	1	1
510	388	2003	6	17:05:00	IL	95	2	2	0	0.0	0.0	38.63	-90.07	3.5	150	1	1	1
511	390	2003	6	17:35:00	IL	100	1	0	0	0.0	0.0	38.32	-89.58	14.0	60	1	1	1
512	1183	2003	6	19:28:00	NE	43	2	0	0	0.1	0.0	41.4	-102.23	1.5	100	1	1	1
513	1245	2003	6	17:43:00	NE	48	2	7	1	10.0	0.0	40.15	-97.72	3.0	200	1	1	1
514	383	2003	6	18:50:00	MN	5	1	0	0	0.01	0.0	45.62	-95.47	0.1	25	1	1	1
515	1222	2003	6	19:30:00	KS	72	1	0	0	0.12	0.0	39.83	-97.87	3.0	150	1	1	1
516	1223	2003	6	19:58:00	KS	73	1	0	0	0.06	0.0	39.9	-97.8	2.0	150	1	1	1
517	1224	2003	6	20:10:00	KS	74	2	0	0	0.08	0.0	39.95	-97.78	4.0	450	1	1	1
518	1268	2003	6	15:45:00	ND	8	1	0	0	0.0	0.0	46.07	-97.78	2.5	50	1	1	1
519	495	2003	6	20:43:00	NE	55	4	0	1	3.7	0.0	42.5	-97.32	13.0	1200	1	1	1
520	421	2003	6	16:17:00	SD	15	2	0	0	0.5	0.0	43.7	-98.23	6.0	400	1	1	1
521	1254	2003	6	17:23:00	SD	19	3	0	0	0.51	0.0	44.0	-98.33	6.0	500	1	1	1
522	1159	2003	6	17:46:00	MN	8	1	0	0	0.5	0.0	44.63	-94.68	4.5	100	1	1	1
523	432	2003	6	18:29:00	SD	30	4	4	0	3.0	0.0	44.28	-97.77	10.0	1000	1	1	1
524	1259	2003	6	18:32:00	SD	33	1	0	0	0.0	0.0	43.02	-97.02	1.5	200	1	1	1
525	1161	2003	6	18:33:00	MN	11	2	5	0	15.0	0.0	44.67	-94.6	5.5	880	1	1	1
526	440	2003	6	18:58:00	SD	42	2	0	0	0.2	0.0	44.42	-97.65	2.2	200	1	1	1
527	442	2003	6	19:00:00	SD	43	2	0	0	0.0	0.0	43.13	-96.97	7.0	400	1	1	1
528	452	2003	6	19:03:00	SD	44	1	0	0	0.05	0.0	43.17	-98.53	3.0	200	1	1	1
529	1168	2003	6	19:03:00	MN	16	1	0	0	0.0	0.0	45.1	-94.9	3.0	50	1	1	1
530	443	2003	6	19:05:00	SD	45	1	0	0	0.0	0.0	44.42	-97.6	0.7	100	1	1	1
531	444	2003	6	19:10:00	SD	47	1	0	0	0.0	0.0	43.15	-96.87	2.8	100	1	1	1
532	453	2003	6	19:10:00	SD	46	1	0	0	0.0	0.0	43.2	-98.48	3.0	150	1	1	1
533	1162	2003	6	19:10:00	MN	17	1	0	0	0.5	0.0	44.7	-94.62	1.5	100	1	1	1
534	1263	2003	6	19:20:00	SD	51	1	0	0	0.0	0.0	44.47	-97.55	0.7	100	1	1	1
535	1265	2003	6	19:20:00	SD	52	2	0	0	0.5	0.0	43.22	-96.9	7.7	300	1	1	1
536	446	2003	6	19:28:00	SD	56	1	0	0	0.0	0.0	44.52	-97.55	1.5	300	1	1	1
537	1264	2003	6	19:30:00	SD	59	1	0	0	0.2	0.0	43.15	-96.87	3.5	100	1	1	1
538	451	2003	6	20:00:00	SD	66	1	0	0	0.0	0.0	43.3	-96.9	1.3	100	1	1	1
539	461	2003	6	20:25:00	SD	72	3	0	0	1.5	0.0	44.37	-98.03	3.5	300	1	1	1
540	463	2003	6	20:30:00	SD	73	2	0	0	3.0	0.0	43.38	-97.13	1.5	200	1	1	1
541	462	2003	6	20:50:00	SD	75	1	3	0	0.5	0.0	43.52	-97.03	0.6	100	1	1	1
542	465	2003	6	21:05:00	SD	76	2	0	0	0.0	0.0	44.43	-97.9	2.0	150	1	1	1
543	467	2003	6	21:05:00	SD	77	1	0	0	2.5	0.0	43.63	-96.93	1.7	100	1	1	1
544	466	2003	6	21:13:00	SD	78	1	0	0	0.0	0.0	44.53	-97.55	0.7	100	1	1	1
545	472	2003	6	21:40:00	SD	81	1	0	0	1.0	0.0	43.15	-97.1	1.2	100	1	1	1
546	1112	2003	6	22:15:00	KS	80	1	0	0	0.0	0.0	39.62	-101.05	0.3	25	1	1	1
547	1231	2003	6	14:58:00	MI	2	1	0	0	0.01	0.0	42.65	-84.05	1.0	100	1	1	1
548	1233	2003	6	15:35:00	MI	3	1	0	0	0.3	0.0	42.87	-83.7	3.0	100	1	1	1
549	400	2003	6	18:15:00	SD	4	1	0	0	0.01	0.0	43.33	-99.92	10.2	10	1	1	1
550	1176	2003	6	18:30:00	NE	31	3	0	0	5.7	0.0	42.53	-98.8	23.0	880	1	1	1
551	1180	2003	6	18:40:00	NE	34	1	0	0	0.03	0.0	41.57	-99.28	4.0	580	1	1	1
552	1242	2003	6	18:40:00	NE	35	1	0	0	0.25	0.0	41.55	-99.3	3.0	300	1	1	1
553	541	2003	7	17:37:00	ND	24	1	1	0	0.25	0.0	47.47	-100.9	29.0	40	1	1	1
554	280	2003	7	14:10:00	ND	26	1	0	0	0.0	0.0	48.98	-97.53	5.5	50	1	1	1
555	1289	2003	7	19:20:00	MN	39	2	0	0	0.1	0.0	44.12	-94.15	0.5	50	1	1	1
556	1283	2003	7	19:22:00	MN	40	1	0	0	0.0	0.0	44.13	-94.1	2.5	50	1	1	1
557	392	2003	7	19:27:00	MN	41	1	0	0	0.5	0.0	44.12	-94.05	3.0	220	1	1	1
558	347	2003	7	19:34:00	MN	42	1	0	0	0.1	0.0	44.12	-93.98	2.0	100	1	1	1
559	368	2003	7	19:43:00	MN	43	2	0	0	2.0	0.0	44.12	-93.8	1.5	220	1	1	1
560	543	2003	7	05:10:00	ND	29	1	0	0	0.0	0.0	48.93	-103.3	2.0	40	1	1	1
561	545	2003	7	01:50:00	ND	31	1	0	0	0.0	0.0	46.13	-98.1	2.0	40	1	1	1
562	552	2003	7	12:15:00	MI	8	1	0	0	1.0	0.0	42.32	-85.18	8.0	880	1	1	1
563	579	2003	7	16:50:00	NE	73	1	0	0	0.0	0.0	41.87	-97.35	2.0	400	1	1	1
564	580	2003	7	17:30:00	NE	74	1	0	0	0.0	0.0	41.53	-97.65	1.5	400	1	1	1
565	598	2003	7	21:17:00	IA	22	1	0	0	0.2	0.0	42.28	-92.1	6.8	150	1	1	1
566	599	2003	7	21:58:00	IA	24	2	0	0	0.5	0.0	42.0	-91.77	1.0	300	1	1	1
567	600	2003	7	22:06:00	IA	25	2	0	0	2.0	0.0	42.0	-91.65	0.3	200	1	1	1
568	601	2003	7	22:24:00	IA	26	1	0	0	1.0	0.0	41.9	-91.08	2.4	440	1	1	1
569	603	2003	7	22:52:00	IA	27	1	0	0	0.01	0.0	41.9	-91.43	0.5	70	1	1	1
570	538	2003	7	11:45:00	OH	4	1	0	0	1.0	0.0	41.07	-80.65	8.0	75	1	1	1
571	529	2003	7	19:58:00	SD	84	2	0	0	0.07	0.0	43.22	-101.58	3.0	100	1	1	1
572	1349	2003	7	16:39:00	IN	12	1	0	0	0.06	0.0	40.72	-85.37	8.5	100	1	1	1
573	1347	2003	7	16:43:00	WI	12	1	0	0	0.02	0.0	43.55	-88.32	0.8	40	1	1	1
574	1361	2003	7	18:30:00	MN	25	1	0	0	0.01	0.0	46.08	-95.78	1.0	50	1	1	1
575	521	2003	7	16:47:00	IN	14	1	0	0	0.1	0.0	39.78	-86.83	1.5	50	1	1	1
576	359	2003	7	16:00:00	MN	28	1	0	0	0.01	0.0	45.28	-95.85	5.0	50	1	1	1
577	356	2003	7	16:50:00	MN	31	1	0	0	1.0	0.0	45.15	-95.22	3.0	220	1	1	1
578	1297	2003	7	18:30:00	KS	87	1	0	0	0.07	0.0	37.65	-98.38	5.0	100	1	1	1
579	597	2003	8	18:55:00	MI	11	2	2	0	0.5	0.0	42.67	-84.17	4.7	880	1	1	1
580	627	2003	8	18:05:00	MN	48	1	0	0	0.02	0.0	48.6	-95.77	1.0	50	1	1	1
581	613	2003	8	13:40:00	IN	23	1	0	0	0.01	0.0	41.63	-86.17	0.1	33	1	1	1
582	615	2003	8	15:14:00	IL	119	1	0	0	0.0	0.0	39.42	-89.28	5.0	100	1	1	1
583	611	2003	8	17:50:00	IN	21	1	0	0	0.02	0.0	40.32	-85.23	1.2	50	1	1	1
584	616	2003	8	21:10:00	OH	5	1	0	0	0.01	0.0	40.52	-84.4	6.0	100	1	1	1
585	623	2003	8	13:59:00	WI	14	1	0	0	0.0	0.0	44.12	-88.1	0.4	75	1	1	1
586	214	2003	9	16:15:00	IL	121	1	0	0	0.01	0.0	40.05	-89.42	0.8	50	1	1	1
587	203	2003	9	17:50:00	IL	122	1	1	0	10.0	0.0	39.53	-88.33	1.5	250	1	1	1
588	645	2003	9	19:27:00	IN	25	1	0	0	0.3	0.0	40.15	-86.05	2.2	100	1	1	1
589	632	2003	9	21:00:00	OH	9	1	0	0	0.1	0.0	40.35	-84.65	0.8	50	1	1	1
590	582	2004	10	15:08:00	MO	53	1	7	0	0.0	0.0	37.95	-90.8	0.2	80	1	1	1
591	587	2004	10	15:26:00	MO	58	1	0	0	0.0	0.0	37.6	-90.63	2.0	400	1	1	1
592	590	2004	10	16:10:00	MO	62	1	0	0	0.0	0.0	37.58	-90.28	5.5	100	1	1	1
593	1687	2004	10	18:16:00	IL	76	2	3	0	0.54	0.0	37.58	-89.03	8.8	250	1	1	1
594	1690	2004	10	18:43:00	IL	77	2	0	0	0.2	0.0	37.57	-88.83	14.0	300	1	1	1
595	601	2004	10	18:55:00	MO	64	2	7	3	0.3	0.0	36.05	-89.82	0.5	125	1	1	1
596	1686	2004	10	16:09:00	MO	65	1	0	0	0.1	0.0	37.13	-89.6	0.1	100	1	1	1
597	1723	2004	10	18:15:00	MO	69	1	0	0	0.32	0.0	38.87	-93.52	10.5	50	1	1	1
598	1806	2004	11	16:25:00	IN	44	1	0	0	0.1	0.0	39.5	-85.3	2.1	50	1	1	1
599	622	2004	11	05:15:00	MO	70	1	0	0	0.05	0.0	37.22	-93.0	6.0	500	1	1	1
600	759	2004	3	13:13:00	KS	2	3	0	0	0.48	0.0	37.97	-99.48	10.0	1300	1	1	1
601	760	2004	3	13:29:00	KS	3	1	0	0	0.0	0.0	38.17	-99.35	1.5	80	1	1	1
602	63	2004	4	15:58:00	IA	2	1	0	0	0.05	0.0	43.28	-96.5	4.0	100	1	1	1
603	66	2004	4	16:20:00	MN	1	1	0	0	0.5	0.0	43.62	-95.98	0.5	100	1	1	1
604	853	2004	4	17:29:00	MN	4	1	0	0	0.0	0.0	44.28	-95.2	7.0	50	1	1	1
605	823	2004	4	13:00:00	IL	1	1	0	0	0.07	0.0	39.83	-88.33	3.9	50	1	1	1
606	826	2004	4	16:05:00	IL	3	1	0	0	0.26	0.0	41.07	-89.65	10.8	440	1	1	1
607	830	2004	4	16:15:00	IN	1	1	0	0	0.25	0.0	40.27	-86.43	3.8	50	1	1	1
608	828	2004	4	16:40:00	IN	2	1	8	0	1.8	0.0	39.93	-86.65	2.0	50	1	1	1
609	807	2004	4	16:44:00	IL	5	3	12	8	8.0	0.0	41.25	-89.28	15.8	880	1	1	1
610	832	2004	4	17:00:00	IN	5	1	1	0	3.0	0.0	40.48	-86.13	0.7	75	1	1	1
611	808	2004	4	17:10:00	IL	6	2	0	0	0.0	0.0	41.35	-89.0	9.0	400	1	1	1
612	809	2004	4	17:33:00	IL	7	1	0	0	0.0	0.0	41.43	-88.8	1.5	30	1	1	1
613	70	2004	4	18:08:00	IA	5	1	0	0	0.03	0.0	41.95	-90.68	1.3	100	1	1	1
614	835	2004	4	18:08:00	IN	7	1	0	0	0.07	0.0	40.73	-85.7	2.0	150	1	1	1
615	816	2004	4	18:18:00	IL	12	2	0	0	0.0	0.0	41.08	-87.62	3.0	50	1	1	1
616	813	2004	4	18:35:00	IL	13	1	0	0	0.0	0.0	41.05	-87.95	6.0	75	1	1	1
617	818	2004	4	18:45:00	IL	14	1	0	0	5.0	0.0	41.53	-88.12	1.6	250	1	1	1
618	783	2004	4	16:12:00	MO	1	2	5	0	0.6	0.0	36.9	-90.78	7.6	200	1	1	1
619	784	2004	4	16:52:00	MO	2	1	0	0	0.1	0.0	37.13	-90.6	4.0	100	1	1	1
620	785	2004	4	18:47:00	MO	5	2	0	0	0.01	0.0	37.28	-89.85	5.4	200	1	1	1
621	1098	2004	5	20:05:00	MN	13	1	0	0	0.0	0.0	46.72	-95.9	0.2	50	1	1	1
622	1099	2004	5	20:15:00	MN	14	1	0	0	0.0	0.0	46.7	-95.87	0.2	50	1	1	1
623	1089	2004	5	18:08:00	KS	9	1	0	0	0.01	0.0	37.07	-98.52	2.5	120	1	1	1
624	787	2004	5	19:02:00	KS	11	2	0	0	0.14	0.0	37.22	-98.22	1.8	200	1	1	1
625	795	2004	5	19:14:00	KS	12	1	0	0	0.0	0.0	37.23	-98.12	4.0	125	1	1	1
626	793	2004	5	19:40:00	KS	14	4	1	0	0.28	0.0	37.25	-97.98	1.2	500	1	1	1
627	790	2004	5	20:05:00	KS	16	1	0	0	0.22	0.0	37.22	-98.05	1.5	75	1	1	1
628	789	2004	5	20:10:00	KS	17	2	0	0	0.14	0.0	37.23	-97.98	2.0	300	1	1	1
629	791	2004	5	20:18:00	KS	18	2	0	0	0.1	0.0	37.27	-98.02	1.0	100	1	1	1
630	796	2004	5	20:45:00	KS	19	1	0	0	0.1	0.0	37.3	-97.9	3.5	100	1	1	1
631	794	2004	5	21:05:00	KS	20	1	0	0	0.1	0.0	37.27	-97.78	2.5	150	1	1	1
632	1078	2004	5	14:20:00	MI	3	1	0	0	0.25	0.0	43.38	-84.1	4.0	125	1	1	1
633	871	2004	5	16:55:00	NE	9	1	0	0	0.04	0.0	42.22	-98.95	6.0	100	1	1	1
634	1091	2004	5	18:25:00	KS	25	1	0	0	0.01	0.0	38.63	-100.42	0.5	100	1	1	1
635	1153	2004	5	16:06:00	IL	22	1	0	0	0.0	0.0	40.7	-89.53	0.3	50	1	1	1
636	80	2004	5	15:49:00	ND	1	1	0	0	0.0	0.0	48.5	-100.05	1.0	600	1	1	1
637	1100	2004	5	15:50:00	ND	2	2	0	0	0.0	0.0	47.58	-98.43	3.0	200	1	1	1
638	1102	2004	5	16:25:00	ND	4	1	0	0	0.0	0.0	48.55	-99.33	4.0	150	1	1	1
639	1106	2004	5	17:20:00	ND	8	2	0	0	0.0	0.0	48.92	-97.73	0.7	150	1	1	1
640	1113	2004	5	18:05:00	MN	16	3	0	0	0.2	0.0	48.92	-97.08	1.5	150	1	1	1
641	1112	2004	5	18:44:00	ND	14	1	0	0	0.0	0.0	46.78	-97.2	1.0	50	1	1	1
642	898	2004	5	13:38:00	IA	12	1	0	0	0.002	0.0	42.42	-92.77	3.5	100	1	1	1
643	366	2004	5	15:13:00	IA	19	1	0	0	0.05	0.0	42.0	-91.9	1.7	150	1	1	1
644	367	2004	5	15:22:00	IA	20	3	0	0	0.25	0.0	42.05	-91.82	3.0	200	1	1	1
645	369	2004	5	16:06:00	IA	22	1	0	0	0.04	0.0	42.02	-91.35	6.0	100	1	1	1
646	198	2004	5	16:12:00	IA	23	1	0	0	0.23	0.0	43.05	-95.27	1.0	200	1	1	1
647	905	2004	5	17:00:00	IA	24	1	0	0	0.03	0.0	42.82	-94.6	5.0	300	1	1	1
648	903	2004	5	17:08:00	IA	25	2	15	0	2.52	0.0	42.82	-94.52	12.5	880	1	1	1
649	94	2004	5	19:20:00	NE	16	1	0	0	0.0	0.0	42.13	-97.45	1.5	150	1	1	1
650	95	2004	5	20:20:00	NE	18	1	0	0	0.0	0.0	42.22	-96.98	0.5	150	1	1	1
651	1080	2004	5	14:45:00	MI	10	1	0	0	0.01	0.0	43.22	-83.45	1.0	50	1	1	1
652	1176	2004	5	16:35:00	NE	23	1	0	0	0.3	0.0	40.1	-99.77	3.0	400	1	1	1
653	879	2004	5	17:34:00	NE	30	1	0	0	0.04	0.0	41.13	-99.77	0.2	20	1	1	1
654	880	2004	5	17:50:00	NE	33	1	0	0	0.05	0.0	41.2	-99.6	0.5	30	1	1	1
655	1183	2004	5	18:00:00	NE	35	2	0	0	2.5	0.0	40.25	-97.5	8.0	800	1	1	1
656	906	2004	5	18:07:00	IA	27	1	0	0	0.05	0.0	41.43	-94.47	7.1	100	1	1	1
657	1184	2004	5	18:10:00	NE	36	1	0	0	1.0	0.0	40.37	-98.42	7.0	150	1	1	1
658	93	2004	5	18:15:00	NE	39	1	0	0	0.0	0.0	41.45	-96.5	2.0	200	1	1	1
659	1185	2004	5	18:19:00	NE	41	2	0	0	5.0	0.0	40.37	-98.35	23.0	700	1	1	1
660	1188	2004	5	18:26:00	NE	43	1	0	0	0.1	0.0	40.37	-97.52	2.5	100	1	1	1
661	1186	2004	5	18:29:00	NE	44	1	0	0	0.0	0.0	40.43	-98.15	0.2	25	1	1	1
662	932	2004	5	18:30:00	NE	45	4	38	1	160.22	0.0	40.32	-97.33	54.0	4400	1	1	1
663	1189	2004	5	18:32:00	NE	46	1	0	0	0.1	0.0	40.35	-97.45	2.0	150	1	1	1
664	910	2004	5	18:55:00	IA	31	1	0	0	0.002	0.0	41.62	-94.1	5.0	100	1	1	1
665	919	2004	5	19:40:00	IA	41	1	0	0	0.01	0.0	41.93	-93.1	17.0	100	1	1	1
666	989	2004	5	19:44:00	KS	28	2	0	0	0.09	0.0	39.9	-97.85	2.0	100	1	1	1
667	1191	2004	5	19:53:00	NE	49	1	0	0	1.0	0.0	40.02	-97.75	10.0	400	1	1	1
668	101	2004	5	20:30:00	NE	51	1	0	0	0.0	0.0	40.3	-97.32	3.0	100	1	1	1
669	96	2004	5	20:40:00	NE	52	1	0	0	0.0	0.0	40.92	-96.28	1.5	150	1	1	1
670	97	2004	5	20:57:00	NE	53	1	0	0	0.0	0.0	40.83	-95.98	4.0	250	1	1	1
671	98	2004	5	21:12:00	NE	54	1	0	0	0.0	0.0	40.95	-95.92	1.0	150	1	1	1
672	923	2004	5	23:02:00	IA	46	1	0	0	0.1	0.0	41.35	-93.8	7.0	250	1	1	1
673	1086	2004	5	18:30:00	MI	14	1	0	0	0.01	0.0	43.13	-82.72	1.0	75	1	1	1
674	1157	2004	5	19:20:00	IL	27	2	0	0	0.0	0.0	40.72	-88.85	13.1	240	1	1	1
675	1052	2004	5	14:35:00	MO	7	1	0	0	0.01	0.0	40.2	-95.28	2.0	300	1	1	1
676	1199	2004	5	14:58:00	NE	61	1	0	0	0.1	0.0	40.1	-97.87	2.0	100	1	1	1
677	1201	2004	5	15:06:00	NE	63	1	0	0	0.5	0.0	40.1	-97.78	2.0	450	1	1	1
678	1049	2004	5	15:55:00	MO	9	2	1	0	10.0	0.0	40.2	-94.55	17.0	250	1	1	1
679	1054	2004	5	17:18:00	MO	11	1	0	0	1.7	0.0	39.77	-93.55	9.5	200	1	1	1
680	1053	2004	5	17:47:00	MO	13	1	0	0	0.2	0.0	39.78	-93.3	5.0	150	1	1	1
681	1000	2004	5	18:25:00	KS	39	1	0	0	0.1	0.0	38.98	-95.68	1.2	75	1	1	1
682	1055	2004	5	18:45:00	MO	15	1	0	0	0.3	0.0	39.77	-92.78	1.0	100	1	1	1
683	121	2004	5	22:05:00	IL	29	1	0	0	0.0	0.0	39.55	-90.95	5.0	50	1	1	1
684	122	2004	5	22:15:00	IL	30	1	0	0	0.0	0.0	39.62	-90.77	3.0	50	1	1	1
685	1158	2004	5	22:19:00	IL	31	1	1	1	0.0	0.0	39.6	-90.57	7.3	100	1	1	1
686	1159	2004	5	22:35:00	IL	32	2	1	0	4.0	0.0	39.72	-90.27	1.2	100	1	1	1
687	1160	2004	5	23:09:00	IL	33	1	0	0	0.0	0.0	39.57	-89.67	0.3	75	1	1	1
688	163	2004	5	20:15:00	KS	43	1	2	0	0.07	0.0	38.1	-94.68	5.5	400	1	1	1
689	147	2004	5	21:20:00	MO	20	2	1	0	0.5	0.0	37.97	-93.95	12.0	200	1	1	1
690	1142	2004	5	16:45:00	OH	3	1	1	0	0.08	0.0	39.4	-83.38	3.0	50	1	1	1
691	973	2004	5	17:30:00	IN	14	2	0	0	2.5	0.0	38.52	-86.15	25.9	150	1	1	1
692	1144	2004	5	18:20:00	OH	4	1	0	0	0.1	0.0	39.1	-83.98	2.0	167	1	1	1
693	974	2004	5	18:55:00	IN	15	1	0	0	0.5	0.0	38.3	-85.97	2.9	200	1	1	1
694	894	2004	5	15:30:00	NE	67	1	0	0	0.12	0.0	40.95	-100.25	1.0	40	1	1	1
695	79	2004	5	16:14:00	ND	16	1	0	0	0.0	0.0	46.0	-99.43	3.0	60	1	1	1
696	1003	2004	5	16:57:00	KS	46	1	0	0	0.18	0.0	39.57	-97.9	4.0	200	1	1	1
697	1004	2004	5	17:11:00	KS	47	2	0	0	2.1	0.0	39.62	-97.93	5.0	200	1	1	1
698	1009	2004	5	17:20:00	KS	48	1	0	0	0.0	0.0	39.67	-97.83	1.0	100	1	1	1
699	1005	2004	5	17:25:00	KS	49	1	0	0	0.0	0.0	39.65	-97.87	2.0	100	1	1	1
700	1006	2004	5	17:28:00	KS	50	1	0	0	3.2	0.0	39.68	-97.8	3.5	200	1	1	1
701	1073	2004	5	17:30:00	MO	28	3	0	0	0.03	0.0	39.52	-94.83	7.0	400	1	1	1
702	798	2004	5	18:25:00	KS	55	1	0	0	0.05	0.0	37.22	-98.17	6.0	75	1	1	1
703	799	2004	5	18:43:00	KS	58	2	0	0	0.18	0.0	37.18	-98.0	8.0	500	1	1	1
704	1014	2004	5	18:56:00	KS	60	1	0	0	0.05	0.0	39.82	-97.63	0.5	100	1	1	1
705	1016	2004	5	19:10:00	KS	63	1	0	0	0.0	0.0	39.97	-96.38	1.0	75	1	1	1
706	801	2004	5	19:19:00	KS	64	1	0	0	1.2	0.0	37.22	-97.88	2.5	440	1	1	1
707	802	2004	5	19:28:00	KS	66	1	0	0	0.25	0.0	37.27	-97.8	6.0	500	1	1	1
708	1064	2004	5	19:40:00	MO	31	1	0	0	0.03	0.0	39.55	-94.45	20.0	150	1	1	1
709	804	2004	5	19:42:00	KS	70	3	1	0	17.75	0.0	37.37	-97.63	2.5	600	1	1	1
710	805	2004	5	19:52:00	KS	71	3	0	0	1.0	0.0	37.38	-97.6	2.5	500	1	1	1
711	806	2004	5	19:55:00	KS	72	1	0	0	0.45	0.0	37.4	-97.57	3.5	150	1	1	1
712	1074	2004	5	20:40:00	MO	32	2	0	0	0.0	0.0	39.72	-94.35	5.0	100	1	1	1
713	1072	2004	5	21:30:00	MO	34	4	6	3	0.3	0.0	39.88	-94.25	22.0	800	1	1	1
714	1126	2004	5	12:05:00	IN	16	1	0	0	0.3	0.0	39.22	-86.9	8.4	75	1	1	1
715	1128	2004	5	13:09:00	IN	18	1	0	0	0.25	0.0	39.22	-86.65	7.0	75	1	1	1
716	372	2004	5	13:23:00	IA	55	1	0	0	0.02	0.0	40.52	-91.53	0.3	70	1	1	1
717	969	2004	5	13:25:00	IN	19	3	11	1	5.0	0.0	38.33	-86.57	15.0	400	1	1	1
718	374	2004	5	13:30:00	IA	57	1	0	0	0.02	0.0	40.52	-91.43	0.5	70	1	1	1
719	967	2004	5	13:30:00	IN	20	1	0	0	0.5	0.0	38.32	-85.77	2.0	10	1	1	1
720	970	2004	5	14:10:00	IN	22	1	0	0	0.12	0.0	38.57	-86.15	10.6	30	1	1	1
721	376	2004	5	14:36:00	IA	59	1	0	0	0.01	0.0	41.7	-91.9	0.2	50	1	1	1
722	150	2004	5	14:53:00	MO	39	1	0	0	0.01	0.0	37.65	-92.63	1.0	200	1	1	1
723	130	2004	5	15:05:00	IL	36	1	0	0	0.0	0.0	38.82	-89.83	2.0	70	1	1	1
724	131	2004	5	15:50:00	IL	37	1	0	0	0.0	0.0	38.65	-89.47	7.0	80	1	1	1
725	1161	2004	5	16:05:00	IL	38	1	0	0	0.0	0.0	40.7	-89.25	9.0	75	1	1	1
726	128	2004	5	16:20:00	MO	40	1	0	1	0.1	0.0	38.75	-90.35	2.0	50	1	1	1
727	1131	2004	5	17:10:00	IN	25	1	0	0	0.02	0.0	39.58	-86.6	5.0	75	1	1	1
728	964	2004	5	17:11:00	IL	41	1	0	0	0.0	0.0	40.78	-88.72	12.0	50	1	1	1
729	132	2004	5	17:24:00	IL	43	1	0	0	0.0	0.0	38.22	-89.25	4.5	70	1	1	1
730	133	2004	5	17:25:00	IL	44	1	0	0	0.0	0.0	38.25	-89.22	3.5	80	1	1	1
731	1035	2004	5	17:25:00	IL	45	1	0	0	0.25	0.0	38.15	-89.42	12.0	75	1	1	1
732	134	2004	5	17:26:00	IL	46	1	0	0	0.0	0.0	38.28	-89.2	4.0	100	1	1	1
733	135	2004	5	17:27:00	IL	47	1	0	0	0.0	0.0	38.28	-89.18	4.5	70	1	1	1
734	1036	2004	5	17:28:00	IL	48	1	0	0	0.1	0.0	38.32	-89.17	18.5	75	1	1	1
735	1134	2004	5	18:00:00	IN	28	2	26	0	19.0	0.0	39.68	-86.22	20.0	100	1	1	1
736	1136	2004	5	18:29:00	IN	30	2	0	0	1.0	0.0	40.38	-86.77	1.8	75	1	1	1
737	1037	2004	5	19:40:00	IN	33	1	0	0	1.2	0.0	38.1	-87.63	6.0	200	1	1	1
738	1038	2004	5	19:40:00	IN	34	2	0	0	2.5	0.0	37.92	-87.45	3.0	80	1	1	1
739	146	2004	5	19:55:00	IN	36	3	1	0	6.0	0.0	40.73	-86.13	4.5	360	1	1	1
740	173	2004	5	23:30:00	OH	5	1	0	0	0.01	0.0	38.92	-83.4	0.1	33	1	1	1
741	165	2004	5	15:20:00	MI	15	1	0	0	0.05	0.0	43.02	-82.5	1.5	80	1	1	1
742	154	2004	5	03:24:00	MO	6	1	0	0	0.01	0.0	37.07	-90.72	0.2	50	1	1	1
743	931	2004	5	19:55:00	IA	7	1	0	0	0.0	0.0	41.53	-95.27	8.0	150	1	1	1
744	77	2004	5	20:25:00	IA	8	1	0	0	0.1	0.0	41.3	-95.03	7.0	50	1	1	1
745	934	2004	5	16:21:00	MN	6	1	0	0	0.0	0.0	45.13	-93.63	0.3	25	1	1	1
746	181	2004	5	19:07:00	MN	7	1	0	0	0.02	0.0	43.7	-96.22	6.0	100	1	1	1
747	1310	2004	6	13:38:00	IL	56	1	0	0	0.01	0.0	39.98	-88.05	3.0	30	1	1	1
748	1275	2004	6	14:41:00	NE	86	1	2	0	0.07	0.0	41.05	-102.28	10.0	220	1	1	1
749	370	2004	6	16:28:00	IL	58	1	0	0	0.01	0.0	41.27	-89.85	0.3	125	1	1	1
750	380	2004	6	16:30:00	IL	59	1	0	0	0.01	0.0	41.27	-89.83	0.3	125	1	1	1
751	277	2004	6	16:53:00	SD	22	1	0	0	0.0	0.0	44.35	-100.82	1.0	400	1	1	1
752	1380	2004	6	20:49:00	NE	92	1	0	0	0.5	0.0	40.02	-98.65	12.0	300	1	1	1
753	1367	2004	6	13:20:00	IA	63	3	0	0	0.05	0.0	42.9	-95.03	6.1	400	1	1	1
754	281	2004	6	13:49:00	IA	64	1	0	0	0.0	0.0	42.97	-94.97	1.8	100	1	1	1
755	1283	2004	6	14:00:00	IA	65	1	0	0	0.01	0.0	43.13	-94.93	9.0	450	1	1	1
756	285	2004	6	14:01:00	IA	67	1	0	0	0.0	0.0	43.08	-94.95	1.0	100	1	1	1
757	286	2004	6	14:05:00	IA	70	2	0	0	0.5	0.0	43.13	-95.38	5.5	200	1	1	1
758	287	2004	6	14:15:00	IA	71	1	0	0	0.0	0.0	43.17	-95.32	2.0	100	1	1	1
759	288	2004	6	14:34:00	IA	72	1	0	0	0.0	0.0	43.18	-95.2	1.5	100	1	1	1
760	1284	2004	6	14:50:00	IA	73	1	0	0	0.01	0.0	43.3	-94.53	6.0	200	1	1	1
761	1334	2004	6	16:17:00	IA	74	1	0	0	0.001	0.0	43.25	-92.6	4.0	60	1	1	1
762	1296	2004	6	16:26:00	MN	23	1	0	0	0.0	0.0	43.8	-93.62	4.0	50	1	1	1
763	1336	2004	6	16:56:00	IA	76	3	0	0	0.19	0.0	43.4	-92.55	12.0	150	2	0	1
764	1336	2004	6	16:56:00	IA	77	3	0	0	0.19	0.0	43.4	-92.55	8.0	150	2	1	2
765	1336	2004	6	17:05:00	MN	25	3	0	0	3.0	0.0	43.5	-92.55	4.0	150	2	1	2
766	1228	2004	6	18:25:00	KS	79	3	2	0	0.5	0.0	37.47	-97.23	4.0	75	1	1	1
767	290	2004	6	19:45:00	MN	29	1	0	0	0.1	0.0	44.62	-96.67	1.6	100	1	1	1
768	1282	2004	6	16:00:00	MI	18	1	0	0	0.03	0.0	43.83	-82.72	2.0	200	1	1	1
769	248	2004	6	16:28:00	OH	6	1	0	0	0.07	0.0	41.15	-84.17	4.0	50	1	1	1
770	1351	2004	6	16:30:00	MI	19	1	0	0	0.16	0.0	44.98	-83.97	7.2	50	1	1	1
771	278	2004	6	22:15:00	OH	7	1	0	0	0.01	0.0	39.93	-82.28	2.0	75	1	1	1
772	1344	2004	6	13:47:00	IA	89	1	0	0	0.0	0.0	43.32	-92.65	5.0	40	1	1	1
773	1365	2004	6	09:44:00	ND	27	1	0	0	0.0	0.0	47.87	-97.5	6.0	50	1	1	1
774	1366	2004	6	10:15:00	ND	28	1	0	0	0.0	0.0	47.75	-97.3	6.5	50	1	1	1
775	1347	2004	6	17:22:00	WI	7	1	0	0	0.07	0.0	44.33	-91.12	5.0	50	1	1	1
776	1348	2004	6	17:28:00	WI	8	1	0	0	0.01	0.0	44.32	-91.03	4.0	30	1	1	1
777	1350	2004	6	18:00:00	WI	9	1	3	0	0.07	0.0	44.17	-90.53	4.5	50	1	1	1
778	1349	2004	6	18:20:00	WI	10	1	13	0	0.11	0.0	43.88	-89.98	18.0	50	1	1	1
779	1373	2004	6	18:46:00	WI	11	1	0	0	0.0	0.0	44.3	-89.42	1.5	25	1	1	1
780	1374	2004	6	18:53:00	WI	13	2	0	0	1.11	0.0	44.28	-89.25	10.0	125	1	1	1
781	1298	2004	6	19:00:00	WI	14	2	0	0	1.0	0.0	43.82	-89.48	11.0	200	1	1	1
782	1300	2004	6	19:33:00	WI	16	3	0	0	15.41	0.0	43.72	-89.03	33.3	400	1	1	1
783	1299	2004	6	19:35:00	WI	17	1	0	0	1.49	0.0	43.07	-89.53	7.8	200	1	1	1
784	1301	2004	6	19:35:00	WI	18	3	1	1	2.29	0.0	43.67	-88.95	7.6	300	1	1	1
785	1375	2004	6	20:00:00	WI	19	1	0	0	6.8	0.0	44.28	-88.27	3.5	100	1	1	1
786	1302	2004	6	20:10:00	WI	20	1	0	0	0.11	0.0	43.53	-88.37	7.6	150	1	1	1
787	1304	2004	6	20:23:00	WI	22	1	0	0	0.15	0.0	42.87	-88.75	7.8	150	1	1	1
788	324	2004	6	18:17:00	ND	17	1	0	0	0.0	0.0	47.75	-101.7	11.0	50	1	1	1
789	323	2004	6	18:34:00	ND	18	2	0	0	0.0	0.0	47.85	-101.57	8.0	150	1	1	1
790	1362	2004	6	22:10:00	ND	24	1	0	0	0.0	0.0	47.75	-98.9	0.2	50	1	1	1
791	1363	2004	6	23:30:00	ND	25	1	0	0	0.0	0.0	48.48	-99.2	0.5	50	1	1	1
792	349	2004	7	07:42:00	ND	32	1	0	0	0.0	0.0	46.73	-96.78	2.0	50	2	0	1
793	349	2004	7	07:44:00	MN	33	1	0	0	0.01	0.0	46.73	-96.78	1.0	50	2	1	2
794	1382	2004	7	18:10:00	NE	103	2	0	0	0.13	0.0	41.98	-98.67	1.5	40	1	1	1
795	1383	2004	7	18:30:00	NE	104	1	2	0	0.17	0.0	41.88	-98.67	1.5	20	1	1	1
796	1384	2004	7	18:35:00	NE	105	2	0	0	0.09	0.0	41.82	-98.73	1.0	40	1	1	1
797	1436	2004	7	21:52:00	MN	35	1	0	0	0.1	0.0	46.77	-96.37	10.0	50	1	1	1
798	1438	2004	7	22:15:00	MN	37	1	0	0	0.4	0.0	46.7	-96.15	5.0	50	1	1	1
799	1439	2004	7	22:30:00	MN	38	1	0	0	0.6	0.0	46.63	-95.97	14.0	50	1	1	1
800	1426	2004	7	13:34:00	IL	68	4	3	0	0.0	0.0	40.8	-89.33	9.6	440	1	1	1
801	360	2004	7	14:40:00	WI	33	1	0	0	1.6	0.0	44.1	-87.88	4.2	500	1	1	1
802	1386	2004	7	17:50:00	NE	108	1	0	0	0.04	0.0	42.45	-98.38	1.0	20	1	1	1
803	1442	2004	7	18:20:00	ND	36	1	0	0	0.01	0.0	47.8	-97.37	4.0	50	1	1	1
804	1443	2004	7	18:28:00	ND	37	2	0	0	0.25	0.0	47.68	-97.6	3.0	100	1	1	1
805	316	2004	7	19:25:00	ND	39	4	0	0	1.7	0.0	46.78	-98.38	12.0	200	1	1	1
806	1447	2004	7	20:33:00	ND	41	2	0	0	0.5	0.0	46.98	-97.67	4.0	100	1	1	1
807	332	2004	7	17:21:00	IN	41	1	0	0	0.01	0.0	39.57	-85.52	0.3	50	1	1	1
808	363	2004	7	18:17:00	IN	42	2	2	0	0.47	0.0	39.05	-85.42	2.0	133	1	1	1
809	356	2004	7	18:21:00	MN	40	1	0	0	0.002	0.0	43.63	-96.02	0.5	100	1	1	1
810	359	2004	7	20:10:00	SD	25	1	0	0	0.03	0.0	43.17	-96.97	0.5	100	1	1	1
811	348	2004	7	16:25:00	ND	30	1	0	0	0.02	0.0	48.9	-98.12	0.2	75	1	1	1
812	340	2004	7	06:05:00	MO	46	1	0	0	0.15	0.0	36.97	-94.55	1.0	150	1	1	1
813	1428	2004	7	06:34:00	MO	47	1	0	0	0.05	0.0	38.32	-92.53	0.2	125	1	1	1
814	1429	2004	7	06:37:00	MO	48	1	0	0	0.01	0.0	38.32	-92.5	0.2	125	1	1	1
815	1430	2004	7	06:40:00	MO	49	1	0	0	0.01	0.0	38.35	-92.47	0.2	125	1	1	1
816	383	2004	7	14:52:00	IL	63	1	0	0	0.01	0.0	41.62	-89.98	0.3	30	1	1	1
817	1404	2004	7	19:30:00	KS	106	1	0	0	0.1	0.0	38.75	-98.85	1.5	125	1	1	1
818	1456	2004	8	18:16:00	IA	100	1	0	0	0.002	0.0	42.55	-93.08	1.7	75	1	1	1
819	462	2004	8	16:58:00	IA	102	2	0	0	0.0	0.0	40.65	-95.6	3.0	880	1	1	1
820	464	2004	8	17:30:00	IA	104	2	0	0	0.0	0.0	40.67	-95.2	7.0	1200	1	1	1
821	1460	2004	8	19:40:00	IA	107	1	0	0	0.05	0.0	41.92	-93.1	3.0	30	1	1	1
822	465	2004	8	21:28:00	IA	108	1	0	0	0.01	0.0	42.07	-91.62	0.0	40	1	1	1
823	466	2004	8	21:36:00	IA	109	1	0	0	0.0	0.0	42.08	-91.5	0.8	40	1	1	1
824	467	2004	8	21:51:00	IA	110	1	0	0	0.07	0.0	42.35	-91.25	4.2	440	1	1	1
825	1539	2004	8	18:55:00	KS	124	2	0	0	0.25	0.0	37.27	-97.4	3.0	110	1	1	1
826	1562	2004	8	02:15:00	MN	43	1	0	0	0.01	0.0	46.52	-96.17	7.0	100	1	1	1
827	1563	2004	8	03:05:00	MN	44	1	0	0	0.2	0.0	46.43	-95.85	12.0	100	1	1	1
828	1454	2004	8	16:00:00	IA	96	1	0	0	0.07	0.0	42.18	-93.28	3.0	100	1	1	1
829	1453	2004	8	16:20:00	IA	97	1	0	0	0.1	0.0	42.12	-93.0	5.0	100	1	1	1
830	1524	2004	8	05:45:00	SD	28	1	0	0	0.1	0.0	43.1	-102.13	0.2	20	1	1	1
831	1565	2004	8	15:02:00	MN	46	1	0	0	0.01	0.0	48.22	-96.18	1.0	50	1	1	1
832	571	2004	9	13:53:00	MN	58	1	0	0	0.0	0.0	45.68	-96.73	0.7	50	1	1	1
833	572	2004	9	14:04:00	SD	35	2	0	0	0.0	0.0	45.7	-96.73	2.2	50	1	1	1
834	570	2004	9	14:20:00	MN	56	2	0	0	0.25	0.0	46.52	-95.68	4.0	100	1	1	1
835	1575	2004	9	17:04:00	IA	113	1	0	0	0.05	0.0	41.9	-94.38	2.0	40	1	1	1
836	1579	2004	9	20:06:00	IA	119	1	0	0	0.03	0.0	41.88	-93.28	2.7	40	1	1	1
837	1581	2004	9	20:17:00	IA	120	1	0	0	0.01	0.0	41.98	-93.2	3.5	30	1	1	1
838	1210	2005	11	15:50:00	IA	34	1	0	0	0.01	0.0	41.92	-94.55	1.0	45	1	1	1
839	1201	2005	11	16:26:00	IA	36	2	2	0	3.25	0.0	41.7599	-94.0454	14.0	100	1	1	1
840	1200	2005	11	16:27:00	IA	35	3	3	1	12.4	0.0	42.17	-94.08	17.6	150	1	1	1
841	553	2005	11	16:30:00	IA	37	1	0	0	0.8	0.0	43.07	-95.9	1.0	100	1	1	1
842	1203	2005	11	16:48:00	IA	39	1	0	0	0.2	0.0	41.93	-93.92	6.0	75	1	1	1
843	1204	2005	11	16:58:00	IA	41	2	1	0	0.35	0.0	42.02	-93.7	12.0	100	1	1	1
844	1206	2005	11	17:20:00	IA	43	1	0	0	0.73	0.0	42.17	-93.52	8.0	75	1	1	1
845	1208	2005	11	18:40:00	IA	46	1	0	0	0.05	0.0	40.97	-92.72	1.5	50	1	1	1
846	535	2005	11	19:40:00	MO	27	1	1	0	0.75	0.0	37.08	-93.83	5.0	75	1	1	1
847	496	2005	11	14:35:00	IL	19	1	0	0	0.0	0.0	38.73	-88.82	5.0	100	1	1	1
848	543	2005	11	14:35:00	MO	31	1	2	0	0.06	0.0	36.58	-89.63	1.0	75	1	1	1
849	1233	2005	11	14:40:00	IN	13	3	31	0	12.1	0.0	38.68	-87.13	12.0	440	1	1	1
850	552	2005	11	15:15:00	IL	20	1	0	0	0.0	0.0	38.92	-88.27	10.0	40	1	1	1
851	1234	2005	11	15:25:00	IN	14	1	0	0	0.05	0.0	38.95	-86.47	0.2	50	1	1	1
852	1235	2005	11	16:19:00	IN	15	3	1	0	5.1	0.0	39.32	-85.8	10.0	300	1	1	1
853	533	2005	11	18:10:00	IN	16	1	0	0	0.01	0.0	40.57	-85.57	3.0	50	1	1	1
854	1241	2005	11	14:12:00	KS	123	1	0	0	0.25	0.0	38.63	-96.82	20.0	400	1	1	1
855	1242	2005	11	15:09:00	KS	129	1	0	0	0.9	0.0	39.07	-96.8	2.0	300	1	1	1
856	503	2005	11	16:06:00	KS	135	1	0	0	0.12	0.0	37.58	-95.22	6.0	80	1	1	1
857	550	2005	11	17:44:00	MO	33	1	0	0	1.2	0.0	39.32	-94.25	11.0	75	1	1	1
858	551	2005	11	17:59:00	MO	34	1	0	0	0.03	0.0	39.43	-94.2	2.0	75	1	1	1
859	1251	2005	11	18:42:00	MO	35	1	0	0	0.0	0.0	36.48	-92.15	1.0	100	1	1	1
860	1250	2005	11	18:46:00	MO	36	1	2	0	0.07	0.0	36.53	-92.15	3.0	100	1	1	1
861	1252	2005	11	18:56:00	MO	37	1	2	0	0.07	0.0	36.67	-92.0	5.0	100	1	1	1
862	549	2005	11	22:30:00	MO	38	2	0	1	0.25	0.0	36.53	-91.1	12.0	250	1	1	1
863	1247	2005	11	19:50:00	MO	24	1	0	0	0.5	0.0	36.83	-92.98	17.0	530	1	1	1
864	1248	2005	11	22:20:00	MO	25	2	0	0	1.5	0.0	36.52	-91.38	9.0	300	1	1	1
865	536	2005	11	22:39:00	MO	26	2	0	0	0.07	0.0	36.55	-91.15	7.4	250	1	1	1
866	1253	2005	11	01:45:00	IN	11	3	0	0	0.15	0.0	37.87	-87.7	4.2	400	2	1	2
867	1253	2005	11	01:54:00	IN	12	3	230	24	80.01	0.0	37.95	-87.55	28.5	500	2	1	2
868	3	2005	1	21:30:00	MO	2	1	0	0	0.3	0.0	36.87	-91.9	16.0	440	1	1	1
869	8	2005	1	03:05:00	IL	1	1	0	0	0.07	0.0	37.2	-89.18	11.0	100	1	1	1
870	645	2005	3	13:15:00	IA	4	1	0	0	0.03	0.0	42.67	-93.52	0.5	50	1	1	1
871	674	2005	3	19:53:00	IL	3	1	0	0	0.0	0.0	39.77	-88.57	2.0	150	1	1	1
872	717	2005	4	15:37:00	KS	17	1	0	0	0.0	0.0	39.0	-99.92	6.2	200	1	1	1
873	675	2005	4	16:00:00	KS	22	1	0	0	0.002	0.0	39.13	-99.92	0.2	25	1	1	1
874	677	2005	4	16:59:00	KS	26	1	0	0	0.07	0.0	38.72	-99.02	6.0	440	1	1	1
875	725	2005	4	17:05:00	KS	27	1	0	0	0.0	0.0	38.7	-99.05	1.4	50	1	1	1
876	683	2005	4	16:54:00	KS	37	3	0	0	0.2	0.0	37.42	-95.35	5.0	200	1	1	1
877	684	2005	4	17:19:00	KS	39	1	0	0	0.01	0.0	37.42	-95.2	7.0	100	1	1	1
878	708	2005	4	13:33:00	KS	4	1	0	0	0.0	0.0	37.28	-100.75	7.5	100	1	1	1
879	81	2005	5	15:55:00	NE	16	1	0	0	0.05	0.0	40.63	-100.58	2.0	50	1	1	1
880	782	2005	5	20:03:00	KS	44	2	0	0	0.35	0.0	37.6	-101.35	13.2	250	1	1	1
881	737	2005	5	17:58:00	IA	14	1	0	0	0.09	0.0	42.319	-94.4242	24.5	100	1	1	1
882	95	2005	5	13:15:00	OH	1	1	0	0	0.02	0.0	38.82	-83.25	2.0	50	1	1	1
883	799	2005	5	15:55:00	ND	6	1	0	0	0.0	0.0	47.9	-97.08	2.5	75	1	1	1
884	800	2005	5	16:19:00	ND	7	1	0	0	0.01	0.0	46.88	-97.42	3.0	75	1	1	1
885	115	2005	5	14:18:00	MN	13	2	0	0	0.01	0.0	47.87	-96.62	0.3	75	1	1	1
886	114	2005	5	19:45:00	ND	1	1	0	0	0.0	0.0	47.28	-98.23	0.3	15	1	1	1
887	943	2005	6	14:00:00	WI	30	1	0	0	0.0	0.0	45.45	-92.02	5.0	50	1	1	1
888	945	2005	6	14:04:00	WI	31	1	0	0	3.6	0.0	44.92	-92.55	8.0	50	1	1	1
889	242	2005	6	15:30:00	MN	20	1	0	0	0.0	0.0	47.08	-96.52	0.2	100	1	1	1
890	210	2005	6	16:00:00	MN	21	1	0	0	0.0	0.0	45.92	-92.6	6.0	25	1	1	1
891	856	2005	6	16:35:00	IN	1	1	0	0	0.1	0.0	38.92	-85.73	5.3	75	1	1	1
892	141	2005	6	17:05:00	IL	14	1	0	0	0.0	0.0	39.05	-89.92	3.0	70	1	1	1
893	142	2005	6	17:10:00	IL	15	1	0	0	0.0	0.0	39.07	-89.85	2.5	60	1	1	1
894	974	2005	6	17:45:00	KS	93	1	0	0	0.0	0.0	37.48	-100.77	10.5	100	1	1	1
895	158	2005	6	03:45:00	ND	23	1	0	0	0.25	0.0	48.05	-99.92	3.0	75	1	1	1
896	983	2005	6	03:56:00	ND	24	1	0	0	0.0	0.0	48.05	-99.85	2.0	100	1	1	1
897	984	2005	6	04:15:00	ND	25	1	0	0	0.0	0.0	48.17	-99.58	0.2	100	1	1	1
898	985	2005	6	04:18:00	ND	26	1	0	0	0.0	0.0	48.07	-99.45	0.2	100	1	1	1
899	988	2005	6	07:10:00	ND	29	1	0	0	0.0	0.0	46.55	-97.93	1.0	100	1	1	1
900	989	2005	6	08:44:00	ND	30	1	0	0	0.0	0.0	46.05	-96.82	7.0	100	1	1	1
901	990	2005	6	09:40:00	MN	26	1	0	0	0.0	0.0	45.97	-95.9	0.2	100	1	1	1
902	991	2005	6	09:44:00	MN	27	2	0	0	0.0	0.0	46.45	-95.63	4.0	200	1	1	1
903	992	2005	6	10:14:00	MN	28	2	0	0	0.0	0.0	46.42	-95.23	0.3	200	1	1	1
904	995	2005	6	14:40:00	ND	33	1	0	0	0.0	0.0	48.9	-97.97	4.0	100	1	1	1
905	997	2005	6	15:14:00	ND	35	1	0	0	0.0	0.0	48.52	-97.47	2.5	100	1	1	1
906	999	2005	6	15:22:00	MN	30	2	0	0	0.0	0.0	48.93	-96.93	1.0	200	1	1	1
907	1000	2005	6	16:15:00	MN	31	1	0	0	0.0	0.0	48.93	-93.83	5.0	100	1	1	1
908	1001	2005	6	16:22:00	MN	32	2	0	0	0.0	0.0	47.83	-96.92	2.0	200	1	1	1
909	1002	2005	6	16:34:00	MN	33	2	0	0	0.0	0.0	47.85	-96.73	1.5	200	1	1	1
910	1004	2005	6	16:48:00	MN	35	1	0	0	0.0	0.0	47.9	-96.53	5.0	100	1	1	1
911	1006	2005	6	18:25:00	MN	37	1	0	0	0.0	0.0	46.92	-96.2	2.0	100	1	1	1
912	1007	2005	6	18:35:00	MN	39	1	0	0	0.0	0.0	47.67	-95.2	5.0	100	1	1	1
913	1008	2005	6	19:20:00	MN	40	1	0	0	0.0	0.0	47.7	-94.57	2.0	100	1	1	1
914	1015	2005	6	14:35:00	MN	41	1	0	0	0.0	0.0	46.93	-95.18	2.5	100	1	1	1
915	161	2005	6	18:49:00	ND	39	1	0	0	0.0	0.0	46.33	-102.32	4.0	70	1	1	1
916	162	2005	6	19:03:00	ND	40	1	0	0	0.0	0.0	46.32	-102.15	3.0	60	1	1	1
917	245	2005	6	19:40:00	ND	41	1	0	0	0.0	0.0	46.08	-97.97	1.0	100	1	1	1
918	127	2005	6	15:49:00	NE	33	2	0	0	0.3	0.0	41.67	-103.58	17.0	250	1	1	1
919	1009	2005	6	14:25:00	ND	42	2	0	0	0.0	0.0	45.95	-97.62	8.0	200	1	1	1
920	1011	2005	6	16:05:00	MN	42	1	0	0	0.0	0.0	46.77	-96.18	1.0	100	1	1	1
921	1012	2005	6	16:09:00	MN	43	1	0	0	0.0	0.0	46.78	-96.15	3.0	100	1	1	1
922	1013	2005	6	16:10:00	MN	44	2	0	0	0.0	0.0	46.37	-95.95	1.5	200	1	1	1
923	145	2005	6	22:15:00	KS	94	1	0	0	0.1	0.0	39.28	-98.12	1.0	60	1	1	1
924	152	2005	6	19:33:00	ND	9	1	0	0	0.0	0.0	46.22	-102.32	11.0	70	1	1	1
925	150	2005	6	19:53:00	ND	10	1	0	0	0.0	0.0	46.37	-102.17	16.0	70	1	1	1
926	151	2005	6	20:45:00	ND	11	1	0	0	0.0	0.0	46.63	-102.48	4.0	50	1	1	1
927	227	2005	6	20:35:00	KS	50	1	0	0	0.0	0.0	39.58	-101.8	3.0	75	1	1	1
928	956	2005	6	16:25:00	KS	53	1	0	0	0.05	0.0	37.7	-101.37	3.4	100	1	1	1
929	861	2005	6	20:43:00	KS	55	1	0	0	0.05	0.0	37.07	-97.0	3.0	110	1	1	1
930	862	2005	6	22:48:00	KS	56	1	0	0	0.03	0.0	37.05	-96.82	6.0	110	1	1	1
931	887	2005	6	05:50:00	MO	6	1	2	0	1.1	0.0	38.67	-94.07	8.0	75	1	1	1
932	975	2005	6	15:18:00	KS	59	2	0	0	0.4	0.0	39.77	-95.53	3.0	100	1	1	1
933	892	2005	6	15:27:00	WI	6	1	0	0	0.6	0.0	44.73	-90.53	17.0	50	1	1	1
934	976	2005	6	16:30:00	KS	60	1	0	0	0.25	0.0	39.23	-96.48	0.5	100	1	1	1
935	890	2005	6	17:48:00	MO	8	1	0	0	0.0	0.0	40.38	-94.47	0.5	100	1	1	1
936	889	2005	6	17:50:00	MO	9	1	0	0	0.18	0.0	40.38	-94.45	15.0	100	1	1	1
937	886	2005	6	18:10:00	MO	11	1	0	0	0.0	0.0	40.53	-94.25	5.0	100	1	1	1
938	123	2005	6	18:15:00	IA	18	1	0	0	0.0	0.0	40.62	-94.1	1.0	50	1	1	1
939	173	2005	6	16:40:00	MI	2	1	0	0	0.03	0.0	46.47	-89.57	0.3	50	1	1	1
940	815	2005	6	17:15:00	NE	27	1	0	0	0.01	0.0	41.63	-101.62	2.1	50	1	1	1
941	154	2005	6	20:30:00	ND	13	1	0	0	0.0	0.0	46.88	-103.2	1.0	60	1	1	1
942	155	2005	6	23:02:00	ND	14	1	0	0	0.0	0.0	46.75	-100.7	1.0	60	1	1	1
943	190	2005	6	17:20:00	SD	5	1	0	0	0.05	0.0	43.43	-103.22	0.6	130	1	1	1
944	179	2005	6	21:15:00	SD	6	1	0	0	0.0	0.0	45.03	-99.13	0.2	30	1	1	1
945	182	2005	6	22:20:00	SD	9	1	0	0	0.0	0.0	45.82	-98.5	0.1	30	1	1	1
946	183	2005	6	22:35:00	SD	10	1	0	0	0.0	0.0	45.78	-98.02	0.1	30	1	1	1
947	978	2005	6	15:37:00	ND	18	1	0	0	0.0	0.0	48.85	-97.65	5.0	100	1	1	1
948	979	2005	6	15:53:00	ND	19	1	0	0	0.0	0.0	48.97	-97.55	3.0	100	1	1	1
949	904	2005	6	15:20:00	KS	66	2	0	0	0.0	0.0	39.28	-99.95	9.5	400	1	1	1
950	836	2005	6	16:25:00	KS	73	1	0	0	0.3	0.0	39.27	-99.47	9.0	60	1	1	1
951	837	2005	6	16:34:00	KS	74	1	0	0	0.3	0.0	39.3	-99.53	6.0	90	1	1	1
952	838	2005	6	16:57:00	KS	75	1	0	0	0.3	0.0	39.43	-99.3	4.0	50	1	1	1
953	959	2005	6	17:00:00	KS	76	3	0	0	0.0	0.0	38.85	-100.0	6.0	200	1	1	1
954	960	2005	6	17:16:00	KS	77	1	0	0	0.0	0.0	38.92	-99.87	3.5	100	1	1	1
955	961	2005	6	17:24:00	KS	78	1	0	0	0.0	0.0	38.95	-99.77	4.4	100	1	1	1
956	962	2005	6	17:29:00	KS	79	1	0	0	3.0	0.0	38.9	-99.78	8.2	100	1	1	1
957	965	2005	6	17:46:00	KS	82	1	0	0	0.0	0.0	37.37	-100.23	0.8	20	1	1	1
958	966	2005	6	17:55:00	KS	83	2	0	0	0.0	0.0	37.32	-100.33	9.2	200	1	1	1
959	908	2005	6	18:33:00	KS	88	1	0	0	0.0	0.0	38.8	-100.28	1.5	50	1	1	1
960	970	2005	6	19:05:00	KS	89	1	0	0	0.0	0.0	37.37	-100.23	8.0	150	1	1	1
961	1061	2005	7	22:10:00	ND	50	1	0	0	0.0	0.0	48.97	-98.8	4.0	100	1	1	1
962	270	2005	7	15:07:00	WI	34	1	0	0	0.3	0.0	42.82	-88.92	2.0	50	1	1	1
963	309	2005	7	23:35:00	MI	4	1	0	0	0.15	0.0	43.9	-85.85	4.0	850	1	1	1
964	1074	2005	7	19:25:00	IN	5	2	0	0	0.45	0.0	40.68	-86.22	4.0	100	1	1	1
965	1017	2005	7	19:30:00	IN	7	1	0	0	0.25	0.0	40.28	-86.52	0.2	50	1	1	1
966	1048	2005	7	18:45:00	MN	51	2	0	0	0.0	0.0	48.85	-97.12	4.0	200	1	1	1
967	1049	2005	7	19:06:00	MN	52	2	0	0	0.0	0.0	48.92	-97.07	1.5	200	1	1	1
968	1050	2005	7	19:28:00	MN	53	1	0	0	0.25	0.0	48.92	-97.12	2.0	100	1	1	1
969	1051	2005	7	19:48:00	MN	54	1	0	0	0.05	0.0	48.85	-97.07	3.0	100	1	1	1
970	1052	2005	7	19:50:00	MN	55	2	0	0	0.0	0.0	48.88	-97.08	1.5	200	1	1	1
971	1053	2005	7	20:09:00	MN	56	2	0	0	0.0	0.0	48.93	-97.0	2.0	200	1	1	1
972	1055	2005	7	23:15:00	MN	59	1	0	0	0.0	0.0	49.0	-95.97	1.0	100	1	1	1
973	1056	2005	7	14:35:00	MN	60	1	0	0	0.0	0.0	48.85	-96.42	2.0	100	1	1	1
974	928	2005	7	16:45:00	KS	104	1	0	0	0.06	0.0	37.75	-97.9	1.0	110	1	1	1
975	335	2005	8	14:51:00	IN	9	1	0	0	0.03	0.0	40.95	-86.28	0.8	75	1	1	1
976	1096	2005	8	14:46:00	WI	36	1	1	0	0.15	0.0	43.63	-91.03	1.2	25	1	1	1
977	1097	2005	8	15:05:00	WI	37	2	3	0	3.3	0.0	43.52	-90.77	20.0	40	1	1	1
978	1098	2005	8	15:40:00	WI	38	1	0	0	0.2	0.0	43.18	-90.45	4.0	55	1	1	1
979	1099	2005	8	15:54:00	WI	39	1	0	0	0.14	0.0	43.98	-90.42	10.0	25	1	1	1
980	1134	2005	8	16:18:00	WI	41	1	0	0	0.02	0.0	43.13	-90.2	6.5	100	1	1	1
981	1136	2005	8	16:30:00	WI	42	1	0	0	0.002	0.0	43.17	-90.08	1.9	75	1	1	1
982	1137	2005	8	16:33:00	WI	43	2	0	0	0.61	0.0	43.37	-89.9	14.5	200	1	1	1
983	1100	2005	8	16:39:00	WI	44	1	0	0	0.01	0.0	43.78	-89.82	0.8	30	1	1	1
984	1139	2005	8	17:08:00	WI	46	1	0	0	0.1	0.0	43.9	-89.47	5.5	100	1	1	1
985	1141	2005	8	17:15:00	WI	48	3	23	1	34.31	0.0	42.92	-89.43	18.6	600	1	1	1
986	1143	2005	8	18:10:00	WI	51	1	0	0	0.07	0.0	42.95	-89.05	1.6	100	1	1	1
987	1145	2005	8	18:20:00	WI	53	1	0	0	0.03	0.0	42.93	-88.95	0.7	50	1	1	1
988	1146	2005	8	18:27:00	WI	54	1	0	0	0.03	0.0	42.93	-88.93	1.2	50	1	1	1
989	1147	2005	8	18:37:00	WI	55	1	0	0	0.35	0.0	42.92	-88.87	1.4	50	1	1	1
990	1149	2005	8	18:44:00	WI	58	1	0	0	0.02	0.0	42.87	-88.9	3.0	75	1	1	1
991	1116	2005	8	19:45:00	WI	60	1	0	0	0.01	0.0	44.37	-88.05	1.0	100	1	1	1
992	1117	2005	8	20:35:00	WI	61	1	0	0	0.01	0.0	44.0	-87.72	1.5	100	1	1	1
993	1154	2005	8	15:44:00	KS	108	1	0	0	0.25	0.0	38.42	-98.7	4.0	110	1	1	1
994	353	2005	8	14:20:00	OH	3	1	0	0	0.18	0.0	41.17	-81.87	0.1	25	1	1	1
995	1102	2005	8	16:49:00	MN	63	1	0	0	0.0	0.0	46.43	-96.28	0.3	50	1	1	1
996	1103	2005	8	17:15:00	MN	64	1	0	0	0.0	0.0	46.45	-96.0	1.0	50	1	1	1
997	1167	2005	9	18:40:00	MN	66	1	0	0	0.0	0.0	44.9	-95.67	1.0	20	1	1	1
998	1168	2005	9	18:43:00	MN	67	1	0	0	0.0	0.0	44.9	-95.65	1.0	20	1	1	1
999	1169	2005	9	21:15:00	MN	68	1	1	0	0.0	0.0	45.05	-93.67	3.0	30	1	1	1
1000	414	2005	9	14:17:00	WI	62	1	0	0	0.01	0.0	44.02	-91.25	2.0	65	1	1	1
1001	386	2005	9	16:15:00	IL	16	1	0	0	0.0	0.0	39.87	-91.02	1.0	50	1	1	1
1002	1173	2005	9	18:16:00	MN	72	2	1	0	0.0	0.0	45.17	-93.32	2.0	50	1	1	1
1003	1165	2005	9	18:50:00	ND	52	2	0	0	0.0	0.0	46.7	-96.85	4.0	200	1	1	1
1004	1166	2005	9	19:00:00	ND	53	1	0	0	0.0	0.0	46.75	-96.82	1.5	100	1	1	1
1005	415	2005	9	19:04:00	MN	65	1	0	0	0.0	0.0	46.75	-96.78	2.5	100	1	1	1
1006	376	2005	9	11:30:00	IA	33	1	8	0	0.15	0.0	42.03	-93.62	0.7	75	1	1	1
1007	953	2006	10	16:25:00	OH	35	2	0	0	0.06	0.0	39.8	-83.11	0.5	50	1	1	1
1008	954	2006	10	16:49:00	OH	36	2	0	0	50.0	0.0	40.09	-82.79	0.5	150	1	1	1
1009	988	2006	10	15:15:00	KS	66	1	0	0	0.04	0.0	37.61	-101.45	6.5	70	1	1	1
1010	989	2006	10	15:15:00	KS	67	1	0	0	0.0	0.0	37.58	-101.48	0.7	20	1	1	1
1011	4	2006	1	05:25:00	MO	3	1	0	0	0.0	0.0	38.67	-90.42	1.0	50	1	1	1
1012	5	2006	1	08:02:00	IL	1	1	0	0	0.01	0.0	39.27	-89.12	0.1	35	1	1	1
1013	57	2006	2	16:35:00	IL	2	1	0	0	0.02	0.0	40.87	-87.73	0.1	25	1	1	1
1014	58	2006	2	18:54:00	IN	1	1	0	0	1.5	0.0	39.43	-87.37	4.2	100	1	1	1
1015	59	2006	2	19:18:00	MO	5	1	0	0	0.1	0.0	37.1	-89.55	0.5	225	1	1	1
1016	77	2006	3	19:55:00	MO	11	2	0	0	0.0	0.0	37.35	-90.97	35.5	450	1	1	1
1017	78	2006	3	20:48:00	MO	12	1	0	0	0.0	0.0	37.57	-90.38	0.7	75	1	1	1
1018	79	2006	3	20:54:00	MO	13	1	0	0	0.0	0.0	37.6	-90.32	11.0	300	1	1	1
1019	80	2006	3	21:20:00	MO	14	3	12	2	1.0	0.0	37.82	-90.0	11.0	400	2	1	2
1020	80	2006	3	21:20:00	MO	14	3	12	2	2.2	0.0	37.82	-90.0	53.5	400	2	0	1
1021	81	2006	3	21:42:00	MO	15	3	0	0	0.0	0.0	38.12	-90.33	3.1	200	2	1	2
1022	81	2006	3	21:42:00	MO	15	3	0	0	0.0	0.0	38.12	-90.33	5.1	200	2	0	1
1023	82	2006	3	21:46:00	IL	6	1	0	0	0.0	0.0	38.15	-90.25	2.4	100	1	1	1
1024	81	2006	3	21:47:00	IL	5	2	0	0	0.0	0.0	38.13	-90.27	2.0	100	2	1	2
1025	83	2006	3	23:26:00	IL	7	1	0	0	0.07	0.0	38.28	-88.65	1.0	600	1	1	1
1026	88	2006	3	09:12:00	MO	16	1	0	0	0.04	0.0	39.2	-94.22	17.0	150	1	1	1
1027	95	2006	3	15:50:00	MO	23	1	0	0	0.1	0.0	38.48	-93.6	13.0	150	1	1	1
1028	96	2006	3	16:12:00	MO	24	2	6	1	2.5	0.0	38.62	-93.28	11.2	500	1	1	1
1029	97	2006	3	16:25:00	MO	25	1	0	0	0.01	0.0	38.67	-93.05	1.0	250	1	1	1
1030	102	2006	3	18:25:00	MO	30	1	0	0	0.0	0.0	39.22	-91.28	5.0	125	1	1	1
1031	103	2006	3	19:04:00	IL	9	2	20	0	0.0	0.0	39.35	-90.68	67.0	880	1	1	1
1032	104	2006	3	19:20:00	IL	10	1	2	0	0.0	0.0	39.48	-90.43	3.5	100	1	1	1
1033	105	2006	3	19:25:00	IL	11	1	0	0	0.0	0.0	39.5	-90.42	11.8	75	1	1	1
1034	107	2006	3	19:52:00	MO	32	2	13	1	0.58	0.0	38.25	-94.33	26.0	450	1	1	1
1035	108	2006	3	19:58:00	IL	12	1	0	0	0.0	0.0	39.62	-90.05	12.0	440	1	1	1
1036	109	2006	3	20:07:00	MO	33	2	6	0	3.0	0.0	38.93	-93.45	20.0	150	1	1	1
1037	110	2006	3	20:24:00	IL	13	2	0	0	0.0	0.0	39.8	-89.65	4.0	400	1	1	1
1038	111	2006	3	20:28:00	MO	34	3	0	0	0.53	0.0	39.05	-93.2	35.0	350	1	1	1
1039	112	2006	3	20:32:00	IL	14	2	4	0	0.0	0.0	39.8	-89.53	12.5	200	1	1	1
1040	114	2006	3	20:40:00	MO	36	2	4	0	2.0	0.0	38.6	-93.67	12.8	200	1	1	1
1041	115	2006	3	20:47:00	MO	37	2	7	1	1.65	0.0	37.67	-94.25	38.0	300	1	1	1
1042	116	2006	3	20:57:00	IL	15	2	0	0	0.0	0.0	39.93	-89.32	2.5	400	1	1	1
1043	117	2006	3	21:00:00	IL	16	2	0	0	0.0	0.0	39.93	-89.28	3.5	200	1	1	1
1044	119	2006	3	21:03:00	IL	17	1	0	0	0.0	0.0	39.9	-89.25	10.0	400	1	1	1
1045	121	2006	3	21:16:00	IL	18	1	0	0	0.0	0.0	39.93	-89.07	8.0	600	1	1	1
1046	123	2006	3	21:18:00	MO	40	3	26	4	5.0	0.0	39.32	-92.48	19.7	300	1	1	1
1047	124	2006	3	21:25:00	MO	41	1	1	0	0.2	0.0	36.78	-94.47	7.0	75	1	1	1
1048	127	2006	3	21:43:00	MO	43	4	0	0	0.0	0.0	39.45	-92.18	29.0	500	1	1	1
1049	129	2006	3	22:15:00	MO	44	3	8	1	55.65	0.0	36.98	-93.8	42.0	250	1	1	1
1050	130	2006	3	22:17:00	MO	45	3	19	0	1.0	0.0	37.85	-93.43	17.0	200	1	1	1
1051	131	2006	3	22:20:00	MO	46	2	5	0	0.85	0.0	38.28	-92.85	6.0	100	1	1	1
1052	132	2006	3	22:55:00	MO	47	1	0	0	0.0	0.0	36.5	-93.52	5.0	75	2	1	2
1053	134	2006	3	23:03:00	MO	48	2	13	0	0.7	0.0	37.2	-93.0	7.0	150	1	1	1
1054	135	2006	3	23:15:00	MO	49	3	0	0	0.53	0.0	37.25	-92.87	32.0	200	1	1	1
1055	137	2006	3	23:30:00	MO	51	1	0	0	0.0	0.0	38.6	-91.98	14.0	150	1	1	1
1056	140	2006	3	00:00:00	MO	54	3	1	0	0.8	0.0	38.85	-91.32	6.0	300	1	1	1
1057	141	2006	3	00:30:00	MO	55	2	2	0	0.0	0.0	38.77	-92.07	13.0	100	1	1	1
1058	142	2006	3	01:20:00	MO	56	3	6	0	2.7	0.0	39.05	-91.37	38.5	300	2	1	2
1059	142	2006	3	01:20:00	MO	56	3	6	0	2.7	0.0	39.05	-91.37	44.5	300	2	0	1
1060	143	2006	3	01:36:00	MO	57	1	0	0	0.0	0.0	39.1	-91.08	0.2	75	1	1	1
1061	178	2006	3	14:13:00	KS	7	1	1	0	0.07	0.0	38.45	-97.25	6.0	75	1	1	1
1062	186	2006	3	16:04:00	KS	9	1	0	0	0.35	0.0	39.78	-95.78	3.0	100	1	1	1
1063	187	2006	3	16:06:00	KS	10	2	1	0	1.0	0.0	37.13	-95.92	16.0	125	1	1	1
1064	188	2006	3	17:35:00	KS	11	1	0	0	0.02	0.0	37.68	-95.85	10.0	75	1	1	1
1065	194	2006	3	19:10:00	MO	58	2	8	0	0.8	0.0	39.98	-94.92	5.0	800	1	1	1
1066	198	2006	3	20:28:00	MO	61	1	0	1	0.45	0.0	38.63	-93.43	13.6	75	1	1	1
1067	201	2006	3	22:55:00	IL	21	1	0	0	0.0	0.0	39.67	-91.05	4.5	200	1	1	1
1068	202	2006	3	23:10:00	IL	22	1	0	0	0.0	0.0	39.72	-90.92	2.7	250	1	1	1
1069	203	2006	3	17:05:00	MI	1	1	0	0	0.2	0.0	42.25	-84.27	7.0	65	1	1	1
1070	205	2006	3	18:20:00	IN	3	2	1	0	8.0	0.0	39.62	-86.1	17.0	700	1	1	1
1071	206	2006	3	18:38:00	OH	1	2	0	0	1.0	0.0	40.75	-84.62	2.0	300	1	1	1
1072	68	2006	3	17:44:00	MO	7	1	0	0	0.9	0.0	36.8	-89.97	1.2	175	1	1	1
1073	354	2006	4	19:15:00	IA	18	1	1	0	0.1	0.0	42.08	-91.33	3.7	880	1	1	1
1074	355	2006	4	19:16:00	IA	19	1	0	0	0.02	0.0	41.55	-91.68	3.6	350	1	1	1
1075	356	2006	4	19:29:00	IA	20	2	30	0	12.0	0.0	41.67	-91.55	4.5	587	1	1	1
1076	357	2006	4	19:38:00	IA	21	1	0	0	0.07	0.0	41.6	-91.48	5.1	700	1	1	1
1077	358	2006	4	19:45:00	IA	22	1	1	1	0.12	0.0	41.43	-91.38	9.4	440	1	1	1
1078	359	2006	4	19:48:00	IA	23	1	0	0	0.08	0.0	41.48	-91.38	4.8	176	1	1	1
1079	361	2006	4	20:19:00	IA	25	1	0	0	0.01	0.0	41.67	-91.48	0.5	25	1	1	1
1080	362	2006	4	20:29:00	IL	60	1	0	0	0.02	0.0	41.33	-90.98	13.0	880	1	1	1
1081	363	2006	4	20:42:00	IA	26	1	0	0	0.06	0.0	41.6	-90.37	1.5	100	1	1	1
1082	364	2006	4	20:57:00	IL	61	1	0	0	0.05	0.0	41.25	-90.97	1.5	100	1	1	1
1083	365	2006	4	21:07:00	IL	62	2	0	0	0.03	0.0	41.27	-90.62	2.0	50	1	1	1
1084	366	2006	4	21:12:00	IL	63	1	0	0	0.1	0.0	41.05	-90.55	0.8	200	1	1	1
1085	373	2006	4	18:18:00	IN	11	1	0	0	0.06	0.0	40.53	-86.75	2.3	100	1	1	1
1086	374	2006	4	20:58:00	IN	12	1	0	0	0.1	0.0	39.32	-85.63	0.8	530	1	1	1
1087	375	2006	4	15:33:00	NE	7	2	0	0	5.0	0.0	40.13	-96.78	34.0	880	1	1	1
1088	378	2006	4	17:33:00	NE	8	1	0	0	0.07	0.0	40.48	-95.85	2.5	150	1	1	1
1089	380	2006	4	17:44:00	KS	28	1	0	0	0.15	0.0	39.7	-95.5	4.0	75	1	1	1
1090	386	2006	4	19:43:00	MO	69	2	0	0	0.07	0.0	39.75	-94.48	13.0	100	1	1	1
1091	389	2006	4	13:35:00	IL	67	1	0	0	0.0	0.0	39.92	-89.1	1.0	100	1	1	1
1092	394	2006	4	16:09:00	IL	72	2	0	0	0.0	0.0	39.02	-88.43	4.0	200	1	1	1
1093	395	2006	4	16:15:00	IL	73	1	0	0	0.0	0.0	39.58	-88.32	5.0	150	1	1	1
1094	396	2006	4	16:18:00	IL	74	2	0	0	0.0	0.0	39.03	-88.35	1.5	150	1	1	1
1095	402	2006	4	18:06:00	IL	80	1	0	0	0.0	0.0	39.0	-87.73	0.1	75	1	1	1
1096	417	2006	4	18:08:00	MO	72	1	0	0	0.06	0.0	36.23	-89.9	15.0	100	1	1	1
1097	208	2006	4	19:20:00	KS	15	1	0	0	0.0	0.0	37.38	-98.85	12.8	300	1	1	1
1098	209	2006	4	20:20:00	KS	16	2	0	0	0.0	0.0	37.68	-98.63	4.9	200	1	1	1
1099	213	2006	4	15:03:00	IA	7	2	0	0	0.03	0.0	40.75	-92.0	3.0	100	1	1	1
1100	214	2006	4	15:15:00	IA	8	1	0	0	0.01	0.0	40.8	-91.92	2.0	50	1	1	1
1101	215	2006	4	15:18:00	IA	9	1	0	0	0.01	0.0	40.92	-91.98	0.3	50	1	1	1
1102	216	2006	4	15:19:00	IA	10	1	0	0	0.01	0.0	40.87	-91.82	3.0	50	1	1	1
1103	217	2006	4	15:25:00	MO	62	2	0	0	0.0	0.0	39.53	-91.63	3.5	350	1	1	1
1104	218	2006	4	15:46:00	IA	11	2	0	0	0.03	0.0	41.3	-91.7	1.0	75	1	1	1
1105	220	2006	4	16:00:00	IA	12	1	0	0	0.01	0.0	41.45	-91.62	0.1	50	1	1	1
1106	226	2006	4	16:15:00	IL	25	2	11	1	0.0	0.0	38.57	-90.0	7.0	100	1	1	1
1107	228	2006	4	16:20:00	IL	27	1	0	0	0.15	0.0	40.5	-90.87	12.0	233	1	1	1
1108	230	2006	4	16:30:00	IL	29	1	0	0	0.0	0.0	38.72	-89.7	2.0	100	1	1	1
1109	235	2006	4	16:46:00	IL	32	1	0	0	0.0	0.0	39.63	-89.9	0.5	200	1	1	1
1110	236	2006	4	16:49:00	IL	33	1	0	0	0.0	0.0	39.75	-89.9	2.0	100	1	1	1
1111	237	2006	4	16:50:00	IL	34	2	0	0	0.0	0.0	39.15	-89.48	20.0	200	1	1	1
1112	239	2006	4	16:56:00	IL	36	1	0	0	0.0	0.0	39.7	-89.7	1.0	100	1	1	1
1113	238	2006	4	16:56:00	IL	35	1	0	0	0.0	0.0	39.43	-89.57	2.2	100	1	1	1
1114	240	2006	4	16:58:00	IL	37	1	0	0	0.0	0.0	39.8	-89.65	1.0	100	1	1	1
1115	243	2006	4	17:06:00	IL	39	1	0	0	0.0	0.0	39.8	-89.65	0.8	50	1	1	1
1116	244	2006	4	17:08:00	IL	40	1	1	0	0.0	0.0	39.52	-89.4	6.3	300	1	1	1
1117	245	2006	4	17:13:00	IL	41	1	1	0	0.0	0.0	39.83	-89.5	1.5	100	1	1	1
1118	246	2006	4	17:14:00	IL	42	1	0	0	0.0	0.0	39.32	-89.13	6.0	150	1	1	1
1119	248	2006	4	17:20:00	IL	44	1	0	0	0.0	0.0	39.52	-89.05	1.0	100	1	1	1
1120	251	2006	4	17:30:00	IL	46	2	0	0	0.0	0.0	39.68	-89.02	4.5	300	1	1	1
1121	254	2006	4	17:36:00	IL	49	1	3	0	0.0	0.0	39.77	-89.0	7.5	150	1	1	1
1122	233	2006	4	17:37:00	MO	65	3	130	2	60.0	0.0	36.17	-90.12	32.0	880	2	1	2
1123	261	2006	4	18:13:00	IL	55	1	0	0	0.0	0.0	40.38	-88.63	1.0	50	1	1	1
1124	267	2006	4	19:07:00	IN	4	1	0	0	0.1	0.0	38.73	-86.47	0.5	100	1	1	1
1125	269	2006	4	19:25:00	IN	5	1	0	0	0.05	0.0	40.23	-86.87	0.5	100	1	1	1
1126	270	2006	4	19:37:00	IN	6	1	0	0	0.2	0.0	38.97	-85.9	0.5	100	1	1	1
1127	280	2006	4	14:53:00	KS	17	1	0	0	0.07	0.0	38.93	-97.43	2.6	200	1	1	1
1128	281	2006	4	15:03:00	KS	18	1	0	0	0.03	0.0	39.07	-97.35	2.5	200	1	1	1
1129	284	2006	4	15:40:00	KS	21	1	0	0	0.1	0.0	39.38	-97.15	9.0	880	1	1	1
1130	285	2006	4	16:20:00	KS	22	2	0	0	0.75	0.0	39.78	-96.87	17.0	440	2	1	2
1131	285	2006	4	16:20:00	KS	22	2	0	0	0.75	0.0	39.78	-96.87	17.3	440	2	0	1
1132	287	2006	4	18:08:00	KS	23	1	12	0	0.23	0.0	37.0	-95.12	8.0	40	2	1	2
1133	289	2006	4	18:46:00	KS	24	1	0	0	0.0	0.0	37.23	-94.63	1.0	75	2	1	2
1134	289	2006	4	18:46:00	KS	24	1	0	0	0.1	0.0	37.23	-94.63	5.0	250	2	0	1
1135	289	2006	4	18:55:00	MO	67	1	0	0	0.1	0.0	37.25	-94.62	4.0	250	2	1	2
1136	303	2006	4	15:14:00	IN	7	1	0	0	0.04	0.0	40.87	-84.97	0.8	100	1	1	1
1137	306	2006	4	15:45:00	IN	8	1	0	0	0.12	0.0	38.32	-87.12	0.7	75	1	1	1
1138	529	2006	5	17:49:00	IN	18	1	0	0	0.15	0.0	38.27	-87.0	1.4	100	1	1	1
1139	557	2006	5	15:05:00	IL	84	1	0	0	0.1	0.0	39.47	-89.57	3.8	150	1	1	1
1140	560	2006	5	16:20:00	IL	86	1	0	0	0.07	0.0	41.03	-87.8	1.5	50	1	1	1
1141	566	2006	5	15:06:00	IN	19	2	0	0	1.0	0.0	38.47	-87.12	2.2	200	1	1	1
1142	457	2006	5	17:19:00	SD	1	1	0	0	0.05	0.0	44.42	-97.37	2.1	100	1	1	1
1143	494	2006	5	19:40:00	KS	38	1	0	0	0.0	0.0	37.75	-100.82	3.5	150	1	1	1
1144	495	2006	5	19:51:00	KS	39	1	0	0	0.0	0.0	37.73	-100.85	1.0	75	1	1	1
1145	498	2006	5	22:40:00	MN	2	1	0	0	0.0	0.0	47.62	-95.87	0.5	50	1	1	1
1146	611	2006	6	15:35:00	NE	10	1	0	0	0.1	0.0	42.82	-102.05	1.0	30	1	1	1
1147	640	2006	6	13:19:00	KS	45	1	0	0	0.01	0.0	39.35	-101.72	0.7	10	1	1	1
1148	639	2006	6	13:19:00	KS	44	1	0	0	0.03	0.0	39.35	-101.73	1.0	8	1	1	1
1149	648	2006	6	13:26:00	WI	8	1	1	0	4.0	0.0	43.32	-88.45	5.8	400	1	1	1
1150	652	2006	6	17:09:00	NE	15	1	0	0	0.15	0.0	42.7	-102.45	0.1	10	1	1	1
1151	669	2006	6	12:07:00	MO	84	1	0	0	0.0	0.0	39.25	-91.93	1.0	50	1	1	1
1152	673	2006	6	12:43:00	OH	5	1	0	0	0.01	0.0	40.75	-84.72	0.1	25	1	1	1
1153	677	2006	6	13:18:00	OH	8	1	0	0	0.02	0.0	40.83	-83.92	0.1	50	1	1	1
1154	683	2006	6	15:30:00	OH	10	2	0	0	0.75	0.0	40.62	-81.78	6.0	100	1	1	1
1155	684	2006	6	15:45:00	OH	11	1	0	0	1.5	0.0	40.72	-81.6	4.0	75	1	1	1
1156	685	2006	6	15:47:00	OH	12	1	0	0	0.05	0.0	40.62	-81.55	3.0	50	1	1	1
1157	686	2006	6	15:58:00	OH	13	1	0	0	0.5	0.0	40.67	-81.32	3.5	50	1	1	1
1158	594	2006	6	15:40:00	MN	3	1	0	0	0.0	0.0	46.32	-95.18	1.0	50	1	1	1
1159	596	2006	6	16:30:00	MN	4	1	0	0	0.0	0.0	45.78	-95.95	1.5	50	1	1	1
1160	600	2006	6	15:00:00	IA	29	1	0	0	0.03	0.0	41.4	-91.98	0.2	175	1	1	1
1161	603	2006	6	17:54:00	WI	4	1	0	0	1.0	0.0	43.63	-89.7	16.9	200	1	1	1
1162	606	2006	6	16:50:00	IN	21	1	4	0	0.4	0.0	39.03	-85.82	8.1	300	1	1	1
1163	607	2006	6	18:38:00	NE	9	1	0	0	0.07	0.0	41.45	-100.22	0.1	20	1	1	1
1164	724	2006	7	13:40:00	OH	16	1	0	0	0.3	0.0	40.62	-82.37	6.0	40	1	1	1
1165	727	2006	7	17:20:00	OH	17	1	0	0	0.2	0.0	39.55	-84.35	4.0	50	1	1	1
1166	728	2006	7	17:42:00	OH	18	1	0	0	0.07	0.0	39.65	-84.25	0.8	50	1	1	1
1167	731	2006	7	18:39:00	OH	21	1	0	0	0.1	0.0	39.22	-84.2	1.0	350	1	1	1
1168	742	2006	7	19:35:00	MO	88	1	0	0	0.01	0.0	40.48	-92.5	1.1	75	1	1	1
1169	750	2006	7	10:55:00	IL	108	1	0	0	0.0	0.0	38.55	-89.57	2.5	60	1	1	1
1170	764	2006	7	18:15:00	IL	112	1	0	0	0.04	0.0	40.38	-87.7	2.8	50	1	1	1
1171	770	2006	7	16:02:00	MN	7	1	0	0	0.05	0.0	48.6	-96.83	4.5	50	1	1	1
1172	806	2006	8	18:10:00	SD	9	1	0	0	0.0	0.0	45.27	-96.63	0.3	20	1	1	1
1173	823	2006	8	12:55:00	ND	20	2	0	0	0.2	0.0	47.35	-101.3	2.0	90	1	1	1
1174	826	2006	8	15:40:00	SD	10	1	0	0	0.0	0.0	44.75	-100.0	5.0	600	1	1	1
1175	827	2006	8	16:03:00	SD	11	3	1	0	0.0	0.0	45.67	-99.68	14.0	300	1	1	1
1176	830	2006	8	16:30:00	MN	21	3	37	1	23.5	0.0	44.27	-94.27	33.0	880	1	1	1
1177	832	2006	8	17:07:00	SD	14	2	0	0	0.0	0.0	44.52	-99.07	5.0	300	1	1	1
1178	833	2006	8	17:28:00	SD	15	3	2	0	15.0	0.0	44.43	-98.78	24.5	500	1	1	1
1179	834	2006	8	18:18:00	SD	16	2	0	0	2.0	0.0	44.32	-98.17	7.0	300	1	1	1
1180	848	2006	8	17:55:00	IN	24	1	0	0	0.12	0.0	40.83	-84.9	2.0	75	1	1	1
1181	851	2006	8	19:45:00	OH	33	1	0	0	0.01	0.0	40.9	-84.3	1.0	75	1	1	1
1182	781	2006	8	18:14:00	MN	12	3	0	0	2.0	0.0	43.9	-94.72	1.5	440	1	1	1
1183	782	2006	8	18:33:00	MN	13	1	0	0	0.5	0.0	43.92	-94.65	3.0	100	1	1	1
1184	783	2006	8	18:44:00	MN	14	1	0	0	0.5	0.0	43.93	-94.63	1.0	50	1	1	1
1185	787	2006	8	17:41:00	MN	15	1	0	0	0.0	0.0	48.92	-95.48	5.0	50	1	1	1
1186	788	2006	8	18:02:00	MN	16	3	0	0	20.0	0.0	48.9	-95.33	4.0	500	1	1	1
1187	791	2006	8	18:25:00	MN	18	1	0	0	0.0	0.0	48.58	-95.55	11.0	100	1	1	1
1188	792	2006	8	18:33:00	ND	14	1	0	0	0.0	0.0	46.65	-97.18	3.0	50	1	1	1
1189	795	2006	8	17:49:00	KS	52	1	4	0	0.12	0.0	39.37	-101.05	5.0	25	1	1	1
1190	867	2006	9	19:05:00	NE	21	2	0	0	0.0	0.0	41.1	-97.32	1.0	100	1	1	1
1191	870	2006	9	15:10:00	SD	19	2	0	0	0.1	0.0	43.55	-97.5	12.0	100	1	1	1
1192	873	2006	9	15:54:00	SD	22	1	0	0	0.01	0.0	43.82	-96.92	1.8	50	1	1	1
1193	883	2006	9	20:52:00	MN	25	2	0	1	30.05	0.0	45.2	-93.63	8.0	100	1	1	1
1194	884	2006	9	12:53:00	KS	57	1	0	0	0.1	0.0	38.82	-98.93	6.0	75	1	1	1
1195	901	2006	9	13:42:00	MO	93	2	0	0	0.0	0.0	37.53	-91.02	25.2	550	1	1	1
1196	900	2006	9	13:42:00	MO	92	1	0	0	0.0	0.0	38.08	-91.3	10.4	80	1	1	1
1197	902	2006	9	14:11:00	MO	94	1	0	0	0.0	0.0	38.17	-90.85	3.1	150	1	1	1
1198	903	2006	9	14:18:00	MO	95	1	0	0	0.0	0.0	38.17	-90.77	1.5	100	1	1	1
1199	904	2006	9	14:20:00	IL	118	3	2	0	0.5	0.0	37.2	-88.8	3.5	125	1	1	1
1200	905	2006	9	14:30:00	MO	96	2	1	0	0.15	0.0	37.6	-90.47	25.0	880	1	1	1
1201	906	2006	9	15:02:00	IL	119	1	0	0	0.015	0.0	37.23	-88.52	2.3	300	2	1	2
1202	906	2006	9	15:02:00	IL	119	1	0	0	0.365	0.0	37.23	-88.52	9.3	500	2	0	1
1203	907	2006	9	15:13:00	MO	97	4	5	0	7.0	0.0	37.68	-89.83	8.0	220	2	1	2
1204	907	2006	9	15:13:00	MO	97	4	6	0	7.8	0.0	37.68	-89.83	27.5	225	2	0	1
1205	907	2006	9	15:25:00	IL	120	2	1	0	0.8	0.0	37.77	-89.65	19.5	225	2	1	2
1206	911	2006	9	16:02:00	MO	98	2	0	0	0.0	0.0	37.63	-90.77	4.8	100	1	1	1
1207	912	2006	9	16:05:00	MO	99	1	0	0	0.0	0.0	38.17	-90.73	0.7	100	1	1	1
1208	928	2006	9	19:01:00	MO	100	1	0	0	0.004	0.0	36.57	-90.4	0.3	50	1	1	1
1209	930	2006	9	19:15:00	MO	101	1	0	0	1.5	0.0	38.0	-91.67	8.0	350	1	1	1
1210	1012	2007	10	18:35:00	MO	36	1	0	0	0.15	0.0	37.35	-93.49	2.8	100	1	1	1
1211	1018	2007	10	23:05:00	MO	40	2	0	2	0.05	0.0	39.52	-92.05	4.07	90	1	1	1
1212	1028	2007	10	15:25:00	MI	13	1	0	0	0.03	0.0	45.35	-84.39	10.21	215	1	1	1
1213	1029	2007	10	16:25:00	MI	14	2	0	0	0.24	0.0	45.1	-83.81	4.06	430	1	1	1
1214	1034	2007	10	17:34:00	IN	14	1	0	0	0.0	0.0	37.91	-86.73	8.15	200	1	1	1
1215	1035	2007	10	17:35:00	MI	15	2	1	1	1.1	0.0	44.67	-85.23	4.45	430	1	1	1
1216	1037	2007	10	18:12:00	MI	16	2	0	0	1.35	0.0	44.64	-84.3	11.63	865	1	1	1
1217	1044	2007	10	18:42:00	MI	17	1	0	0	0.055	0.0	44.78	-83.9	3.22	150	1	1	1
1218	1048	2007	10	19:00:00	MI	18	2	0	0	0.245	0.0	44.94	-83.62	0.25	230	1	1	1
1219	1053	2007	10	19:27:00	IN	16	1	0	0	0.005	0.0	38.27	-86.81	1.94	125	1	1	1
1220	1055	2007	10	20:03:00	IN	17	3	0	0	1.0	0.01	38.47	-85.55	4.8	440	1	1	1
1221	1056	2007	10	20:05:00	IN	18	3	0	0	14.6	0.0	41.3	-86.17	20.33	880	1	1	1
1222	1058	2007	10	20:28:00	MI	19	2	1	2	15.4	0.0	42.61	-84.3	19.0	300	1	1	1
1223	1062	2007	10	23:16:00	MI	21	1	1	0	0.5	0.0	43.26	-83.55	2.0	30	1	1	1
1224	1064	2007	10	23:45:00	MI	22	1	0	0	0.4	0.0	43.52	-83.24	3.0	100	1	1	1
1225	1065	2007	10	00:26:00	MI	23	1	0	0	0.25	0.0	43.93	-82.8	1.0	100	1	1	1
1226	987	2007	10	15:25:00	MO	25	1	0	0	0.011	0.0	40.45	-92.2	0.82	210	1	1	1
1227	988	2007	10	15:40:00	IA	38	1	0	0	0.075	0.0	41.58	-93.63	0.44	20	1	1	1
1228	989	2007	10	15:45:00	MO	26	2	1	0	0.06	0.0	39.59	-92.21	15.14	100	1	1	1
1229	991	2007	10	16:29:00	MO	28	1	1	0	0.1	0.0	39.75	-91.58	3.79	100	1	1	1
1230	993	2007	10	16:35:00	IA	39	1	0	0	0.1	0.0	40.68	-93.13	0.95	20	1	1	1
1231	999	2007	10	17:35:00	IA	42	1	0	0	0.075	0.0	41.35	-92.31	1.0	100	1	1	1
1232	47	2007	2	22:11:00	KS	2	1	0	0	0.275	0.0	37.45	-100.28	18.41	100	1	1	1
1233	58	2007	2	17:18:00	MO	1	1	0	0	0.2	0.0	38.65	-94.0	2.0	50	1	1	1
1234	69	2007	2	19:05:00	KS	7	1	0	0	0.0	0.0	38.07	-95.34	9.42	440	1	1	1
1235	71	2007	2	19:24:00	KS	9	4	0	0	0.4	0.0	38.13	-95.1	28.01	800	1	1	1
1236	72	2007	2	20:27:00	MO	2	1	0	0	0.05	0.0	38.33	-94.53	12.87	100	1	1	1
1237	73	2007	2	22:05:00	MO	3	1	0	0	0.05	0.0	38.67	-94.15	6.23	50	1	1	1
1238	184	2007	3	18:42:00	KS	17	1	0	0	0.078	0.0	37.38	-100.25	13.47	125	1	1	1
1239	190	2007	3	19:05:00	NE	5	1	0	0	0.0	0.0	41.41	-101.92	20.61	100	1	1	1
1240	193	2007	3	19:09:00	KS	21	1	0	0	0.275	0.0	38.44	-101.84	23.0	100	1	1	1
1241	194	2007	3	19:11:00	NE	7	1	0	0	0.015	0.0	40.69	-101.82	2.48	20	1	1	1
1242	197	2007	3	19:14:00	KS	22	1	0	0	0.16	0.0	37.67	-100.25	10.4	200	1	1	1
1243	198	2007	3	19:15:00	KS	23	2	0	0	2.1	0.0	39.48	-101.55	34.0	700	1	1	1
1244	201	2007	3	19:20:00	NE	10	1	0	0	0.015	0.0	40.76	-101.78	2.34	30	1	1	1
1245	200	2007	3	19:20:00	NE	9	2	0	0	1.2	0.0	40.76	-101.77	15.93	900	1	1	1
1246	204	2007	3	19:32:00	KS	24	1	0	0	0.003	0.0	37.9	-100.15	10.72	200	1	1	1
1247	208	2007	3	19:46:00	NE	11	1	0	0	0.001	0.0	41.88	-101.92	2.0	100	1	1	1
1248	209	2007	3	19:49:00	KS	26	1	0	0	0.006	0.0	39.75	-101.45	4.0	100	1	1	1
1249	212	2007	3	20:01:00	KS	27	3	0	0	0.535	0.0	38.08	-100.07	29.09	1320	1	1	1
1250	213	2007	3	20:09:00	KS	28	1	0	0	0.025	0.0	39.91	-101.44	3.0	200	2	1	2
1251	213	2007	3	20:09:00	KS	28	1	0	0	0.485	0.0	39.91	-101.44	15.0	440	2	0	1
1252	214	2007	3	20:11:00	NE	14	1	0	0	0.1	0.0	41.12	-101.75	0.69	20	1	1	1
1253	213	2007	3	20:17:00	NE	13	1	0	0	0.46	0.0	40.02	-101.49	12.0	440	2	1	2
1254	239	2007	3	13:35:00	NE	16	1	0	0	0.015	0.0	41.67	-96.56	1.0	440	1	1	1
1255	241	2007	3	16:29:00	IA	3	1	0	0	0.202	0.0	42.55	-91.35	11.85	200	1	1	1
1256	75	2007	3	01:40:00	MO	5	1	0	0	0.0	0.0	39.6	-92.15	3.36	60	1	1	1
1257	76	2007	3	01:43:00	MO	6	1	0	0	0.0	0.0	39.6	-92.1	8.62	100	1	1	1
1258	78	2007	3	06:24:00	MO	7	3	0	1	0.76	0.0	36.59	-92.15	15.0	200	1	1	1
1259	264	2007	4	16:37:00	IN	3	1	0	0	0.07	0.0	39.86	-86.58	4.9	75	1	1	1
1260	266	2007	4	17:25:00	IN	4	2	0	0	0.182	0.0	40.17	-85.96	4.1	100	1	1	1
1261	312	2007	4	20:16:00	NE	17	3	2	0	0.42	0.0	40.64	-100.28	15.74	440	1	1	1
1262	313	2007	4	21:02:00	NE	18	2	9	0	2.625	0.05	40.87	-100.21	18.92	1320	1	1	1
1263	342	2007	4	18:47:00	KS	36	1	0	0	0.002	0.0	38.88	-101.67	12.0	50	1	1	1
1264	347	2007	4	19:10:00	KS	39	1	0	0	0.0	0.0	37.12	-99.56	7.8	150	1	1	1
1265	356	2007	4	21:15:00	KS	44	1	0	0	0.016	0.0	39.42	-101.25	15.5	50	1	1	1
1266	357	2007	4	22:15:00	KS	45	1	0	0	0.305	0.0	39.57	-101.05	12.5	100	1	1	1
1267	358	2007	4	22:44:00	KS	46	1	0	0	0.026	0.0	39.7	-100.92	6.0	75	1	1	1
1268	392	2007	4	15:08:00	IN	5	1	0	0	0.04	0.0	41.68	-86.69	0.5	100	1	1	1
1269	393	2007	4	15:18:00	IN	6	1	1	0	0.04	0.0	41.7	-86.68	0.31	450	1	1	1
1270	395	2007	4	17:12:00	MI	1	1	0	0	0.01	0.0	41.95	-86.4	1.24	50	1	1	1
1271	396	2007	4	17:23:00	OH	3	1	0	0	0.07	0.0	38.94	-83.4	1.5	50	1	1	1
1272	643	2007	5	15:35:00	NE	35	1	0	0	0.01	0.0	41.2	-102.65	0.1	30	1	1	1
1273	650	2007	5	16:30:00	ND	7	1	0	0	0.0	0.0	47.03	-97.42	5.0	100	1	1	1
1274	447	2007	5	18:55:00	SD	3	1	0	0	0.0	0.0	43.87	-97.43	1.0	100	1	1	1
1275	454	2007	5	19:50:00	KS	62	1	0	0	0.0	0.0	37.32	-99.6	2.3	75	1	1	1
1276	455	2007	5	20:00:00	KS	63	5	63	11	250.0	0.0	37.36	-99.45	28.81	3000	1	1	1
1277	456	2007	5	20:08:00	KS	64	1	0	0	0.0	0.0	37.38	-99.41	1.25	50	1	1	1
1278	461	2007	5	20:55:00	KS	69	1	0	0	0.0	0.0	37.56	-99.25	4.6	100	1	1	1
1279	463	2007	5	21:03:00	KS	71	3	1	0	1.5	0.0	37.63	-99.26	23.5	3872	1	1	1
1280	464	2007	5	21:39:00	KS	72	3	2	1	0.0	0.0	37.69	-99.07	18.22	2110	1	1	1
1281	465	2007	5	22:20:00	KS	73	1	0	0	0.075	0.0	39.74	-99.34	0.5	75	1	1	1
1282	466	2007	5	22:34:00	KS	74	3	0	1	0.0	0.0	37.9	-98.95	17.4	1515	1	1	1
1283	467	2007	5	23:28:00	KS	75	1	0	0	0.0	0.0	38.16	-98.69	5.7	150	1	1	1
1284	470	2007	5	00:21:00	KS	78	1	0	0	2.0	0.0	38.44	-98.57	5.54	100	1	1	1
1285	471	2007	5	00:28:00	KS	79	1	0	0	0.057	0.0	38.43	-98.53	6.18	125	1	1	1
1286	472	2007	5	00:46:00	KS	80	1	0	0	0.04	0.0	38.47	-98.5	5.19	100	1	1	1
1287	474	2007	5	11:23:00	NE	22	1	0	0	0.15	0.0	41.12	-100.17	20.6	150	1	1	1
1288	476	2007	5	12:03:00	NE	23	1	0	0	0.08	0.0	41.51	-100.09	54.97	220	1	1	1
1289	478	2007	5	14:57:00	NE	25	1	1	0	0.1	0.0	42.72	-99.68	16.7	100	1	1	1
1290	479	2007	5	15:31:00	SD	5	1	0	0	0.002	0.0	44.15	-97.78	0.1	50	1	1	1
1291	480	2007	5	15:33:00	SD	6	2	0	0	0.05	0.0	42.95	-97.83	3.5	100	1	1	1
1292	481	2007	5	15:35:00	SD	7	2	0	0	0.02	0.0	44.07	-97.6	1.0	100	1	1	1
1293	482	2007	5	15:43:00	SD	8	2	0	0	0.1	0.0	43.07	-97.9	4.0	100	1	1	1
1294	484	2007	5	15:58:00	NE	26	1	0	0	0.0	0.0	40.37	-97.2	18.3	400	1	1	1
1295	485	2007	5	15:59:00	KS	83	1	0	0	0.0	0.0	37.8	-98.73	11.12	150	1	1	1
1296	489	2007	5	16:16:00	SD	11	1	0	0	0.0	0.0	43.4	-97.86	5.0	100	1	1	1
1297	491	2007	5	16:20:00	SD	12	1	0	0	0.01	0.0	43.71	-97.94	1.9	100	1	1	1
1298	493	2007	5	16:28:00	NE	30	1	0	0	0.0	0.0	42.64	-97.58	8.93	440	1	1	1
1299	495	2007	5	16:41:00	SD	13	1	0	0	0.01	0.0	43.71	-97.86	0.5	100	1	1	1
1300	496	2007	5	16:43:00	NE	31	2	4	0	1.1	0.0	42.76	-97.51	6.5	500	2	0	1
1301	496	2007	5	16:43:00	NE	31	2	3	0	1.0	0.0	42.76	-97.51	5.5	500	2	1	2
1302	496	2007	5	16:52:00	SD	14	1	1	0	0.1	0.0	42.87	-97.48	1.0	100	2	1	2
1303	500	2007	5	16:59:00	KS	85	2	11	0	0.15	0.05	39.39	-98.7	7.5	75	1	1	1
1304	502	2007	5	17:05:00	SD	17	3	0	0	0.3	0.0	43.68	-98.42	4.0	200	1	1	1
1305	505	2007	5	17:15:00	SD	18	1	0	0	0.02	0.0	44.03	-97.92	0.5	100	1	1	1
1306	506	2007	5	17:17:00	SD	19	2	0	0	0.1	0.0	43.1	-97.6	0.5	100	1	1	1
1307	511	2007	5	17:40:00	SD	23	1	0	0	0.0	0.0	43.89	-98.95	0.5	100	1	1	1
1308	514	2007	5	18:01:00	KS	92	2	0	0	0.0	0.0	37.8	-99.11	2.7	75	1	1	1
1309	518	2007	5	18:22:00	KS	94	2	0	0	0.0	0.0	37.68	-99.1	26.86	880	1	1	1
1310	519	2007	5	18:23:00	SD	24	2	0	0	0.06	0.0	43.73	-97.6	10.5	400	1	1	1
1311	522	2007	5	18:32:00	KS	96	1	0	0	0.06	0.0	38.57	-98.61	4.03	100	1	1	1
1312	524	2007	5	18:47:00	SD	25	1	0	0	0.01	0.0	44.04	-97.72	0.2	100	1	1	1
1313	526	2007	5	18:50:00	IA	5	1	0	0	0.0	0.0	40.74	-95.44	11.76	200	1	1	1
1314	527	2007	5	18:50:00	KS	97	1	0	0	0.0	0.0	37.81	-99.26	1.5	50	1	1	1
1315	532	2007	5	19:03:00	SD	28	1	0	0	0.001	0.0	44.26	-97.72	0.1	50	1	1	1
1316	534	2007	5	19:04:00	KS	100	2	0	0	0.0	0.0	37.99	-98.89	9.1	880	1	1	1
1317	536	2007	5	19:11:00	KS	102	1	0	0	0.0	0.0	38.03	-98.86	4.95	300	1	1	1
1318	538	2007	5	19:30:00	KS	103	1	0	0	0.025	0.0	38.04	-98.79	16.9	200	1	1	1
1319	541	2007	5	19:37:00	KS	104	1	0	0	0.0	0.0	37.58	-99.33	1.65	50	1	1	1
1320	543	2007	5	19:40:00	IA	6	2	0	0	0.0	0.0	41.05	-95.32	11.58	400	1	1	1
1321	545	2007	5	20:00:00	IA	7	1	0	0	0.0	0.0	41.31	-95.39	3.64	200	1	1	1
1322	547	2007	5	20:08:00	KS	105	1	0	0	1.0	0.0	38.32	-98.7	3.57	75	1	1	1
1323	549	2007	5	20:42:00	KS	106	1	0	0	0.035	0.0	38.49	-98.44	4.49	75	1	1	1
1324	554	2007	5	21:51:00	KS	109	1	0	0	0.125	0.0	38.89	-98.05	2.0	75	1	1	1
1325	556	2007	5	22:39:00	KS	111	2	5	1	0.0	0.0	39.07	-97.6	11.0	100	1	1	1
1326	558	2007	5	23:01:00	KS	112	1	0	0	0.0	0.0	39.28	-97.53	10.08	200	1	1	1
1327	559	2007	5	23:50:00	KS	113	1	0	0	0.0	0.0	39.74	-97.18	1.38	200	1	1	1
1328	560	2007	5	01:21:00	IA	8	1	0	0	0.0	0.0	40.94	-95.18	7.36	300	1	1	1
1329	561	2007	5	01:40:00	IA	9	2	0	0	1.0	0.0	41.18	-94.98	7.43	830	1	1	1
1330	562	2007	5	03:37:00	IA	10	1	0	0	0.05	0.0	41.81	-94.57	1.17	50	1	1	1
1331	721	2007	6	16:44:00	ND	9	1	0	0	0.075	0.0	48.71	-103.61	3.0	70	1	1	1
1332	737	2007	6	20:00:00	SD	32	1	0	0	0.0	0.0	44.49	-103.75	4.03	70	1	1	1
1333	768	2007	6	19:15:00	NE	38	1	0	0	0.075	0.0	42.97	-101.25	3.0	50	1	1	1
1334	770	2007	6	15:35:00	IA	24	2	0	0	0.7	0.015	41.49	-93.78	6.36	150	1	1	1
1335	771	2007	6	15:40:00	IA	25	1	0	0	0.3	0.01	41.49	-93.69	3.0	150	1	1	1
1336	773	2007	6	18:30:00	ND	17	1	0	0	0.1	0.0	48.49	-100.72	0.5	250	1	1	1
1337	775	2007	6	19:53:00	MN	11	1	0	0	0.0	0.0	48.8	-96.18	3.0	50	1	1	1
1338	778	2007	6	21:35:00	MN	14	1	0	0	0.0	0.0	49.33	-95.0	0.5	50	1	1	1
1339	664	2007	6	11:07:00	IA	13	3	7	0	16.0	0.0	41.27	-91.19	15.75	774	1	1	1
1340	665	2007	6	11:44:00	IA	14	1	0	0	0.0	0.0	41.68	-91.06	1.05	75	1	1	1
1341	666	2007	6	13:28:00	IA	15	2	0	0	3.25	0.0	42.21	-90.43	3.43	350	2	1	2
1342	666	2007	6	13:28:00	IA	15	2	0	0	3.25	0.0	42.21	-90.43	3.44	350	2	0	1
1343	684	2007	6	13:10:00	WI	7	1	0	0	0.025	0.0	43.34	-88.07	0.45	50	1	1	1
1344	700	2007	6	15:10:00	SD	30	1	0	0	0.025	0.0	43.29	-102.2	7.16	400	1	1	1
1345	705	2007	6	12:41:00	MN	5	1	0	0	0.0	0.0	46.37	-96.15	5.8	100	1	1	1
1346	706	2007	6	13:10:00	MN	6	2	0	0	0.0	0.0	46.57	-96.0	7.0	150	1	1	1
1347	708	2007	6	15:01:00	WI	12	2	0	0	0.343	0.0	44.78	-89.48	7.3	225	1	1	1
1348	711	2007	6	15:31:00	WI	14	3	3	0	15.401	0.0	45.01	-89.0	40.0	1320	1	1	1
1349	712	2007	6	16:37:00	WI	15	1	0	0	0.012	0.0	45.45	-87.99	3.0	200	1	1	1
1350	714	2007	6	17:16:00	WI	16	1	1	0	0.008	0.0	45.1	-87.89	3.6	200	1	1	1
1351	827	2007	7	18:16:00	ND	19	2	0	0	0.25	0.0	46.84	-97.45	3.0	150	1	1	1
1352	828	2007	7	18:25:00	ND	20	1	0	0	0.5	0.0	46.73	-97.42	10.0	200	1	1	1
1353	829	2007	7	18:46:00	ND	21	2	0	0	1.0	0.5	46.51	-97.38	3.0	200	1	1	1
1354	830	2007	7	20:19:00	ND	22	1	0	0	1.0	0.0	46.93	-97.67	1.5	150	1	1	1
1355	831	2007	7	20:20:00	ND	23	2	0	0	2.5	0.0	46.93	-97.61	8.0	250	1	1	1
1356	832	2007	7	21:30:00	ND	24	1	0	0	0.5	0.1	46.49	-98.7	1.0	80	1	1	1
1357	838	2007	7	16:49:00	IA	28	1	0	0	0.1	0.0	41.33	-91.67	0.5	100	1	1	1
1358	842	2007	7	18:15:00	IA	29	1	0	0	0.05	0.0	42.23	-91.6	1.2	100	1	1	1
1359	814	2007	7	18:25:00	ND	18	1	4	0	0.08	0.15	47.58	-101.83	1.5	60	1	1	1
1360	878	2007	8	13:30:00	ND	27	1	0	0	0.0	0.0	47.84	-98.41	4.09	50	1	1	1
1361	888	2007	8	21:15:00	IN	13	1	0	0	0.5	0.0	41.24	-86.3	2.94	50	1	1	1
1362	899	2007	8	12:55:00	OH	12	1	0	0	0.15	0.0	40.66	-82.65	4.92	50	1	1	1
1363	903	2007	8	14:01:00	MI	5	1	0	0	0.15	0.025	43.45	-84.98	0.2	200	1	1	1
1364	904	2007	8	14:08:00	IL	17	1	0	0	0.015	0.0	41.87	-88.17	2.67	500	1	1	1
1365	907	2007	8	14:25:00	MI	7	3	5	0	40.0	0.0	42.59	-84.83	6.5	300	1	1	1
1366	908	2007	8	14:55:00	MI	8	1	0	0	0.3	0.0	42.69	-84.53	6.0	300	1	1	1
1367	911	2007	8	15:30:00	MI	10	2	1	0	24.0	0.0	42.71	-84.01	23.52	440	1	1	1
1368	915	2007	8	16:16:00	MI	12	1	0	0	1.0	0.0	42.92	-83.42	3.16	250	1	1	1
1369	917	2007	8	18:20:00	ND	31	1	0	0	0.0	0.0	48.57	-97.77	5.5	100	1	1	1
1370	919	2007	8	19:04:00	ND	33	3	0	0	0.0	0.0	47.76	-97.93	6.0	580	1	1	1
1371	922	2007	8	19:42:00	ND	36	4	18	1	50.0	2.0	47.72	-97.61	5.0	1400	1	1	1
1372	923	2007	8	19:43:00	MN	15	1	0	0	0.0	0.0	48.44	-96.67	3.0	150	1	1	1
1373	924	2007	8	20:18:00	ND	37	1	0	0	0.0	0.0	47.82	-97.14	5.0	150	1	1	1
1374	926	2007	8	21:00:00	ND	38	2	0	0	0.0	0.0	47.72	-96.96	5.0	300	2	0	1
1375	926	2007	8	21:00:00	ND	39	2	0	0	0.0	0.0	47.72	-96.96	2.0	300	2	1	2
1376	926	2007	8	21:04:00	MN	17	2	0	0	0.0	0.0	47.71	-96.92	3.0	300	2	1	2
1377	930	2007	8	15:56:00	NE	45	1	0	0	0.3	0.0	41.73	-96.58	4.5	500	1	1	1
1378	875	2007	8	14:28:00	OH	10	1	0	0	1.4	0.0	41.06	-82.2	0.5	30	1	1	1
1379	876	2007	8	14:35:00	OH	11	1	0	0	0.175	0.0	41.06	-82.03	1.0	50	1	1	1
1380	982	2007	9	17:26:00	IA	35	2	0	0	4.075	1.85	41.46	-92.87	21.86	1250	1	1	1
1381	984	2007	9	17:48:00	IA	37	1	0	0	0.25	0.2	41.74	-92.58	4.97	150	1	1	1
1382	1630	2008	11	01:44:00	MO	0	1	0	0	0.04	0.0	36.58	-93.69	5.85	100	1	1	1
1383	1682	2008	12	10:03:00	MO	0	1	0	0	0.0	0.0	39.24	-91.7	3.55	30	1	1	1
1384	1685	2008	12	10:30:00	IL	0	1	0	0	0.0	0.0	39.91	-91.13	0.93	50	1	1	1
1385	1687	2008	12	11:10:00	MO	0	1	0	0	0.0	0.0	39.05	-91.01	1.12	40	1	1	1
1386	77	2008	1	16:09:00	MO	0	1	0	0	0.085	0.0	37.46	-89.51	4.26	200	2	0	1
1387	77	2008	1	16:09:00	MO	0	1	0	0	0.075	0.0	37.46	-89.51	2.61	200	2	1	2
1388	77	2008	1	16:12:00	IL	0	1	0	0	0.01	0.0	37.46	-89.46	1.65	100	2	1	2
1389	78	2008	1	17:07:00	IN	0	2	0	2	0.25	0.0	38.19	-87.87	7.01	100	1	1	1
1390	79	2008	1	18:20:00	IN	0	1	0	0	0.1	0.0	39.81	-86.28	0.1	50	1	1	1
1391	80	2008	1	18:40:00	IN	0	1	0	0	0.06	0.05	38.53	-86.11	10.71	200	1	1	1
1392	81	2008	1	18:58:00	IN	0	1	0	1	0.05	0.0	38.55	-85.76	0.18	100	1	1	1
1393	83	2008	1	19:10:00	IN	0	1	0	0	0.07	0.0	38.65	-85.61	1.81	100	1	1	1
1394	3	2008	1	15:30:00	IL	0	3	5	0	4.0	0.0	42.39	-88.83	13.2	100	1	1	1
1395	5	2008	1	16:02:00	WI	0	3	5	0	13.81	0.0	42.55	-88.33	10.78	200	1	1	1
1396	6	2008	1	16:39:00	WI	0	1	0	0	7.93	0.0	42.62	-87.87	2.48	75	1	1	1
1397	7	2008	1	17:06:00	MO	0	2	0	0	0.5	0.0	36.82	-94.01	12.43	200	1	1	1
1398	8	2008	1	17:22:00	IL	0	1	0	0	0.03	0.0	40.5	-89.35	3.0	100	1	1	1
1399	10	2008	1	17:57:00	MO	0	2	0	0	2.0	0.0	37.11	-93.53	6.44	200	1	1	1
1400	11	2008	1	18:29:00	MO	0	3	18	3	19.0	0.0	37.28	-93.16	50.39	300	1	1	1
1401	13	2008	1	19:32:00	MO	0	2	0	0	1.0	0.0	37.22	-93.17	6.69	300	1	1	1
1402	14	2008	1	19:42:00	MO	0	2	0	0	1.0	0.0	37.27	-93.07	8.6	200	1	1	1
1403	17	2008	1	20:06:00	MO	0	3	3	0	1.0	0.0	37.9	-92.06	1.77	400	1	1	1
1404	19	2008	1	20:09:00	MO	0	3	0	0	0.11	0.0	37.91	-92.03	4.67	400	1	1	1
1405	20	2008	1	20:15:00	MO	0	1	0	0	0.3	0.0	36.52	-94.14	7.43	100	1	1	1
1406	23	2008	1	20:42:00	MO	0	1	0	0	0.05	0.0	37.44	-92.96	5.24	150	1	1	1
1407	25	2008	1	21:00:00	MO	0	2	0	0	0.1	0.0	37.57	-92.8	5.44	300	1	1	1
1408	27	2008	1	21:36:00	MO	0	1	1	0	0.2	0.0	36.97	-93.3	0.36	100	1	1	1
1409	28	2008	1	21:40:00	MO	0	1	1	0	5.005	0.0	38.01	-91.89	15.06	100	1	1	1
1410	34	2008	1	02:22:00	MO	0	1	0	0	0.3	0.0	36.61	-93.95	4.83	100	1	1	1
1411	35	2008	1	02:31:00	MO	0	1	0	0	2.0	0.0	36.81	-93.67	12.14	200	1	1	1
1412	36	2008	1	02:37:00	MO	0	1	0	0	0.05	0.0	37.21	-93.28	1.13	50	1	1	1
1413	37	2008	1	02:50:00	MO	0	1	0	0	0.25	0.0	36.93	-93.31	4.98	100	1	1	1
1414	42	2008	1	03:43:00	MO	0	1	0	0	0.125	0.0	37.04	-92.37	2.23	75	1	1	1
1415	43	2008	1	03:45:00	MO	0	1	0	0	0.2	0.0	37.19	-92.3	11.95	150	1	1	1
1416	45	2008	1	04:27:00	MO	0	1	0	0	0.0	0.0	37.13	-91.52	2.27	200	1	1	1
1417	46	2008	1	04:38:00	MO	0	1	0	0	0.075	0.0	37.16	-91.31	9.83	200	1	1	1
1418	49	2008	1	12:40:00	MO	0	1	0	0	0.25	0.0	36.85	-89.84	4.78	120	1	1	1
1419	119	2008	2	19:31:00	MO	0	1	0	0	0.08	0.0	36.5	-90.98	19.96	200	2	1	2
1420	125	2008	2	20:03:00	MO	0	1	0	0	0.1	0.0	36.63	-90.52	3.38	300	1	1	1
1421	129	2008	2	20:15:00	IN	0	1	0	0	1.25	0.0	39.02	-86.95	2.0	50	1	1	1
1422	130	2008	2	20:18:00	MO	0	2	0	0	0.3	0.0	36.69	-90.22	13.9	200	1	1	1
1423	349	2008	3	12:48:00	MO	0	1	0	0	0.05	0.0	36.82	-94.62	2.37	60	2	1	2
1424	351	2008	3	13:17:00	MO	0	2	3	0	1.0	0.0	37.62	-93.16	4.67	300	1	1	1
1425	352	2008	3	13:46:00	MO	0	2	0	0	0.5	0.0	37.7	-92.67	1.79	75	1	1	1
1426	434	2008	4	15:57:00	IA	0	1	0	0	0.075	0.0	40.67	-93.08	2.01	30	1	1	1
1427	435	2008	4	16:10:00	IA	0	1	0	0	0.075	0.0	40.86	-93.0	2.92	50	1	1	1
1428	436	2008	4	16:43:00	IA	0	1	0	0	0.1	0.0	41.19	-92.71	2.97	50	1	1	1
1429	438	2008	4	17:16:00	IA	0	2	0	0	0.15	0.0	40.72	-92.06	1.83	220	1	1	1
1430	439	2008	4	17:21:00	IA	0	1	0	0	0.1	0.0	41.55	-92.43	7.64	50	1	1	1
1431	440	2008	4	17:25:00	IA	0	1	0	0	0.03	0.0	40.81	-91.87	5.29	50	1	1	1
1432	441	2008	4	17:30:00	IL	0	1	0	0	0.1	0.0	40.28	-91.31	1.6	150	1	1	1
1433	470	2008	4	17:20:00	OH	0	1	0	0	0.2	0.0	41.63	-83.37	5.25	35	1	1	1
1434	510	2008	4	17:32:00	NE	0	1	0	0	0.3	0.0	41.58	-102.98	1.5	350	1	1	1
1435	521	2008	4	23:23:00	KS	0	2	0	0	0.75	0.5	39.52	-98.13	14.08	1050	1	1	1
1436	522	2008	4	23:50:00	NE	0	1	0	0	0.1	0.0	40.41	-96.0	0.33	100	1	1	1
1437	525	2008	4	14:08:00	IA	0	1	0	0	0.01	0.0	41.13	-91.45	1.3	20	1	1	1
1438	526	2008	4	14:15:00	IA	0	2	0	0	0.2	0.0	41.53	-91.26	6.5	150	1	1	1
1439	528	2008	4	16:18:00	WI	0	1	0	0	0.6	0.0	43.46	-89.42	21.09	75	1	1	1
1440	393	2008	4	23:39:00	MI	0	1	0	0	0.25	0.0	42.44	-85.58	4.65	100	1	1	1
1441	666	2008	5	16:54:00	MO	0	4	200	15	45.0	0.0	36.93	-94.62	46.51	1760	2	1	2
1442	674	2008	5	17:08:00	MO	0	1	10	1	1.0	0.0	37.18	-94.22	3.02	440	1	1	1
1443	779	2008	5	16:11:00	KS	0	1	0	0	0.5	0.0	39.52	-100.62	17.6	400	1	1	1
1444	783	2008	5	16:48:00	KS	0	1	0	0	1.0	0.0	39.79	-100.56	12.5	300	1	1	1
1445	784	2008	5	16:55:00	KS	0	2	0	0	0.75	0.0	39.35	-100.51	9.37	300	1	1	1
1446	785	2008	5	17:08:00	KS	0	1	0	0	0.15	0.0	38.79	-100.19	8.0	200	1	1	1
1447	790	2008	5	17:31:00	KS	0	1	0	0	1.85	0.0	39.63	-100.42	34.0	400	2	0	1
1448	790	2008	5	17:31:00	KS	0	1	0	0	1.5	0.0	39.63	-100.42	26.0	400	2	1	2
1449	790	2008	5	18:19:00	NE	0	1	0	0	0.35	0.0	40.0	-100.31	8.0	400	2	1	2
1450	795	2008	5	19:00:00	KS	0	1	0	0	0.0	0.0	38.55	-100.23	3.5	150	1	1	1
1451	798	2008	5	19:57:00	KS	0	1	0	0	0.0	0.0	38.99	-99.91	3.0	300	1	1	1
1452	807	2008	5	15:34:00	KS	0	1	0	0	0.05	0.0	39.11	-100.24	5.0	200	1	1	1
1453	808	2008	5	15:35:00	KS	0	2	0	0	1.75	0.0	39.09	-100.26	14.0	1760	1	1	1
1454	809	2008	5	16:01:00	KS	0	1	0	0	0.0	0.0	38.45	-100.54	8.1	1220	1	1	1
1455	811	2008	5	16:10:00	KS	0	1	0	0	0.015	0.0	39.28	-100.17	14.0	400	1	1	1
1456	812	2008	5	16:13:00	KS	0	1	0	0	0.065	0.0	38.53	-100.5	1.0	150	1	1	1
1457	817	2008	5	16:35:00	KS	0	1	0	0	0.0	0.0	38.63	-100.47	4.4	150	1	1	1
1458	819	2008	5	17:10:00	KS	0	4	2	0	2.5	0.0	38.94	-100.29	11.39	1320	1	1	1
1459	830	2008	5	18:07:00	KS	0	2	0	0	0.0	0.0	38.49	-100.05	11.8	1410	1	1	1
1460	833	2008	5	18:25:00	KS	0	2	0	0	0.0	0.0	38.56	-100.01	1.1	75	1	1	1
1461	834	2008	5	18:25:00	KS	0	3	0	0	0.0	0.0	37.34	-99.73	20.9	3170	1	1	1
1462	835	2008	5	18:29:00	KS	0	3	0	0	0.0	0.0	38.61	-99.88	9.01	715	1	1	1
1463	836	2008	5	18:42:00	KS	0	1	0	0	0.0	0.0	37.3	-99.7	7.1	600	1	1	1
1464	837	2008	5	18:43:00	KS	0	1	0	0	0.0	0.0	37.42	-99.58	1.1	100	1	1	1
1465	838	2008	5	18:49:00	KS	0	1	0	0	0.0	0.0	38.7	-99.73	8.1	900	1	1	1
1466	839	2008	5	18:58:00	KS	0	2	0	0	0.0	0.0	38.76	-99.69	9.0	1760	1	1	1
1467	842	2008	5	19:17:00	KS	0	2	0	0	0.0	0.0	38.85	-99.67	8.2	250	1	1	1
1468	844	2008	5	19:28:00	KS	0	1	1	0	0.0	0.0	38.91	-99.59	2.2	150	1	1	1
1469	848	2008	5	19:44:00	KS	0	1	0	0	0.0	0.0	38.86	-99.61	5.5	200	1	1	1
1470	852	2008	5	20:07:00	KS	0	1	0	0	0.0	0.0	38.91	-99.61	6.4	300	1	1	1
1471	851	2008	5	20:08:00	KS	0	3	0	0	0.0	0.0	37.0	-99.06	7.0	980	2	1	2
1472	853	2008	5	20:08:00	KS	0	1	0	0	0.06	0.2	39.11	-99.46	4.29	450	1	1	1
1473	856	2008	5	20:16:00	KS	0	3	1	0	0.0	0.0	37.75	-99.04	18.2	1935	1	1	1
1474	858	2008	5	20:26:00	KS	0	1	0	0	0.145	0.0	37.55	-100.05	6.1	150	1	1	1
1475	860	2008	5	20:30:00	KS	0	1	0	0	0.0	0.0	37.16	-99.53	6.0	300	1	1	1
1476	863	2008	5	20:45:00	KS	0	1	0	0	0.1	0.2	39.2	-99.26	6.15	100	1	1	1
1477	865	2008	5	20:52:00	KS	0	2	0	0	0.0	0.0	37.27	-99.42	13.5	1600	1	1	1
1478	867	2008	5	21:08:00	KS	0	2	0	0	0.0	0.0	37.37	-98.75	6.9	250	1	1	1
1479	869	2008	5	21:12:00	KS	0	1	0	0	0.0	0.0	37.17	-99.62	10.0	150	1	1	1
1480	870	2008	5	21:12:00	KS	0	2	0	0	0.0	0.0	37.77	-99.62	17.2	950	1	1	1
1481	871	2008	5	21:15:00	KS	0	1	0	0	0.0	0.0	37.43	-98.64	12.83	150	1	1	1
1482	873	2008	5	21:24:00	KS	0	3	2	2	0.0	0.0	37.48	-98.63	21.9	1430	1	1	1
1483	874	2008	5	21:30:00	KS	0	1	0	0	0.125	0.0	38.26	-98.65	0.44	75	1	1	1
1484	876	2008	5	21:41:00	KS	0	2	0	0	0.0	0.0	37.93	-99.39	5.4	125	1	1	1
1485	878	2008	5	22:10:00	KS	0	1	0	0	0.065	0.0	37.76	-98.4	6.43	125	1	1	1
1486	900	2008	5	19:10:00	ND	0	1	0	0	0.2	0.0	46.77	-101.47	5.55	75	1	1	1
1487	903	2008	5	13:57:00	KS	0	1	0	0	0.0	0.0	38.56	-100.68	3.0	100	1	1	1
1488	910	2008	5	15:35:00	MN	0	1	2	0	0.7	0.0	45.2	-93.34	6.0	100	1	1	1
1489	912	2008	5	15:48:00	IA	0	5	70	9	100.3	0.232	42.55	-92.88	40.97	2100	1	1	1
1490	916	2008	5	15:55:00	MN	0	3	17	1	25.3	0.0	45.18	-93.05	5.96	220	1	1	1
1491	924	2008	5	17:05:00	IA	0	3	3	0	1.1	0.0	42.6	-92.02	31.99	1232	1	1	1
1492	925	2008	5	17:25:00	IA	0	1	0	0	0.0	0.0	40.94	-93.69	6.84	50	1	1	1
1493	927	2008	5	17:40:00	IA	0	1	0	0	0.05	0.0	42.53	-91.66	3.45	100	1	1	1
1494	931	2008	5	18:31:00	IA	0	1	0	0	0.35	0.0	42.54	-91.27	8.48	250	1	1	1
1495	933	2008	5	22:06:00	IA	0	1	0	0	0.1	0.0	41.69	-92.3	6.23	440	1	1	1
1496	937	2008	5	17:08:00	KS	0	1	0	0	0.065	0.0	37.98	-98.95	1.0	100	1	1	1
1497	941	2008	5	18:09:00	KS	0	1	0	0	0.0	0.0	37.63	-98.68	2.2	100	1	1	1
1498	957	2008	5	16:16:00	NE	0	2	0	0	0.1	0.0	40.65	-99.21	14.06	100	1	1	1
1499	958	2008	5	16:20:00	NE	0	1	0	0	0.1	0.1	40.7	-99.21	25.59	100	1	1	1
1500	959	2008	5	16:26:00	NE	0	2	0	0	11.025	0.75	40.72	-99.12	31.63	400	1	1	1
1501	962	2008	5	17:02:00	KS	0	1	0	0	0.075	0.1	39.21	-99.61	1.75	200	1	1	1
1502	964	2008	5	17:38:00	KS	0	1	0	0	0.06	0.0	39.45	-99.1	0.38	25	1	1	1
1503	966	2008	5	18:02:00	NE	0	2	0	0	0.02	0.1	40.86	-98.04	7.6	1000	1	1	1
1504	970	2008	5	18:10:00	SD	0	1	0	0	0.0	0.0	43.03	-97.15	2.03	100	1	1	1
1505	971	2008	5	18:17:00	SD	0	1	0	0	0.1	0.0	43.05	-97.11	1.91	100	1	1	1
1506	973	2008	5	18:55:00	NE	0	1	0	0	0.0	0.0	41.61	-96.43	1.85	25	1	1	1
1507	975	2008	5	19:00:00	IA	0	1	0	0	0.0	0.0	41.88	-95.91	3.8	200	1	1	1
1508	976	2008	5	19:15:00	NE	0	1	0	0	0.0	0.0	41.68	-96.17	0.67	40	1	1	1
1509	977	2008	5	19:16:00	KS	0	1	0	0	0.015	0.0	39.39	-98.58	15.96	400	1	1	1
1510	979	2008	5	19:40:00	KS	0	3	0	0	5.5	1.5	39.47	-98.32	18.91	2000	1	1	1
1511	980	2008	5	19:46:00	IA	0	1	0	0	0.15	0.01	42.02	-95.3	2.5	75	1	1	1
1512	982	2008	5	20:10:00	IA	0	1	0	0	0.2	0.01	41.91	-94.91	4.1	100	1	1	1
1513	983	2008	5	20:23:00	IA	0	1	0	0	0.05	0.0	42.4	-94.45	2.76	100	1	1	1
1514	985	2008	5	20:30:00	KS	0	3	0	0	2.802	0.0	39.72	-97.97	55.22	1320	2	0	1
1515	985	2008	5	20:30:00	KS	0	3	0	0	1.002	0.0	39.72	-97.97	31.84	1320	2	1	2
1516	985	2008	5	21:12:00	NE	0	2	0	0	1.8	0.0	40.0	-97.5	23.38	400	2	1	2
1517	987	2008	5	22:25:00	NE	0	2	0	0	0.75	0.0	40.34	-96.71	10.81	440	1	1	1
1518	988	2008	5	23:50:00	IA	0	1	0	0	0.1	0.005	41.63	-94.13	3.68	150	1	1	1
1519	989	2008	5	03:13:00	IA	0	1	0	0	0.05	0.0	41.06	-94.01	9.07	150	1	1	1
1520	990	2008	5	03:51:00	IA	0	1	0	0	0.08	0.01	41.16	-93.38	7.2	125	1	1	1
1521	991	2008	5	04:07:00	IA	0	2	10	0	0.825	0.035	41.23	-93.12	19.18	900	1	1	1
1522	993	2008	5	15:25:00	IL	0	1	0	0	0.005	0.0	39.68	-90.85	1.42	50	1	1	1
1523	994	2008	5	16:10:00	MO	0	1	0	0	0.01	0.0	40.02	-91.74	3.35	70	1	1	1
1524	996	2008	5	16:15:00	IN	0	1	0	0	0.1	0.0	40.76	-85.83	0.22	50	1	1	1
1525	1000	2008	5	18:17:00	IL	0	1	0	0	0.192	0.0	39.58	-90.0	4.78	100	1	1	1
1526	1003	2008	5	20:27:00	IN	0	2	18	0	29.25	0.0	39.83	-86.01	7.1	150	1	1	1
1527	1004	2008	5	20:35:00	IN	0	1	0	0	0.5	0.0	39.88	-85.88	4.5	200	1	1	1
1528	1007	2008	5	23:29:00	OH	0	2	6	0	1.75	0.0	41.09	-83.52	8.31	100	1	1	1
1529	553	2008	5	17:59:00	IA	0	2	0	0	0.51	0.0	43.14	-96.3	12.95	400	1	1	1
1530	573	2008	5	00:04:00	KS	0	2	0	0	0.26	0.0	38.97	-95.45	2.22	100	1	1	1
1531	575	2008	5	00:56:00	MO	0	3	0	0	4.0	0.0	39.29	-94.49	0.92	75	1	1	1
1532	576	2008	5	01:03:00	MO	0	2	0	0	10.0	0.0	39.22	-94.58	1.39	75	1	1	1
1533	1164	2008	6	18:55:00	SD	0	1	0	0	0.0	0.0	44.06	-104.06	4.69	400	2	1	2
1534	1165	2008	6	04:51:00	SD	0	1	0	0	0.0	0.0	45.66	-97.26	0.26	20	1	1	1
1535	1169	2008	6	16:46:00	MN	0	1	0	0	0.07	0.0	43.84	-95.76	3.82	100	1	1	1
1536	1171	2008	6	17:05:00	MN	0	1	1	0	0.1	0.0	43.9	-95.61	2.7	100	1	1	1
1537	1172	2008	6	17:06:00	IA	0	2	0	0	0.2	0.0	42.98	-95.54	5.73	300	1	1	1
1538	1174	2008	6	17:20:00	IA	0	1	0	0	0.005	0.0	42.93	-95.55	0.86	50	1	1	1
1539	1175	2008	6	17:25:00	NE	0	3	48	4	0.0	0.0	41.8	-96.12	14.23	440	2	0	1
1540	1175	2008	6	17:25:00	NE	0	1	0	0	0.0	0.0	41.8	-96.12	1.27	440	2	1	2
1541	1175	2008	6	17:27:00	IA	0	3	48	4	0.0	0.0	41.81	-96.1	12.96	440	2	1	2
1542	1177	2008	6	17:40:00	IA	0	2	0	0	0.3	0.0	43.01	-95.28	13.08	100	1	1	1
1543	1179	2008	6	17:45:00	KS	0	1	0	0	0.065	0.0	38.63	-98.6	10.03	100	1	1	1
1544	1183	2008	6	18:20:00	IA	0	1	0	0	0.0	0.0	41.48	-95.93	2.35	40	1	1	1
1545	1185	2008	6	18:20:00	MN	0	1	0	0	0.3	0.0	44.2	-94.87	0.58	25	1	1	1
1546	1192	2008	6	18:50:00	NE	0	1	0	0	0.0	0.0	40.97	-96.2	5.36	80	1	1	1
1547	1193	2008	6	18:52:00	MN	0	1	0	0	0.1	0.0	44.35	-94.68	1.97	25	1	1	1
1548	1201	2008	6	20:40:00	KS	0	3	0	0	2.63	0.0	38.75	-97.68	16.45	225	1	1	1
1549	1202	2008	6	21:12:00	KS	0	3	3	1	20.2	0.0	38.89	-97.11	15.26	880	1	1	1
1550	1204	2008	6	21:48:00	KS	0	4	0	0	66.0	0.0	39.13	-96.71	8.64	440	1	1	1
1551	1206	2008	6	22:46:00	KS	0	2	0	1	0.0	0.0	39.45	-96.11	17.28	300	1	1	1
1552	1213	2008	6	16:01:00	WI	0	1	0	0	0.0	0.0	42.7	-89.79	1.61	50	1	1	1
1553	1214	2008	6	16:15:00	WI	0	1	0	0	0.0	0.0	42.8	-89.69	12.25	100	1	1	1
1554	1224	2008	6	18:14:00	MN	0	1	0	0	0.3	0.1	46.93	-94.86	1.5	50	1	1	1
1555	1227	2008	6	19:26:00	MI	0	1	0	0	0.0	0.0	44.11	-86.45	1.3	300	1	1	1
1556	1229	2008	6	19:44:00	MN	0	1	0	0	0.7	0.22	47.1	-95.29	8.49	100	1	1	1
1557	1231	2008	6	22:06:00	KS	0	1	0	0	0.125	0.0	37.28	-96.9	2.15	75	1	1	1
1558	1232	2008	6	23:30:00	IL	0	1	0	0	0.025	0.0	42.17	-88.88	6.2	150	1	1	1
1559	1236	2008	6	14:55:00	MO	0	1	0	0	0.05	0.0	36.83	-90.81	0.62	125	1	1	1
1560	1238	2008	6	16:55:00	MN	0	1	0	0	0.15	0.1	46.31	-96.36	2.12	50	1	1	1
1561	1239	2008	6	17:15:00	MN	0	1	0	0	0.1	0.05	46.3	-96.13	2.62	50	1	1	1
1562	1253	2008	6	19:33:00	KS	0	1	0	0	0.085	0.0	37.36	-100.55	1.37	75	1	1	1
1563	1256	2008	6	14:30:00	MO	0	1	0	0	0.15	0.0	37.23	-93.23	1.25	100	1	1	1
1564	1277	2008	6	12:15:00	MI	0	1	0	0	0.05	0.0	44.77	-83.59	0.75	200	1	1	1
1565	1017	2008	6	09:10:00	IN	0	1	1	0	0.17	0.0	39.03	-86.88	27.15	100	1	1	1
1566	1021	2008	6	19:04:00	IN	0	3	8	1	1.2	0.0	39.46	-85.68	9.68	150	1	1	1
1567	1023	2008	6	19:24:00	IN	0	2	4	0	23.215	0.0	39.33	-86.14	10.59	150	1	1	1
1568	1025	2008	6	19:50:00	IN	0	1	0	0	0.07	0.0	39.41	-85.41	4.09	75	1	1	1
1569	1027	2008	6	23:25:00	MO	0	1	0	0	0.01	0.0	38.09	-92.91	6.03	100	1	1	1
1570	1045	2008	6	16:49:00	NE	0	1	0	0	0.095	0.015	40.39	-101.93	0.86	30	1	1	1
1571	1046	2008	6	17:04:00	IA	0	1	0	0	0.0	0.0	40.94	-95.81	4.8	220	1	1	1
1572	1047	2008	6	17:08:00	NE	0	1	0	0	0.03	0.01	40.38	-101.79	0.1	20	1	1	1
1573	1052	2008	6	17:50:00	IA	0	1	0	0	0.0	0.0	41.0	-95.4	5.13	440	1	1	1
1574	1056	2008	6	18:25:00	NE	0	1	0	0	0.0	0.0	41.01	-97.27	5.59	440	1	1	1
1575	1058	2008	6	18:44:00	NE	0	1	0	0	0.0	0.0	41.07	-97.24	3.79	440	1	1	1
1576	1059	2008	6	18:45:00	IL	0	1	0	0	0.04	0.0	40.78	-88.9	3.42	200	1	1	1
1577	1060	2008	6	19:00:00	NE	0	1	0	0	0.0	0.0	41.08	-97.11	5.5	220	1	1	1
1578	1063	2008	6	19:24:00	IA	0	1	0	0	0.015	0.005	40.97	-94.83	9.49	150	1	1	1
1579	1065	2008	6	19:37:00	NE	0	1	0	0	0.0	0.0	41.04	-96.74	6.47	880	1	1	1
1580	1066	2008	6	19:55:00	NE	0	1	0	0	0.0	0.0	41.07	-96.7	4.88	440	1	1	1
1581	1067	2008	6	19:58:00	IA	0	1	0	0	0.025	0.005	40.95	-94.6	5.63	150	1	1	1
1582	1069	2008	6	20:37:00	IA	0	1	0	0	0.05	0.005	41.0	-94.36	3.87	150	1	1	1
1583	1070	2008	6	20:58:00	IA	0	1	0	0	0.005	0.005	41.04	-94.18	10.92	100	1	1	1
1584	1076	2008	6	13:59:00	KS	0	1	0	0	0.065	0.0	37.81	-98.52	1.1	100	1	1	1
1585	1080	2008	6	14:40:00	NE	0	2	0	0	0.2	0.025	42.2	-99.46	29.85	50	1	1	1
1586	1081	2008	6	15:19:00	KS	0	1	0	0	0.0	0.0	39.25	-97.36	14.35	100	1	1	1
1587	1083	2008	6	15:33:00	KS	0	1	0	0	0.0	0.0	39.43	-97.13	10.07	25	1	1	1
1588	1084	2008	6	16:00:00	SD	0	1	0	0	0.1	0.0	42.99	-98.45	9.88	100	1	1	1
1589	1087	2008	6	17:20:00	NE	0	1	0	0	0.0	0.0	40.29	-96.06	2.58	100	1	1	1
1590	1088	2008	6	17:23:00	NE	0	1	0	0	0.0	0.0	40.29	-96.06	6.52	220	1	1	1
1591	1089	2008	6	17:35:00	NE	0	1	0	0	0.0	0.0	40.4	-96.03	0.69	100	1	1	1
1592	1097	2008	6	18:39:00	NE	0	2	0	0	0.46	0.0	40.08	-95.52	28.89	880	2	0	1
1593	1097	2008	6	18:39:00	NE	0	2	0	0	0.0	0.0	40.08	-95.52	8.67	880	2	1	2
1594	1097	2008	6	18:49:00	MO	0	1	0	0	0.46	0.0	40.21	-95.48	20.22	100	2	1	2
1595	1101	2008	6	19:42:00	SD	0	2	0	0	0.0	0.0	43.73	-96.77	2.56	100	1	1	1
1596	1102	2008	6	20:00:00	SD	0	1	0	0	0.01	0.0	43.86	-96.69	0.85	50	1	1	1
1597	1103	2008	6	20:24:00	IA	0	1	0	0	0.025	0.002	41.08	-94.39	3.04	150	1	1	1
1598	1107	2008	6	22:49:00	IA	0	1	0	0	0.0	0.0	40.94	-93.75	7.58	125	1	1	1
1599	1108	2008	6	23:10:00	IA	0	1	0	0	0.18	0.01	41.22	-93.53	18.26	150	1	1	1
1600	1110	2008	6	23:36:00	IA	0	1	0	0	0.075	0.0	41.56	-93.23	9.81	125	1	1	1
1601	1111	2008	6	23:45:00	IA	0	1	2	0	0.25	0.005	41.57	-93.0	14.25	150	1	1	1
1602	1113	2008	6	08:14:00	MN	0	2	2	0	10.0	1.3	46.75	-95.08	14.11	450	1	1	1
1603	1114	2008	6	08:37:00	MN	0	3	0	0	0.0	0.0	46.98	-95.02	7.29	400	1	1	1
1604	1116	2008	6	08:55:00	MN	0	1	0	0	0.4	0.0	47.16	-94.99	2.42	150	1	1	1
1605	1117	2008	6	09:43:00	MN	0	1	0	0	0.2	0.0	46.85	-94.72	0.55	30	1	1	1
1606	1121	2008	6	15:20:00	IL	0	1	0	0	0.275	0.0	39.4	-88.33	5.0	200	1	1	1
1607	1124	2008	6	12:57:00	WI	0	1	0	0	0.302	0.05	43.69	-89.61	5.11	100	1	1	1
1608	1125	2008	6	13:32:00	WI	0	2	6	0	2.5	0.5	43.53	-89.26	8.63	3520	1	1	1
1609	1127	2008	6	14:08:00	WI	0	1	0	0	0.2	0.1	43.49	-89.02	2.88	75	1	1	1
1610	1131	2008	6	14:41:00	IA	0	1	0	0	0.25	0.01	43.35	-93.78	6.37	150	1	1	1
1611	1136	2008	6	15:31:00	IL	0	1	0	0	0.05	0.0	41.05	-88.55	3.59	40	1	1	1
1612	1137	2008	6	15:40:00	WI	0	1	0	0	0.429	0.0	42.92	-89.25	3.83	150	1	1	1
1613	1140	2008	6	16:18:00	IL	0	2	0	0	0.5	0.0	41.2	-88.21	14.52	200	1	1	1
1614	1144	2008	6	16:45:00	WI	0	1	0	0	0.093	0.01	43.84	-91.07	6.0	200	1	1	1
1615	1146	2008	6	16:51:00	IL	0	2	0	0	0.05	0.0	41.36	-87.92	2.16	400	1	1	1
1616	1147	2008	6	16:55:00	IL	0	2	0	0	0.5	0.0	41.4	-87.85	3.66	150	1	1	1
1617	1148	2008	6	17:13:00	IL	0	2	6	0	9.5	0.0	41.44	-87.77	6.52	150	1	1	1
1618	1149	2008	6	17:32:00	IL	0	1	0	0	1.0	0.0	41.48	-87.66	1.97	75	1	1	1
1619	1154	2008	6	01:10:00	NE	0	2	0	0	0.0	0.0	41.14	-96.28	16.18	440	1	1	1
1620	1155	2008	6	01:22:00	NE	0	2	3	0	0.0	0.0	41.19	-96.14	2.71	440	1	1	1
1621	1156	2008	6	12:20:00	MI	0	1	0	0	0.0	0.0	43.86	-85.43	5.27	880	1	1	1
1622	1157	2008	6	13:45:00	MI	0	1	0	0	0.0	0.0	42.7	-84.82	10.25	150	1	1	1
1623	1160	2008	6	15:10:00	IA	0	1	0	0	0.03	0.002	41.91	-92.84	1.03	75	1	1	1
1624	1161	2008	6	18:30:00	IA	0	1	0	0	0.075	0.005	41.14	-92.35	2.08	100	1	1	1
1625	1163	2008	6	12:44:00	MN	0	1	0	0	0.04	0.0	47.35	-96.76	0.25	40	1	1	1
1626	1334	2008	7	16:33:00	WI	0	1	0	0	0.15	0.0	43.65	-89.22	1.15	50	1	1	1
1627	1335	2008	7	17:00:00	WI	0	1	0	0	0.02	0.0	43.61	-88.82	1.02	50	1	1	1
1628	1342	2008	7	15:00:00	MN	0	2	0	0	0.5	0.1	47.3	-95.83	16.0	250	1	1	1
1629	1344	2008	7	15:15:00	MN	0	1	0	0	0.2	0.1	46.67	-95.68	2.0	100	1	1	1
1630	1345	2008	7	15:43:00	MN	0	1	0	0	0.04	0.02	46.31	-95.25	1.0	50	1	1	1
1631	1346	2008	7	17:26:00	MN	0	3	2	0	0.0	0.0	45.07	-95.14	7.98	200	1	1	1
1632	1351	2008	7	14:37:00	WI	0	1	0	0	0.35	0.001	43.77	-87.84	1.5	75	1	1	1
1633	1353	2008	7	19:07:00	ND	0	1	0	0	0.005	0.01	48.76	-97.41	0.2	40	1	1	1
1634	1354	2008	7	19:32:00	ND	0	1	0	0	0.014	0.03	48.64	-97.23	4.0	75	2	0	1
1635	1354	2008	7	19:32:00	ND	0	1	0	0	0.004	0.02	48.64	-97.23	3.0	75	2	1	2
1636	1354	2008	7	19:39:00	MN	0	1	0	0	0.01	0.01	48.63	-97.1	1.0	75	2	1	2
1637	1363	2008	7	18:39:00	IA	0	1	0	0	0.15	0.5	41.91	-94.96	7.79	100	1	1	1
1638	1365	2008	7	21:44:00	WI	0	1	0	0	0.075	0.0	44.22	-88.52	0.49	40	1	1	1
1639	1368	2008	7	21:34:00	IL	0	1	0	0	0.085	0.0	39.78	-87.81	2.0	100	1	1	1
1640	1384	2008	7	15:34:00	IA	0	1	0	0	0.05	0.01	41.79	-93.54	0.29	100	1	1	1
1641	1388	2008	7	16:35:00	SD	0	1	0	0	0.0	0.0	44.94	-101.8	11.21	800	1	1	1
1642	1304	2008	7	16:10:00	IA	0	1	0	0	0.1	0.0	42.01	-92.04	1.54	75	1	1	1
1643	1310	2008	7	13:50:00	ND	0	3	3	0	1.505	0.005	48.85	-99.92	20.6	250	1	1	1
1644	1311	2008	7	15:11:00	ND	0	1	0	0	0.25	0.105	48.69	-99.09	12.0	150	1	1	1
1645	1314	2008	7	18:04:00	WI	0	1	0	0	0.03	0.01	43.64	-88.99	1.14	75	1	1	1
1646	1399	2008	8	18:45:00	IL	0	1	0	0	0.04	0.0	41.94	-88.13	0.55	40	1	1	1
1647	1400	2008	8	18:45:00	IL	0	1	0	0	0.5	0.0	41.69	-88.15	1.11	50	1	1	1
1648	1401	2008	8	18:47:00	IL	0	1	0	0	0.25	0.0	41.94	-88.09	0.8	50	1	1	1
1649	1403	2008	8	19:27:00	IN	0	2	0	0	1.0	0.0	41.55	-87.43	2.74	30	1	1	1
1650	1559	2008	9	15:51:00	KS	0	1	0	0	0.0	0.0	38.88	-95.08	0.6	50	1	1	1
1651	1586	2008	9	14:25:00	MI	0	1	0	0	0.0	0.0	42.21	-85.92	1.94	100	1	1	1
1652	1596	2008	9	19:18:00	MI	0	2	0	0	0.25	0.0	42.38	-83.46	2.65	200	1	1	1
1653	1546	2008	9	15:49:00	IN	0	1	0	0	0.03	0.005	41.23	-87.13	0.24	20	1	1	1
1654	16	2009	2	22:43:00	MO	0	1	0	0	0.35	0.0	37.1332	-93.3371	5.42	75	1	1	1
1655	20	2009	2	14:30:00	IN	0	1	0	0	0.013	0.0	40.1122	-85.3281	0.11	100	1	1	1
1656	79	2009	3	14:24:00	NE	0	2	0	0	0.02	0.0	42.5614	-98.6571	0.22	10	1	1	1
1657	80	2009	3	15:14:00	SD	0	1	0	0	0.03	0.0	42.805	-97.975	0.86	100	1	1	1
1658	81	2009	3	15:15:00	NE	0	1	0	0	0.0	0.0	42.804	-97.8799	1.79	75	1	1	1
1659	82	2009	3	15:31:00	NE	0	1	0	0	0.0	0.0	40.5671	-96.6347	2.42	50	1	1	1
1660	83	2009	3	15:36:00	NE	0	2	0	0	0.0	0.0	40.6234	-96.5945	1.6	50	1	1	1
1661	84	2009	3	15:41:00	NE	0	1	5	0	0.0	0.0	40.682	-96.5506	10.82	50	1	1	1
1662	85	2009	3	15:52:00	NE	0	1	3	0	0.0	0.0	40.8142	-96.4383	3.99	50	1	1	1
1663	86	2009	3	15:59:00	NE	0	1	0	0	1.0	0.0	40.8712	-96.3863	10.65	880	1	1	1
1664	91	2009	3	17:03:00	IA	0	2	0	0	0.0	0.0	41.5502	-95.9458	8.6	440	1	1	1
1665	92	2009	3	17:33:00	KS	0	1	0	0	0.0	0.0	39.8598	-95.9977	10.97	50	1	1	1
1666	51	2009	3	09:56:00	IL	0	2	0	0	0.0	0.0	39.0433	-90.574	0.98	100	1	1	1
1667	53	2009	3	10:10:00	IL	0	1	0	0	0.0	0.0	39.4797	-90.2628	4.81	352	1	1	1
1668	54	2009	3	10:25:00	IL	0	1	0	0	0.0	0.0	38.169	-89.956	0.79	75	1	1	1
1669	55	2009	3	10:27:00	IL	0	1	1	0	0.0	0.0	38.175	-89.904	2.35	100	1	1	1
1670	56	2009	3	10:30:00	IL	0	1	0	0	0.0	0.0	39.2751	-89.948	4.21	75	1	1	1
1671	57	2009	3	10:32:00	IL	0	1	2	0	0.61	0.0	39.6511	-89.9269	5.13	200	1	1	1
1672	59	2009	3	10:46:00	IL	0	2	0	0	0.0	0.0	38.25	-89.597	4.29	200	1	1	1
1673	62	2009	3	11:15:00	MO	0	1	0	0	0.13	0.0	37.2531	-89.952	6.48	70	1	1	1
1674	63	2009	3	11:27:00	IL	0	1	0	0	0.06	0.0	38.4328	-88.8674	2.27	150	1	1	1
1675	65	2009	3	11:42:00	IL	0	1	1	0	0.04	0.0	38.4169	-88.5447	14.44	50	1	1	1
1676	66	2009	3	11:58:00	IL	0	2	0	0	0.11	0.0	38.5634	-88.35	5.64	100	1	1	1
1677	68	2009	3	12:43:00	IL	0	1	1	0	0.305	0.0	38.7722	-87.5824	4.24	100	2	1	2
1678	68	2009	3	12:43:00	IL	0	1	1	0	0.305	0.0	38.7722	-87.5824	4.44	100	2	0	1
1679	69	2009	3	12:56:00	IL	0	1	0	0	0.04	0.0	41.1912	-87.7357	0.74	80	1	1	1
1680	70	2009	3	13:00:00	IL	0	1	0	0	0.03	0.0	41.2359	-87.6948	0.51	120	1	1	1
1681	71	2009	3	13:37:00	IN	0	3	1	0	0.42	0.0	38.8498	-86.6062	1.06	1408	1	1	1
1682	74	2009	3	15:22:00	IN	0	1	0	0	0.04	0.0	39.194	-85.1001	0.47	25	1	1	1
1683	76	2009	3	16:15:00	IN	0	1	0	0	0.5	0.0	41.1692	-85.4783	0.23	100	1	1	1
1684	301	2009	4	13:10:00	KS	0	2	0	0	0.0	0.0	38.0339	-100.264	9.0	300	1	1	1
1685	327	2009	4	17:35:00	KS	0	1	0	0	0.4	0.0	39.0151	-95.1315	7.24	75	1	1	1
1686	330	2009	4	19:29:00	KS	0	1	0	0	0.03	0.0	37.56	-96.96	1.23	75	1	1	1
1687	340	2009	4	15:52:00	IA	0	1	0	0	1.0	0.0	42.16	-91.67	21.04	100	1	1	1
1688	342	2009	4	16:49:00	KS	0	1	2	0	0.085	0.0	37.5832	-97.6463	3.15	75	1	1	1
1689	375	2009	4	18:26:00	KS	0	1	1	0	0.24	0.0	37.8485	-100.892	2.1	330	1	1	1
1690	376	2009	4	18:33:00	KS	0	1	1	0	1.3	0.0	37.8262	-100.867	4.3	330	1	1	1
1691	377	2009	4	18:37:00	KS	0	1	0	0	0.225	0.0	37.7986	-100.883	1.01	100	1	1	1
1692	378	2009	4	18:44:00	KS	0	1	0	0	0.24	0.0	37.764	-100.849	2.38	100	1	1	1
1693	517	2009	5	17:40:00	SD	0	1	0	0	0.1	0.0	45.051	-101.711	8.23	200	1	1	1
1694	519	2009	5	16:10:00	MO	0	1	0	1	0.025	0.0	40.2258	-93.1069	4.35	100	1	1	1
1695	521	2009	5	16:43:00	MO	0	1	0	0	0.1	0.0	40.2267	-92.8133	7.72	100	1	1	1
1696	524	2009	5	17:09:00	MO	0	2	6	2	5.0	0.0	40.2317	-92.5947	5.8	150	1	1	1
1697	530	2009	5	18:20:00	KS	0	1	0	0	0.1	0.0	37.9437	-95.0702	12.62	300	1	1	1
1698	535	2009	5	23:04:00	IL	0	1	0	0	0.05	0.0	39.3968	-89.1562	0.81	60	1	1	1
1699	539	2009	5	00:11:00	MO	0	1	0	0	0.0	0.0	37.7708	-90.6263	0.58	200	1	1	1
1700	541	2009	5	02:25:00	IN	0	2	0	0	0.3	0.0	38.2	-87.57	10.35	125	1	1	1
1701	463	2009	5	06:53:00	MO	0	1	0	0	0.035	0.0	37.3733	-93.7477	1.9	100	1	1	1
1702	464	2009	5	07:05:00	MO	0	1	0	0	1.0	0.0	37.0957	-93.5052	3.88	100	1	1	1
1703	465	2009	5	07:14:00	MO	0	1	0	0	0.2	0.0	37.264	-93.3934	1.76	75	1	1	1
1704	466	2009	5	07:16:00	MO	0	1	0	0	2.0	0.0	37.4711	-93.3727	8.61	250	1	1	1
1705	468	2009	5	07:25:00	MO	0	1	0	0	2.6	0.0	36.7784	-93.0298	12.26	880	1	1	1
1706	469	2009	5	07:38:00	MO	0	1	0	0	0.05	0.0	37.1577	-92.928	3.77	400	1	1	1
1707	471	2009	5	07:39:00	MO	0	2	0	0	0.02	0.0	36.9098	-92.8328	2.48	880	1	1	1
1708	470	2009	5	07:39:00	MO	0	2	0	0	0.2	0.0	36.9161	-92.8704	2.3	1320	1	1	1
1709	472	2009	5	07:41:00	MO	0	2	2	0	2.0	0.0	37.5157	-93.0542	4.25	400	1	1	1
1710	474	2009	5	07:48:00	MO	0	1	0	0	0.2	0.0	36.7759	-92.6369	1.65	440	1	1	1
1711	473	2009	5	07:48:00	MO	0	1	0	0	0.05	0.0	37.0127	-92.6662	1.13	200	1	1	1
1712	475	2009	5	08:07:00	MO	0	1	0	0	0.05	0.0	37.2915	-92.5859	3.75	440	1	1	1
1713	477	2009	5	08:25:00	MO	0	2	0	0	0.5	0.0	37.6335	-92.5536	2.0	440	1	1	1
1714	478	2009	5	08:28:00	MO	0	3	0	0	0.5	0.0	36.8821	-91.9291	2.17	800	1	1	1
1715	480	2009	5	08:35:00	MO	0	1	0	0	0.5	0.0	36.8912	-91.8282	10.75	880	1	1	1
1716	479	2009	5	08:35:00	MO	0	2	2	0	2.55	13.0	36.9979	-91.8155	27.89	880	1	1	1
1717	481	2009	5	08:40:00	MO	0	1	0	0	0.025	0.0	37.4956	-91.9515	3.55	440	1	1	1
1718	482	2009	5	09:25:00	MO	0	1	0	0	0.0	0.0	37.3246	-90.9993	1.8	440	1	1	1
1719	484	2009	5	10:30:00	IL	0	1	0	0	0.08	0.0	37.903	-89.3937	3.11	100	1	1	1
1720	487	2009	5	11:10:00	MO	0	1	0	0	0.0	0.0	37.5177	-90.2383	0.47	30	1	1	1
1721	491	2009	5	12:45:00	IL	0	1	0	0	0.0	0.0	37.8963	-88.7778	5.51	150	1	1	1
1722	654	2009	6	19:05:00	MO	0	1	0	0	0.05	0.0	38.0304	-92.3206	0.6	200	1	1	1
1723	691	2009	6	16:47:00	KS	0	1	0	0	0.25	0.0	37.533	-100.74	3.7	150	1	1	1
1724	692	2009	6	16:50:00	KS	0	1	0	0	0.002	0.0	37.517	-100.735	0.62	75	1	1	1
1725	693	2009	6	19:03:00	KS	0	1	0	0	0.0	0.0	37.381	-99.2323	3.7	100	1	1	1
1726	701	2009	6	16:26:00	KS	0	1	0	0	0.065	0.0	37.6968	-99.9677	0.47	100	1	1	1
1727	702	2009	6	16:27:00	KS	0	1	0	0	0.15	0.0	37.6964	-99.9882	1.69	250	1	1	1
1728	704	2009	6	16:40:00	KS	0	1	0	0	1.5	0.0	37.8359	-99.3733	2.75	125	1	1	1
1729	705	2009	6	16:56:00	KS	0	1	0	0	0.0	0.0	37.8844	-99.1486	3.4	350	1	1	1
1730	706	2009	6	17:03:00	KS	0	2	0	0	0.0	0.0	37.9023	-99.0685	11.6	1400	1	1	1
1731	718	2009	6	18:37:00	KS	0	1	0	0	0.0	0.0	37.973	-98.818	2.0	125	1	1	1
1732	725	2009	6	04:40:00	MO	0	1	0	0	0.015	0.0	37.72	-93.82	5.81	150	1	1	1
1733	743	2009	6	18:27:00	SD	0	1	0	0	0.0	0.0	43.28	-97.58	2.07	100	1	1	1
1734	749	2009	6	13:20:00	KS	0	1	0	0	0.0	0.0	39.97	-96.88	8.85	25	1	1	1
1735	754	2009	6	17:54:00	NE	0	1	0	0	0.1	0.03	40.876	-98.892	1.11	200	1	1	1
1736	760	2009	6	19:00:00	MN	0	2	0	0	2.0	0.03	43.7229	-93.03	9.6	120	1	1	1
1737	765	2009	6	19:59:00	NE	0	2	0	0	0.25	0.075	40.8726	-98.1657	5.12	450	1	1	1
1738	766	2009	6	17:04:00	ND	0	1	0	0	0.0	0.0	46.27	-96.88	7.0	300	1	1	1
1739	768	2009	6	18:15:00	MN	0	1	0	0	0.0	0.0	46.55	-95.72	1.0	150	1	1	1
1740	774	2009	6	18:10:00	IL	0	1	0	0	0.075	0.0	42.295	-88.441	0.74	75	1	1	1
1741	775	2009	6	19:38:00	MI	0	2	0	0	0.0	0.0	42.4737	-86.0092	5.88	400	1	1	1
1742	776	2009	6	19:53:00	MI	0	1	0	0	0.0	0.0	42.4116	-85.7636	1.83	300	1	1	1
1743	777	2009	6	20:08:00	MI	0	2	0	0	0.0	0.0	42.3881	-85.4992	0.86	200	1	1	1
1744	784	2009	6	17:17:00	KS	0	1	0	0	0.05	0.0	38.007	-99.108	5.05	100	1	1	1
1745	788	2009	6	18:55:00	KS	0	1	0	0	0.075	0.0	38.3644	-97.8454	0.87	75	1	1	1
1746	801	2009	6	18:20:00	IA	0	1	0	0	0.025	0.002	42.465	-92.6512	2.3	90	1	1	1
1747	802	2009	6	18:25:00	IA	0	1	0	0	0.01	0.005	42.4085	-92.8743	2.08	70	1	1	1
1748	817	2009	6	17:28:00	ND	0	1	0	0	0.7	0.04	46.8076	-103.2	6.83	80	1	1	1
1749	827	2009	6	22:43:00	NE	0	2	0	0	0.2	0.015	42.64	-99.3288	4.56	20	1	1	1
1750	835	2009	6	17:30:00	ND	0	1	0	0	0.0	0.0	47.96	-97.7	7.0	200	1	1	1
1751	837	2009	6	17:35:00	ND	0	1	0	0	0.25	0.05	48.3823	-97.4165	3.07	300	1	1	1
1752	839	2009	6	17:55:00	ND	0	1	0	0	0.007	0.02	48.3266	-97.2994	3.63	250	1	1	1
1753	844	2009	6	19:22:00	NE	0	1	0	0	0.152	0.0	41.15	-100.818	0.1	20	1	1	1
1754	845	2009	6	19:35:00	ND	0	1	0	0	0.15	0.0	47.5989	-97.09	0.07	100	1	1	1
1755	630	2009	6	16:30:00	IL	0	2	0	0	0.0	0.0	38.5514	-89.9208	11.79	176	1	1	1
1756	632	2009	6	19:00:00	IL	0	1	0	0	0.026	0.0	38.02	-89.1749	4.82	300	1	1	1
1757	878	2009	7	13:55:00	OH	0	1	0	0	0.095	0.015	39.2163	-83.1117	3.07	440	1	1	1
1758	879	2009	7	14:20:00	OH	0	1	0	0	0.005	0.0	38.9987	-82.9761	0.61	100	1	1	1
1759	889	2009	7	20:20:00	NE	0	2	0	0	0.025	0.0	42.8297	-100.755	0.1	20	1	1	1
1760	890	2009	7	15:21:00	MN	0	2	0	0	0.5	0.1	45.3695	-95.4678	7.86	350	1	1	1
1761	891	2009	7	15:41:00	MN	0	1	0	0	0.25	0.0	45.213	-94.9811	6.4	250	1	1	1
1762	924	2009	7	20:50:00	IL	0	1	0	0	0.15	0.0	41.3485	-89.4459	1.21	50	1	1	1
1763	931	2009	7	16:16:00	WI	0	1	0	0	0.03	0.04	43.37	-90.93	4.04	75	1	1	1
1764	932	2009	7	16:48:00	WI	0	1	0	0	0.01	0.012	43.7611	-89.3682	9.56	150	1	1	1
1765	962	2009	7	05:45:00	OH	0	1	0	0	0.035	0.0	40.7305	-81.9209	0.28	20	1	1	1
1766	865	2009	7	17:06:00	SD	0	1	0	0	0.001	0.0	43.859	-103.945	0.81	50	1	1	1
1767	867	2009	7	18:15:00	ND	0	1	0	0	0.185	0.05	49.0	-102.66	9.67	80	1	1	1
1768	872	2009	7	20:15:00	ND	0	3	2	0	20.0	0.0	46.8554	-102.816	2.29	350	1	1	1
1769	873	2009	7	20:30:00	ND	0	1	0	0	0.08	0.0	48.9202	-101.803	10.54	50	1	1	1
1770	876	2009	7	00:31:00	SD	0	1	0	0	0.002	0.0	43.2007	-99.949	1.28	300	1	1	1
1771	877	2009	7	00:48:00	SD	0	1	0	0	0.003	0.0	43.2553	-99.9198	0.2	100	1	1	1
1772	1071	2009	8	13:10:00	IL	0	1	0	0	0.395	0.287	39.5114	-90.4169	15.11	250	1	1	1
1773	1070	2009	8	13:16:00	MN	0	1	0	0	0.025	0.05	44.568	-92.9059	1.61	50	1	1	1
1774	1069	2009	8	13:40:00	MN	0	1	0	0	0.1	0.0	44.7731	-92.8647	0.68	75	1	1	1
1775	1068	2009	8	13:46:00	IL	0	2	3	0	4.1	0.39	39.6333	-90.0066	19.15	440	1	1	1
1776	1063	2009	8	14:17:00	IL	0	1	0	0	0.2	0.24	39.7049	-89.6145	12.93	200	1	1	1
1777	1062	2009	8	14:19:00	IL	0	3	19	0	18.2	1.075	39.9555	-89.5611	24.27	880	1	1	1
1778	1052	2009	8	15:30:00	IA	0	1	0	0	0.075	0.0	42.6146	-91.819	2.2	100	1	1	1
1779	1048	2009	8	17:00:00	IL	0	1	0	0	0.025	0.0	41.9084	-88.4642	1.0	40	1	1	1
1780	1047	2009	8	17:00:00	IL	0	1	0	0	0.1	0.0	40.8255	-87.7306	2.75	50	1	1	1
1781	1044	2009	8	18:32:00	IN	0	2	0	0	1.5	0.0	41.6036	-87.0654	4.0	60	1	1	1
1782	1043	2009	8	23:05:00	MO	0	1	1	0	0.025	0.0	37.6	-92.14	0.75	100	1	1	1
1783	1093	2009	8	19:50:00	KS	0	1	0	0	0.07	0.0	37.3981	-100.978	3.5	75	1	1	1
1784	1092	2009	8	10:10:00	IN	0	1	0	0	0.085	0.0005	39.5225	-86.6433	0.21	50	1	1	1
1785	1088	2009	8	19:33:00	MN	0	1	0	0	1.0	0.0	44.9629	-93.6691	9.13	200	1	1	1
1786	1086	2009	8	21:24:00	WI	0	1	0	0	0.5	0.0	45.0384	-92.675	5.0	450	1	1	1
1787	1030	2009	9	15:58:00	IN	0	1	0	0	0.01	0.0	38.498	-85.9337	1.14	35	1	1	1
1788	1127	2010	10	04:41:00	IL	41	1	0	0	0.1	0.0	41.8319	-89.1685	1.1	50	1	1	1
1789	1128	2010	10	05:55:00	IL	42	1	0	0	0.1	0.0	41.9126	-88.5181	0.93	20	1	1	1
1790	1130	2010	10	06:29:00	IL	44	1	0	0	0.008	0.0	38.5073	-87.7046	1.5	75	1	1	1
1791	1131	2010	10	06:40:00	IL	45	2	2	0	0.5	0.0	41.309	-87.7393	2.32	200	1	1	1
1792	1132	2010	10	06:47:00	WI	44	1	0	0	0.1	0.0	42.6638	-87.8996	0.43	100	1	1	1
1793	1133	2010	10	06:48:00	WI	45	1	2	0	1.0	0.0	42.669	-87.8952	5.4	100	1	1	1
1794	1135	2010	10	07:42:00	IN	16	1	0	0	0.5	0.0	41.4285	-86.8948	1.89	150	1	1	1
1795	1138	2010	10	08:20:00	IN	19	1	0	0	0.0	0.0	40.4711	-85.5402	1.13	100	1	1	1
1796	1143	2010	10	08:31:00	IN	22	1	0	0	0.1	0.0	40.9798	-85.6149	0.67	75	1	1	1
1797	1145	2010	10	08:42:00	IN	24	1	0	0	0.0	0.0	41.1083	-85.4717	2.19	150	1	1	1
1798	1150	2010	10	09:04:00	IN	26	1	0	0	0.0	0.0	41.1549	-84.9801	6.99	150	1	1	1
1799	1151	2010	10	09:12:00	OH	31	1	0	0	0.0	0.0	40.9802	-84.6112	9.26	100	1	1	1
1800	1152	2010	10	09:29:00	OH	32	1	0	0	0.0	0.0	41.0645	-84.3498	4.87	175	1	1	1
1801	1153	2010	10	09:40:00	OH	33	1	0	0	0.077	0.0	39.9137	-84.6889	4.35	30	1	1	1
1802	1156	2010	10	09:59:00	OH	35	2	0	0	0.238	0.0	40.6327	-84.1668	3.92	110	1	1	1
1803	1203	2010	11	15:00:00	IL	46	2	6	0	5.0	0.0	42.3307	-88.97	18.1	200	1	1	1
1804	1204	2010	11	15:31:00	IL	47	1	0	0	1.0	0.0	42.4932	-88.5704	5.45	100	2	0	1
1805	1204	2010	11	15:32:00	WI	46	1	0	0	1.0	0.0	42.4951	-88.5695	5.33	100	2	1	2
1806	1206	2010	11	16:02:00	WI	48	1	2	0	2.0	0.0	42.67	-88.0745	10.57	150	1	1	1
1807	1210	2010	11	17:09:00	MO	42	1	0	0	0.075	0.0	38.0309	-93.1975	2.79	150	1	1	1
1808	1211	2010	11	19:11:00	MO	43	1	0	0	0.075	0.0	37.4469	-93.3615	0.85	200	1	1	1
1809	1254	2010	12	23:26:00	MO	46	1	0	0	2.0	0.0	36.5706	-93.3742	3.15	300	1	1	1
1810	1256	2010	12	00:18:00	MO	48	1	2	0	0.3	0.0	37.0283	-93.0351	8.37	250	1	1	1
1811	1260	2010	12	09:43:00	MO	51	3	4	0	90.0	0.0	37.6857	-92.1901	7.5	500	1	1	1
1812	1261	2010	12	10:06:00	MO	52	3	6	2	1.0	0.0	37.9394	-91.8018	11.0	500	1	1	1
1813	1262	2010	12	10:12:00	MO	53	1	0	2	0.5	0.0	37.7748	-91.7129	6.78	440	1	1	1
1814	1263	2010	12	10:40:00	MO	54	1	0	0	0.0	0.0	38.1471	-91.4952	6.36	100	1	1	1
1815	1264	2010	12	11:16:00	MO	55	1	0	0	0.04	0.0	38.5003	-91.0222	0.8	100	1	1	1
1816	1266	2010	12	11:19:00	MO	57	2	0	0	0.0	0.0	38.3399	-90.8899	12.19	370	1	1	1
1817	1268	2010	12	11:27:00	MO	59	1	0	0	0.0	0.0	38.3067	-90.7819	8.6	50	1	1	1
1818	1269	2010	12	11:48:00	MO	60	1	0	0	0.0	0.0	38.5935	-90.5559	1.7	175	1	1	1
1819	1270	2010	12	11:48:00	MO	61	3	6	1	1.0	0.0	38.4918	-90.4706	6.65	440	1	1	1
1820	1272	2010	12	12:08:00	MO	62	1	0	0	0.0	0.0	38.6494	-90.2537	2.71	100	1	1	1
1821	1274	2010	12	12:37:00	IL	50	3	1	0	12.0	0.0	39.9842	-89.862	3.63	200	1	1	1
1822	1276	2010	12	13:24:00	MO	63	2	0	0	0.2	0.0	36.9407	-90.8514	2.63	200	1	1	1
1823	1277	2010	12	14:25:00	MO	64	2	0	0	0.25	0.0	36.8186	-90.523	0.24	100	1	1	1
1824	41	2010	3	22:25:00	MO	1	1	0	0	0.0	0.0	38.4397	-92.0278	6.61	60	1	1	1
1825	44	2010	3	23:30:00	MO	4	1	1	0	0.2	0.0	36.5925	-90.7902	1.47	180	1	1	1
1826	97	2010	4	15:48:00	KS	1	1	0	0	0.18	0.0	37.8838	-101.432	9.4	1760	1	1	1
1827	108	2010	4	17:10:00	KS	4	1	0	0	0.0008	0.0	38.2147	-101.089	2.69	880	1	1	1
1828	117	2010	4	18:06:00	KS	8	1	0	0	0.21	0.0	38.389	-100.965	7.2	440	1	1	1
1829	178	2010	4	19:22:00	NE	1	1	0	0	0.65	0.0	40.1	-96.9962	2.89	300	1	1	1
1830	179	2010	4	16:52:00	MO	16	1	0	0	0.0	0.01	36.4978	-92.5886	14.62	440	2	1	2
1831	181	2010	4	17:12:00	MO	17	1	0	0	0.08	0.0	36.5821	-92.3718	3.72	440	1	1	1
1832	183	2010	4	17:24:00	MO	19	1	0	0	0.875	0.025	36.6379	-92.2898	11.05	1320	1	1	1
1833	184	2010	4	17:50:00	MO	20	1	0	0	0.0	0.0	37.809	-91.5091	1.94	100	1	1	1
1834	186	2010	4	18:00:00	WI	1	1	0	0	0.13	0.0	43.9245	-88.9129	2.0	100	1	1	1
1835	187	2010	4	18:05:00	MO	21	1	0	0	0.75	0.025	36.9447	-91.9653	2.74	1320	1	1	1
1836	194	2010	4	19:08:00	MO	22	1	0	0	0.0	0.0	38.1917	-90.785	18.33	581	1	1	1
1837	197	2010	4	19:50:00	IL	3	2	0	0	0.0	0.0	38.3505	-90.3498	7.24	350	1	1	1
1838	243	2010	5	12:27:00	KS	13	1	0	0	0.005	0.0	38.4878	-101.206	0.89	25	1	1	1
1839	251	2010	5	15:30:00	KS	20	1	0	0	0.125	0.0	36.9991	-97.3452	0.66	300	2	1	2
1840	257	2010	5	15:34:00	KS	22	2	0	0	0.125	0.0	37.4997	-97.9898	3.14	700	1	1	1
1841	258	2010	5	15:44:00	KS	23	1	0	0	0.0	0.0	37.5193	-97.8367	1.83	300	1	1	1
1842	261	2010	5	15:49:00	KS	24	1	0	0	0.2	0.0	37.0724	-97.0313	1.36	300	1	1	1
1843	263	2010	5	15:58:00	KS	25	1	0	0	0.05	0.0	37.5854	-97.6434	5.09	300	1	1	1
1844	267	2010	5	16:08:00	KS	26	1	0	0	0.015	0.0	37.0967	-96.9703	0.67	150	1	1	1
1845	335	2010	5	06:00:00	MO	26	1	0	0	0.5	0.0	36.908	-93.9369	2.16	200	1	1	1
1846	338	2010	5	23:47:00	OH	4	1	0	0	0.0	0.0	40.8302	-84.3991	2.1	150	1	1	1
1847	414	2010	5	16:44:00	OH	5	1	0	0	0.11	0.0	39.03	-83.88	4.27	50	1	1	1
1848	417	2010	5	18:44:00	OH	6	1	0	0	0.135	0.0	38.71	-83.65	2.97	75	1	1	1
1849	419	2010	5	17:16:00	SD	2	1	0	0	0.0	0.0	45.4248	-99.7948	0.5	100	1	1	1
1850	420	2010	5	17:21:00	SD	3	4	0	0	0.0	0.0	45.448	-99.7479	5.7	1200	1	1	1
1851	425	2010	5	19:01:00	SD	7	2	0	0	0.0	0.0	45.54	-99.01	18.64	200	1	1	1
1852	427	2010	5	19:26:00	SD	8	1	0	0	0.0	0.0	44.87	-99.39	1.62	100	1	1	1
1853	429	2010	5	20:10:00	SD	9	2	0	0	0.0	0.0	45.8636	-98.3108	1.29	100	1	1	1
1854	430	2010	5	20:11:00	SD	10	2	0	0	0.08	0.0	43.3756	-99.8664	2.85	150	1	1	1
1855	431	2010	5	20:30:00	NE	5	2	0	0	0.12	0.0	42.9429	-99.9172	9.01	20	1	1	1
1856	440	2010	5	20:07:00	KS	45	1	0	0	0.025	0.0	39.483	-101.622	6.36	50	1	1	1
1857	450	2010	5	13:24:00	SD	11	2	0	0	0.1	0.0	44.53	-102.12	22.25	440	1	1	1
1858	451	2010	5	13:30:00	ND	1	1	0	0	0.0	0.0	48.4	-97.44	3.0	50	1	1	1
1859	456	2010	5	14:34:00	SD	13	2	0	0	0.1	0.0	45.169	-102.15	22.85	440	1	1	1
1860	457	2010	5	14:55:00	SD	14	2	0	0	0.1	0.0	45.4381	-102.16	8.23	440	1	1	1
1861	460	2010	5	17:05:00	ND	3	1	0	0	0.025	0.0	46.04	-101.98	1.63	40	1	1	1
1862	467	2010	5	20:00:00	ND	5	1	0	0	0.25	0.0	47.0626	-99.9262	2.35	70	1	1	1
1863	492	2010	5	19:26:00	KS	51	1	0	0	0.0225	0.0	38.8619	-100.546	21.26	75	1	1	1
1864	493	2010	5	19:44:00	KS	52	1	0	0	0.025	0.0	38.844	-100.336	9.9	50	1	1	1
1865	240	2010	5	18:10:00	WI	4	1	0	0	0.01	0.0	44.195	-88.738	0.7	100	1	1	1
1866	242	2010	5	17:35:00	OH	1	1	0	0	0.5	0.0	41.3258	-83.5346	2.51	100	1	1	1
1867	607	2010	6	19:15:00	KS	59	1	0	0	0.1	0.0	39.5143	-100.253	3.48	50	1	1	1
1868	615	2010	6	16:53:00	KS	63	1	0	0	0.002	0.0	38.3885	-98.8189	0.7	75	1	1	1
1869	619	2010	6	18:03:00	KS	67	1	0	0	0.01	0.0	38.4783	-98.3529	1.85	75	1	1	1
1870	626	2010	6	17:33:00	NE	24	1	0	0	0.0	0.0	40.0457	-99.7657	1.78	300	1	1	1
1871	632	2010	6	18:22:00	SD	18	1	0	0	0.01	0.0	45.0291	-101.681	2.26	450	1	1	1
1872	633	2010	6	18:33:00	SD	19	2	2	0	0.75	0.0	45.0356	-101.613	1.38	450	1	1	1
1873	636	2010	6	19:35:00	SD	22	2	0	0	0.0	0.0	45.06	-101.33	0.4	50	1	1	1
1874	638	2010	6	10:35:00	ND	8	1	0	0	0.025	0.0	45.9918	-102.642	0.62	20	1	1	1
1875	643	2010	6	14:43:00	MN	4	4	5	1	0.0	0.0	46.087	-95.437	39.56	2288	1	1	1
1876	645	2010	6	14:49:00	ND	13	4	1	0	0.0	0.0	47.54	-97.3	17.0	150	1	1	1
1877	648	2010	6	15:01:00	ND	14	1	0	0	0.0	0.0	47.01	-98.11	1.0	100	1	1	1
1878	651	2010	6	15:28:00	ND	17	2	0	0	0.0	0.0	47.31	-97.78	7.0	75	1	1	1
1879	652	2010	6	15:30:00	ND	18	1	0	0	0.0	0.0	47.25	-97.67	7.0	50	1	1	1
1880	653	2010	6	15:31:00	ND	19	2	0	0	0.0	0.0	47.9	-97.3	7.0	100	1	1	1
1881	654	2010	6	15:32:00	MN	7	1	0	0	0.0	0.0	47.18	-95.38	1.0	40	1	1	1
1882	655	2010	6	15:40:00	ND	20	2	0	0	0.0	0.0	47.35	-97.62	3.0	75	1	1	1
1883	656	2010	6	15:41:00	MN	8	1	0	0	0.0	0.0	47.34	-95.49	3.0	30	1	1	1
1884	657	2010	6	15:47:00	ND	21	1	0	0	0.0	0.0	47.96	-97.21	10.0	50	1	1	1
1885	658	2010	6	15:48:00	MN	9	1	0	0	0.0	0.0	46.2963	-95.23	1.52	40	1	1	1
1886	659	2010	6	15:59:00	MN	10	4	20	0	0.0	0.0	46.41	-95.18	10.0	1936	1	1	1
1887	662	2010	6	16:07:00	MN	12	1	0	0	0.0	0.0	48.1	-95.78	2.0	30	1	1	1
1888	665	2010	6	16:17:00	MN	13	1	0	0	0.0	0.0	47.16	-95.15	6.0	80	1	1	1
1889	666	2010	6	16:21:00	ND	24	1	0	0	0.0	0.0	48.25	-97.16	5.0	50	2	0	1
1890	666	2010	6	16:21:00	ND	24	1	0	0	0.0	0.0	48.25	-97.16	1.0	50	2	1	2
1891	666	2010	6	16:23:00	MN	14	1	0	0	0.0	0.0	48.27	-97.13	4.0	50	2	1	2
1892	670	2010	6	16:29:00	MN	16	1	0	0	0.0	0.0	47.64	-95.43	1.0	40	1	1	1
1893	676	2010	6	16:41:00	ND	28	1	0	0	0.0	0.0	48.2	-97.85	2.0	50	1	1	1
1894	677	2010	6	16:44:00	MN	20	1	0	0	0.0	0.0	48.46	-95.62	4.0	40	1	1	1
1895	678	2010	6	16:45:00	ND	29	1	0	0	0.0	0.0	48.09	-97.69	4.0	75	1	1	1
1896	681	2010	6	16:50:00	MN	23	1	0	0	0.0	0.0	47.84	-96.82	7.0	150	1	1	1
1897	685	2010	6	17:00:00	MN	27	1	0	0	0.0	0.0	47.78	-96.49	3.0	150	1	1	1
1898	690	2010	6	17:13:00	MN	31	2	0	0	0.0	0.0	43.5129	-93.7331	1.46	50	1	1	1
1899	691	2010	6	17:15:00	MN	32	3	2	1	0.0	0.0	47.64	-96.18	15.0	150	1	1	1
1900	692	2010	6	17:16:00	MN	33	2	0	0	0.0	0.0	43.5314	-93.7229	2.5	50	1	1	1
1901	693	2010	6	17:16:00	MN	34	1	1	0	0.0	0.0	47.93	-96.38	2.0	50	1	1	1
1902	695	2010	6	17:26:00	MN	36	1	0	0	0.0	0.0	48.27	-96.64	7.0	200	1	1	1
1903	696	2010	6	17:28:00	MN	37	1	0	0	0.0	0.0	43.5692	-93.6512	0.58	50	1	1	1
1904	697	2010	6	17:33:00	MN	38	4	14	1	0.0	0.0	43.5755	-93.6404	16.91	1760	1	1	1
1905	698	2010	6	17:55:00	MN	39	1	0	0	0.0	0.0	43.6607	-93.4748	1.07	100	1	1	1
1906	699	2010	6	18:05:00	MN	40	3	0	0	0.0	0.0	43.702	-93.4188	18.15	1320	1	1	1
1907	700	2010	6	18:15:00	MN	41	1	0	0	0.0	0.0	43.7634	-93.3179	12.59	600	1	1	1
1908	701	2010	6	18:42:00	MN	43	1	0	0	0.0	0.0	43.6987	-93.2945	4.94	220	1	1	1
1909	702	2010	6	18:47:00	MN	44	3	0	0	0.0	0.0	43.7567	-93.2367	5.01	600	1	1	1
1910	703	2010	6	19:03:00	MN	45	1	0	0	0.0	0.0	43.8103	-93.1627	2.16	220	1	1	1
1911	705	2010	6	19:10:00	MN	47	3	0	0	0.0	0.0	43.8588	-93.1273	4.32	440	1	1	1
1912	706	2010	6	19:25:00	MN	48	2	1	0	0.03	0.0	43.8947	-93.0903	6.61	100	1	1	1
1913	708	2010	6	19:44:00	MN	50	2	2	0	0.293	0.0	45.7277	-92.8743	7.82	400	2	0	1
1914	708	2010	6	19:44:00	MN	50	2	2	0	0.283	0.0	45.7277	-92.8743	7.05	400	2	1	2
1915	708	2010	6	20:01:00	WI	6	1	0	0	0.01	0.0	45.7977	-92.7683	0.77	300	2	1	2
1916	709	2010	6	20:03:00	MN	51	1	0	0	1.9	0.0	44.0649	-92.5395	2.38	150	1	1	1
1917	711	2010	6	20:57:00	WI	8	1	0	0	0.008	0.0	44.32	-91.79	2.28	25	1	1	1
1918	714	2010	6	17:30:00	KS	68	1	0	0	0.0	0.0	39.6684	-97.9971	2.1	350	1	1	1
1919	723	2010	6	18:50:00	NE	25	2	0	0	0.0	0.0	40.0238	-98.0802	1.49	1300	1	1	1
1920	741	2010	6	18:39:00	WI	9	1	0	0	0.015	0.0	42.6335	-90.0408	2.22	75	1	1	1
1921	742	2010	6	18:41:00	WI	10	1	0	0	0.015	0.0	43.1145	-89.6479	0.16	40	1	1	1
1922	746	2010	6	19:15:00	WI	11	1	0	0	0.62	0.01	42.898	-88.9835	1.32	100	1	1	1
1923	747	2010	6	20:11:00	WI	12	2	15	0	20.6	0.0	42.8679	-88.5031	5.22	880	1	1	1
1924	748	2010	6	20:36:00	WI	13	1	0	0	0.43	0.0	42.9102	-88.2148	5.89	200	1	1	1
1925	763	2010	6	01:18:00	IA	19	1	0	0	0.01	0.0	42.8036	-92.3134	0.29	35	1	1	1
1926	765	2010	6	17:26:00	IL	37	1	0	0	0.1	0.0	41.5052	-87.7118	2.42	200	1	1	1
1927	766	2010	6	18:59:00	IN	7	1	0	0	0.3	0.025	41.5543	-86.0496	11.85	50	1	1	1
1928	767	2010	6	19:09:00	IN	8	1	0	0	0.5	0.0	41.5713	-85.8311	1.05	50	1	1	1
1929	768	2010	6	19:14:00	IN	9	1	0	0	0.3	0.0	41.2573	-85.8823	4.79	150	1	1	1
1930	769	2010	6	19:15:00	IN	10	1	0	0	0.05	0.0	41.5238	-85.7579	3.45	100	1	1	1
1931	774	2010	6	20:06:00	MI	12	1	0	0	0.1	0.0	42.0467	-83.6751	11.47	100	1	1	1
1932	778	2010	6	15:55:00	ND	33	1	0	0	0.2	0.05	46.7418	-100.999	1.64	50	1	1	1
1933	780	2010	6	16:55:00	MN	56	2	0	0	0.0	0.0	44.34	-94.6602	0.33	50	1	1	1
1934	782	2010	6	17:30:00	MN	57	2	0	0	0.0	0.0	44.2717	-94.355	4.34	75	1	1	1
1935	783	2010	6	17:55:00	MN	58	1	0	0	0.0	0.0	44.2413	-95.3601	2.81	200	1	1	1
1936	784	2010	6	17:55:00	MN	59	2	0	0	0.0	0.0	44.1001	-94.1394	0.86	50	1	1	1
1937	785	2010	6	17:58:00	MN	60	1	0	0	0.0	0.0	44.1067	-94.2189	4.26	75	1	1	1
1938	787	2010	6	18:05:00	MN	61	2	0	0	0.0	0.0	44.0054	-94.0399	1.9	40	1	1	1
1939	793	2010	6	20:53:00	IA	20	4	13	0	3.5	0.0	43.44	-95.951	13.65	800	1	1	1
1940	794	2010	6	20:55:00	IA	21	1	0	0	0.02	0.0	43.425	-95.897	1.22	100	1	1	1
1941	798	2010	6	22:42:00	IA	25	1	0	0	0.02	0.0	42.97	-95.78	3.27	100	1	1	1
1942	799	2010	6	15:21:00	ND	35	1	0	0	0.0	0.0	48.43	-97.42	6.0	200	1	1	1
1943	801	2010	6	16:47:00	MN	67	1	0	0	0.0	0.0	48.23	-96.72	3.0	100	1	1	1
1944	813	2010	6	12:20:00	WI	15	1	1	0	0.075	0.0	42.7031	-87.9153	4.6	100	1	1	1
1945	814	2010	6	12:31:00	MI	14	1	0	0	0.5	0.0	42.1155	-83.4135	1.35	200	1	1	1
1946	815	2010	6	16:54:00	OH	17	1	0	0	0.3	0.0	41.9522	-80.5974	2.27	100	1	1	1
1947	816	2010	6	17:06:00	MI	15	1	4	1	0.7	0.0	42.9943	-82.6119	2.91	250	1	1	1
1948	510	2010	6	16:08:00	IA	2	2	0	0	4.0	0.01	40.8021	-94.2289	1.51	250	1	1	1
1949	511	2010	6	17:05:00	NE	12	1	0	0	0.004	0.0	41.0035	-96.0641	0.55	200	1	1	1
1950	516	2010	6	15:58:00	OH	7	1	0	0	0.125	0.0	40.5899	-80.8847	3.78	300	1	1	1
1951	530	2010	6	12:40:00	OH	9	1	0	0	0.55	0.0	40.57	-81.82	12.84	100	1	1	1
1952	535	2010	6	18:40:00	IA	4	1	1	0	0.25	0.0	42.0834	-90.6883	2.2	150	1	1	1
1953	536	2010	6	18:56:00	IL	11	2	0	0	85.42	0.05	40.801	-90.0919	7.81	50	1	1	1
1954	539	2010	6	19:10:00	IL	13	2	0	0	1.005	0.0	41.1289	-89.3142	10.29	880	1	1	1
1955	540	2010	6	19:10:00	IL	14	1	0	0	0.085	0.0	40.7732	-89.9174	4.86	100	1	1	1
1956	541	2010	6	19:18:00	IL	15	1	0	0	0.17	0.0	40.7616	-89.8175	3.88	75	1	1	1
1957	544	2010	6	19:34:00	IL	18	2	17	0	7.04	0.0	41.1005	-89.0869	17.62	800	1	1	1
1958	546	2010	6	19:51:00	IL	20	2	0	0	0.63	0.03	40.7457	-89.4	3.08	250	1	1	1
1959	548	2010	6	19:58:00	IL	22	3	0	0	0.75	0.0	41.0998	-88.7302	8.55	440	1	1	1
1960	549	2010	6	20:12:00	IL	23	2	13	1	3.0	0.0	41.0876	-88.5213	5.96	300	1	1	1
1961	552	2010	6	20:38:00	OH	10	2	0	0	0.5	0.0	41.4879	-84.0131	7.24	700	1	1	1
1962	553	2010	6	21:00:00	OH	11	1	0	0	0.075	0.0	41.53	-83.87	3.4	100	1	1	1
1963	554	2010	6	21:02:00	IL	26	1	0	0	0.5	0.0	41.0785	-87.9699	0.62	30	1	1	1
1964	556	2010	6	21:18:00	IL	28	3	1	0	0.6	0.0	41.0636	-87.7523	7.75	175	1	1	1
1965	557	2010	6	21:19:00	IL	29	1	0	0	0.075	0.0	41.0734	-87.741	0.56	50	1	1	1
1966	558	2010	6	21:20:00	OH	12	4	28	7	102.4	0.0	41.5512	-83.538	8.8	400	1	1	1
1967	559	2010	6	21:28:00	MI	2	2	0	0	0.15	0.0	41.9792	-86.4982	3.38	200	1	1	1
1968	560	2010	6	21:36:00	MI	3	1	0	0	0.1	0.0	41.9857	-86.4199	1.44	100	1	1	1
1969	562	2010	6	21:59:00	MI	4	2	0	0	0.1	0.0	41.962	-86.092	2.73	200	1	1	1
1970	563	2010	6	22:03:00	MI	5	1	0	0	2.0	0.0	42.2902	-85.1993	1.62	300	1	1	1
1971	565	2010	6	22:32:00	MI	6	2	0	0	0.3	0.0	41.8172	-85.6873	10.65	200	1	1	1
1972	566	2010	6	23:03:00	IN	2	1	2	0	0.6	0.005	40.6856	-86.8132	12.6	150	1	1	1
1973	567	2010	6	23:25:00	IN	3	1	1	0	0.185	0.002	40.6488	-86.4285	6.29	150	1	1	1
1974	568	2010	6	23:41:00	IN	4	3	1	0	0.875	0.0	40.6382	-86.1844	7.45	250	1	1	1
1975	569	2010	6	23:48:00	MI	7	1	0	0	0.5	0.0	41.9577	-84.2174	2.48	250	1	1	1
1976	571	2010	6	00:11:00	MI	8	2	11	0	50.0	0.0	41.9663	-83.7692	13.01	800	1	1	1
1977	572	2010	6	00:33:00	MI	9	1	0	0	10.0	0.0	41.9359	-83.3274	5.15	500	1	1	1
1978	574	2010	6	04:01:00	OH	14	1	0	0	0.5	0.0	41.5909	-80.6307	4.47	100	1	1	1
1979	581	2010	6	19:23:00	NE	16	1	0	0	0.06	0.0	41.87	-103.645	21.0	100	1	1	1
1980	867	2010	7	19:25:00	KS	76	1	0	0	0.125	0.0	37.0276	-94.9406	2.82	60	1	1	1
1981	871	2010	7	17:06:00	ND	38	1	0	0	0.0	0.0	46.6397	-97.55	11.67	250	1	1	1
1982	876	2010	7	02:45:00	ND	39	1	0	0	1.0	0.25	46.4512	-97.8742	7.0	250	1	1	1
1983	877	2010	7	02:59:00	ND	40	2	0	0	2.0	0.4	46.45	-97.783	9.12	300	1	1	1
1984	878	2010	7	05:27:00	MN	82	1	0	0	0.3	0.25	46.4945	-95.3106	8.44	200	1	1	1
1985	880	2010	7	09:54:00	WI	17	1	0	0	0.0	0.0	44.9837	-92.481	2.54	30	1	1	1
1986	883	2010	7	13:36:00	MN	86	1	0	0	0.05	0.05	44.5007	-93.1145	1.7	100	1	1	1
1987	884	2010	7	13:54:00	WI	18	2	0	0	0.0	0.0	44.7705	-92.5756	15.2	100	1	1	1
1988	886	2010	7	14:08:00	WI	20	2	0	0	0.0	0.0	44.7611	-92.3459	6.1	30	1	1	1
1989	887	2010	7	15:16:00	WI	21	1	0	0	0.01	0.0	44.4744	-90.9744	30.77	150	1	1	1
1990	921	2010	7	01:38:00	IA	30	1	0	0	1.0	0.01	42.7135	-94.6811	2.62	250	1	1	1
1991	923	2010	7	15:08:00	WI	24	1	0	0	0.001	0.1	43.2664	-89.5225	1.53	30	1	1	1
1992	929	2010	7	17:02:00	WI	28	1	0	0	0.02	0.006	42.8883	-89.1618	4.18	75	1	1	1
1993	933	2010	7	17:52:00	WI	31	1	0	0	0.0	0.0	42.975	-89.7288	1.46	75	1	1	1
1994	934	2010	7	18:02:00	WI	32	2	0	0	0.0	0.0	42.8647	-88.2004	1.0	100	1	1	1
1995	936	2010	7	19:05:00	MN	96	1	0	0	0.05	0.0	45.9058	-95.5924	0.59	30	1	1	1
1996	948	2010	7	19:03:00	IA	31	1	0	0	750.0	0.01	41.3603	-93.6535	3.35	150	1	1	1
1997	949	2010	7	19:12:00	IA	32	1	0	0	0.25	0.005	41.3679	-93.5299	0.31	100	1	1	1
1998	966	2010	7	07:40:00	ND	47	1	0	0	0.0	0.0	46.65	-97.1254	1.0	150	1	1	1
1999	968	2010	7	17:21:00	WI	34	2	0	0	0.0	0.0	46.2272	-90.63	0.93	650	1	1	1
2000	971	2010	7	18:20:00	WI	37	1	3	0	0.16	0.0	46.08	-90.22	4.79	660	1	1	1
2001	972	2010	7	18:34:00	WI	38	1	0	0	0.22	0.0	45.4161	-92.1798	3.35	50	1	1	1
2002	973	2010	7	18:59:00	WI	39	1	0	0	0.075	0.0	45.371	-91.7211	4.5	75	1	1	1
2003	853	2010	7	17:27:00	WI	16	1	0	0	0.1	0.001	43.5201	-89.1437	4.23	125	1	1	1
2004	1002	2010	8	12:36:00	ND	54	2	0	0	0.0	0.0	47.69	-97.25	0.9	50	1	1	1
2005	1013	2010	8	18:44:00	MN	109	1	0	0	0.5	0.0	45.53	-95.12	6.23	100	1	1	1
2006	1018	2010	8	20:26:00	ND	58	3	1	1	1.2	0.25	48.813	-102.187	5.03	400	1	1	1
2007	1019	2010	8	02:04:00	MN	111	1	1	0	0.75	0.0	44.6654	-93.1864	1.52	125	1	1	1
2008	1020	2010	8	14:22:00	MN	112	1	0	0	0.11	0.024	43.89	-92.87	4.87	140	1	1	1
2009	1027	2010	8	17:29:00	MI	25	1	0	0	0.5	0.0	42.6633	-82.9779	2.55	250	1	1	1
2010	1029	2010	8	15:20:00	WI	42	1	0	0	0.1	0.0	44.2965	-88.078	1.28	75	1	1	1
2011	978	2010	8	19:20:00	ND	49	1	0	0	0.0	0.0	48.74	-99.17	20.0	150	1	1	1
2012	991	2010	8	17:25:00	ND	53	4	0	0	0.0	0.0	46.11	-96.63	5.0	600	2	0	1
2013	991	2010	8	17:25:00	ND	53	4	0	0	0.0	0.0	46.11	-96.63	2.5	600	2	1	2
2014	991	2010	8	17:37:00	MN	98	4	0	0	0.0	0.0	46.13	-96.563	2.5	600	2	1	2
2015	994	2010	8	17:58:00	MN	101	1	0	0	0.0	0.0	46.2	-96.12	4.0	75	1	1	1
2016	996	2010	8	18:35:00	MN	103	1	0	0	0.025	0.0	46.05	-96.1	20.99	100	1	1	1
2017	997	2010	8	18:59:00	MN	104	1	0	0	0.0	0.0	46.25	-95.22	2.19	75	1	1	1
2018	999	2010	8	22:57:00	WI	41	1	0	0	0.25	0.0	45.5865	-91.9767	3.18	125	1	1	1
2019	1066	2010	9	15:26:00	OH	19	2	0	0	35.0	0.0	40.7733	-81.9628	11.47	150	1	1	1
2020	1070	2010	9	15:56:00	OH	21	1	0	0	0.09	0.004	39.5645	-82.8285	2.85	200	1	1	1
2021	1071	2010	9	16:00:00	OH	22	2	1	0	0.5	0.0	39.7594	-82.4025	6.99	800	1	1	1
2022	1072	2010	9	16:00:00	OH	23	1	0	0	0.5	0.0	40.4781	-81.755	3.13	75	1	1	1
2023	1074	2010	9	16:09:00	OH	24	1	0	0	0.016	0.0	39.5397	-82.6933	0.97	150	1	1	1
2024	1075	2010	9	16:20:00	OH	25	1	0	0	0.075	0.0	40.49	-81.53	5.0	100	1	1	1
2025	1076	2010	9	16:21:00	OH	26	1	0	0	0.31	0.0	39.7156	-82.1582	4.73	300	1	1	1
2026	1077	2010	9	16:54:00	OH	27	2	7	0	0.75	0.0	39.4067	-82.2509	3.3	300	1	1	1
2027	1078	2010	9	18:00:00	OH	28	3	16	1	2.5	0.0	39.1571	-81.7897	9.05	500	2	0	1
2028	1078	2010	9	18:00:00	OH	28	3	6	0	1.5	0.0	39.1571	-81.7897	2.52	250	2	1	2
2029	349364	2011	10	20:17:00	KS	65	1	0	0	0.2	0.0	39.3084	-101.353	7.09	50	1	1	1
2030	342044	2011	10	20:45:00	KS	66	1	0	0	0.0	0.0	38.558	-100.724	5.83	200	1	1	1
2031	342047	2011	10	03:50:00	KS	68	1	0	0	0.008	0.0	37.562	-100.706	2.84	75	1	1	1
2032	347530	2011	11	18:32:00	IN	72	1	0	0	0.1	0.0	38.5539	-86.4801	2.0	50	1	1	1
2033	286919	2011	2	18:45:00	MO	1	1	0	0	0.0	0.0	39.6669	-92.0356	1.03	30	1	1	1
2034	287318	2011	2	22:15:00	MO	5	1	0	0	0.0	0.0	38.4062	-91.8152	0.24	50	1	1	1
2035	286191	2011	2	22:33:00	MO	6	1	0	0	0.0	0.0	38.5009	-91.4039	0.74	175	1	1	1
2036	286911	2011	2	22:53:00	MO	7	1	0	0	0.0	0.0	38.5769	-90.9395	9.35	200	1	1	1
2037	285450	2011	2	23:03:00	MO	8	1	0	0	0.0	0.0	38.6191	-90.7161	0.15	50	1	1	1
2038	285451	2011	2	23:04:00	MO	9	1	0	0	0.0	0.0	38.6101	-90.6965	0.36	75	1	1	1
2039	285452	2011	2	23:05:00	MO	10	1	0	0	0.0	0.0	38.6214	-90.6909	0.91	200	1	1	1
2040	286923	2011	2	23:06:00	MO	11	1	0	0	0.0	0.0	38.6092	-90.6859	0.74	50	1	1	1
2041	286924	2011	2	23:10:00	MO	12	1	0	0	0.0	0.0	38.6164	-90.6624	0.6	70	1	1	1
2042	287101	2011	2	23:30:00	IN	1	1	0	0	0.105	0.0	39.9509	-85.8192	0.63	40	1	1	1
2043	284639	2011	2	23:35:00	IL	1	1	0	0	0.0	0.0	38.7138	-90.1643	3.26	100	1	1	1
2044	286532	2011	2	23:39:00	IL	2	1	0	0	0.0	0.0	38.7807	-89.9818	2.41	150	1	1	1
2045	286537	2011	2	23:42:00	IL	3	1	0	0	0.0	0.0	38.775	-89.9019	1.96	50	1	1	1
2046	284640	2011	2	23:45:00	IL	4	2	1	0	0.0	0.0	38.7308	-89.9266	2.7	200	1	1	1
2047	284641	2011	2	23:57:00	IL	5	1	0	0	0.0	0.0	38.8669	-89.5493	2.7	50	1	1	1
2048	286550	2011	2	00:08:00	IL	7	2	0	0	0.0	0.0	38.444	-89.4215	2.34	100	1	1	1
2049	284642	2011	2	00:27:00	IL	8	2	0	0	0.0	0.0	38.9221	-88.9293	1.26	90	1	1	1
2050	284646	2011	2	00:32:00	IL	9	1	0	0	0.0	0.0	39.0163	-88.8341	0.15	10	1	1	1
2051	284645	2011	2	00:33:00	IL	10	2	0	0	0.0	0.0	38.9964	-88.8072	0.08	50	1	1	1
2052	280344	2011	2	01:36:00	IN	2	1	0	0	0.15	0.0	38.27	-87.7906	23.32	250	1	1	1
2053	280345	2011	2	01:51:00	IN	3	2	0	0	0.6	0.0	38.34	-87.54	22.01	550	1	1	1
2054	287396	2011	2	02:19:00	IN	5	2	1	0	0.5	0.0	38.34	-87.0	14.17	225	1	1	1
2055	287418	2011	2	03:29:00	IN	6	1	0	0	0.007	0.0	38.3344	-85.6886	3.03	100	2	0	1
2056	279804	2011	2	05:00:00	OH	1	1	0	0	0.1	0.0	39.861	-82.537	2.41	75	1	1	1
2057	280409	2011	3	15:40:00	NE	1	1	0	0	1.1	0.0	41.7131	-96.4071	2.42	75	1	1	1
2058	280419	2011	3	16:00:00	IA	1	1	2	0	0.0	0.0	41.5704	-95.842	11.67	100	1	1	1
2059	279525	2011	3	16:30:00	IA	2	1	0	0	0.15	0.0	41.1984	-94.7511	2.84	250	1	1	1
2060	279357	2011	3	17:18:00	IA	7	2	0	0	1.0	0.0	41.3737	-94.1356	9.98	1410	1	1	1
2061	285518	2011	4	15:57:00	WI	1	1	0	0	0.2	0.0	44.63	-91.19	1.58	200	1	1	1
2062	285522	2011	4	16:04:00	WI	2	1	0	0	0.25	0.0	44.69	-91.14	0.74	150	1	1	1
2063	285243	2011	4	17:08:00	WI	3	3	2	0	11.158	0.0	45.1113	-89.8858	21.15	1050	1	1	1
2064	293736	2011	4	17:12:00	WI	4	2	0	0	3.3	0.0	44.0216	-89.9549	17.08	800	1	1	1
2065	293746	2011	4	17:14:00	WI	5	1	0	0	0.03	0.0	43.9954	-90.0936	4.37	150	1	1	1
2066	293745	2011	4	17:30:00	WI	6	1	0	0	0.601	0.0	44.0754	-89.6184	11.73	140	1	1	1
2067	285283	2011	4	17:50:00	WI	7	1	0	0	1.0	0.0	45.3496	-89.3822	5.3	400	1	1	1
2068	286812	2011	4	18:06:00	WI	8	1	0	0	0.0	0.0	44.1687	-89.1356	27.68	200	1	1	1
2069	285272	2011	4	18:30:00	WI	9	2	0	0	0.215	0.0	45.6386	-88.8233	11.97	600	1	1	1
2070	285305	2011	4	18:53:00	WI	10	1	0	0	1.47	0.0	44.1327	-89.0045	14.93	150	1	1	1
2071	285282	2011	4	19:03:00	WI	11	1	0	0	0.05	0.0	45.65	-88.5253	3.29	250	1	1	1
2072	285307	2011	4	19:43:00	WI	13	2	0	0	6.7	0.0	44.2578	-88.2881	1.52	175	1	1	1
2073	285308	2011	4	19:53:00	WI	14	1	0	0	0.015	0.0	44.2851	-88.1098	1.2	75	1	1	1
2074	285309	2011	4	19:59:00	WI	15	1	0	0	0.1	0.0	44.0378	-88.3214	1.67	100	1	1	1
2075	303234	2011	4	12:35:00	MO	14	1	0	0	0.0	0.0	39.3361	-91.1328	3.01	50	1	1	1
2076	288495	2011	4	16:30:00	IL	11	1	1	0	0.3	0.0	40.2132	-89.9536	3.08	100	1	1	1
2077	288497	2011	4	17:25:00	IL	13	1	0	0	0.45	0.0	39.9988	-89.6946	1.72	150	1	1	1
2078	308595	2011	4	15:00:00	MO	15	1	0	0	0.0	0.0	39.2965	-91.2967	4.12	150	1	1	1
2079	314471	2011	4	16:58:00	IL	14	3	2	0	0.0	0.0	39.4427	-89.825	4.32	200	1	1	1
2080	308598	2011	4	17:08:00	IL	15	2	0	0	0.0	0.0	39.4614	-89.6483	3.16	150	1	1	1
2081	315095	2011	4	17:15:00	IL	16	2	0	0	0.0	0.0	39.2476	-89.6611	3.51	200	1	1	1
2082	298622	2011	4	17:17:00	IL	17	1	0	0	0.09	0.0	39.5464	-89.4616	1.99	100	1	1	1
2083	298647	2011	4	17:32:00	IL	19	1	0	0	0.06	0.0	39.5717	-89.2741	0.91	100	1	1	1
2084	288919	2011	4	18:43:00	MO	17	1	0	0	0.025	0.0	37.2041	-90.35	5.16	500	1	1	1
2085	298648	2011	4	18:59:00	IL	20	1	0	0	0.14	0.0	39.8245	-87.6562	1.14	100	1	1	1
2086	304884	2011	4	19:10:00	IN	7	1	0	0	0.07	0.0	39.8979	-87.4796	31.15	100	1	1	1
2087	298654	2011	4	19:11:00	IL	22	1	0	0	0.36	0.0	40.3661	-87.5862	2.56	100	1	1	1
2088	289118	2011	4	19:40:00	IL	24	1	0	0	0.08	0.0	37.8577	-89.1356	0.3	50	1	1	1
2089	304892	2011	4	19:40:00	IN	8	1	0	0	0.08	0.0	40.3453	-86.8953	0.71	100	1	1	1
2090	290647	2011	4	19:49:00	IL	25	1	0	0	0.01	0.0	38.0029	-88.92	0.15	50	1	1	1
2091	304899	2011	4	19:55:00	IN	10	1	0	0	0.01	0.0	40.1362	-86.6336	0.64	50	1	1	1
2092	308593	2011	4	20:02:00	IL	26	1	0	0	0.0	0.0	38.5233	-89.0708	0.36	75	1	1	1
2093	289119	2011	4	20:03:00	IL	27	1	0	0	0.07	0.0	38.3476	-88.9352	4.27	100	1	1	1
2094	289120	2011	4	20:06:00	IL	28	1	0	0	0.09	0.0	38.3147	-88.7304	1.43	100	1	1	1
2095	289122	2011	4	20:19:00	IL	29	1	0	0	0.15	0.0	38.0386	-88.452	3.36	150	1	1	1
2096	289175	2011	4	20:28:00	IL	30	2	0	0	2.0	0.0	37.9925	-88.134	1.8	125	1	1	1
2097	289121	2011	4	20:30:00	IL	31	2	2	0	0.4	0.0	38.3268	-88.3021	10.57	150	1	1	1
2098	289184	2011	4	20:30:00	IL	32	1	0	0	0.3	0.0	38.0956	-88.1012	1.44	100	1	1	1
2099	296354	2011	4	20:41:00	IN	11	1	0	0	0.1	0.0	40.3945	-85.7099	2.53	150	1	1	1
2100	289166	2011	4	20:48:00	IL	33	2	0	0	2.5	0.0	38.35	-87.9475	11.25	250	1	1	1
2101	296357	2011	4	20:48:00	IN	12	1	0	0	0.0	0.0	40.4519	-85.537	2.9	50	1	1	1
2102	289168	2011	4	20:53:00	IL	34	1	0	0	0.05	0.0	38.53	-87.7866	2.75	125	1	1	1
2103	304915	2011	4	20:54:00	IN	13	1	0	0	0.206	0.0	38.5301	-87.5332	10.91	75	1	1	1
2104	309225	2011	4	20:57:00	IN	14	1	0	0	0.13	0.0	38.18	-87.47	4.42	100	1	1	1
2105	287758	2011	4	21:16:00	IN	15	1	0	0	0.0	0.0	40.5008	-84.9805	6.91	50	1	1	1
2106	304920	2011	4	21:22:00	IN	16	1	0	0	0.0	0.0	38.43	-87.0397	3.09	200	1	1	1
2107	304927	2011	4	21:26:00	IN	19	2	0	0	0.0	0.0	38.3244	-86.8761	3.26	300	1	1	1
2108	304924	2011	4	21:26:00	IN	20	1	0	0	0.0	0.0	38.3036	-86.8425	0.38	100	1	1	1
2109	305337	2011	4	21:39:00	IN	21	2	0	0	0.0	0.0	38.5958	-86.6819	1.04	200	1	1	1
2110	292197	2011	4	21:39:00	OH	4	2	0	0	0.34	0.0	40.5496	-84.5549	3.68	30	1	1	1
2111	303827	2011	4	21:40:00	OH	5	1	0	0	0.0	0.0	40.6973	-84.4255	4.03	100	1	1	1
2112	305340	2011	4	21:40:00	IN	22	1	0	0	0.0	0.0	38.4689	-86.6017	0.7	75	1	1	1
2113	305339	2011	4	21:40:00	IN	23	1	0	0	0.0	0.0	38.4403	-86.6147	1.49	125	1	1	1
2114	303757	2011	4	21:58:00	OH	7	1	0	0	0.0	0.0	40.8576	-84.082	0.71	100	1	1	1
2115	305346	2011	4	21:59:00	IN	25	1	0	0	0.0	0.0	38.5856	-86.2558	1.54	200	1	1	1
2116	305370	2011	4	22:28:00	IN	32	1	0	0	0.0	0.0	38.3256	-85.7328	1.18	200	1	1	1
2117	306476	2011	4	22:40:00	IN	33	1	0	0	0.0	0.0	38.7962	-85.356	2.34	125	1	1	1
2118	292468	2011	4	23:04:00	IN	35	1	0	0	0.09	0.0	38.8604	-84.8842	1.76	67	1	1	1
2119	292534	2011	4	00:14:00	OH	10	1	0	0	0.075	0.0	39.5476	-83.2539	4.22	200	1	1	1
2120	292528	2011	4	00:22:00	OH	11	1	0	0	0.035	0.0	39.8072	-82.9183	2.54	100	1	1	1
2121	292519	2011	4	00:39:00	OH	13	1	0	0	0.045	0.0	39.8506	-82.5908	2.58	300	1	1	1
2122	292531	2011	4	00:42:00	OH	14	2	0	0	0.045	0.0	40.0233	-82.4741	3.85	100	1	1	1
2123	292532	2011	4	00:51:00	OH	15	1	0	0	0.04	0.0	40.0485	-82.2822	0.2	75	1	1	1
2124	317674	2011	4	18:17:00	MO	20	1	0	0	0.0	0.0	38.7362	-90.9388	7.35	250	1	1	1
2125	317910	2011	4	18:59:00	MO	21	4	5	0	30.0	0.0	38.7364	-90.4863	16.2	880	2	1	2
2126	317910	2011	4	18:59:00	MO	21	4	5	0	30.0	0.0	38.7364	-90.4863	21.3	880	2	0	1
2127	289464	2011	4	19:10:00	MO	22	1	0	0	0.1	0.0	37.0674	-90.5611	2.07	300	1	1	1
2128	317910	2011	4	19:24:00	IL	35	2	0	0	0.0	0.0	38.7456	-90.1859	5.1	150	2	1	2
2129	317675	2011	4	19:50:00	IL	36	2	1	0	0.0	0.0	38.3493	-90.1548	3.52	90	1	1	1
2130	317867	2011	4	19:55:00	IL	37	2	0	0	0.0	0.0	38.7034	-89.7144	18.19	700	1	1	1
2131	317863	2011	4	20:02:00	IL	38	1	0	0	0.0	0.0	38.3599	-90.0468	1.75	80	1	1	1
2132	289981	2011	4	13:15:00	IL	39	2	0	0	0.7	0.0	37.0728	-89.2284	2.9	175	1	1	1
2133	289982	2011	4	13:47:00	IL	40	1	0	0	0.45	0.0	37.1849	-88.7949	6.64	250	1	1	1
2134	288923	2011	4	23:02:00	MO	24	1	0	0	0.175	0.0	36.5503	-90.5258	2.97	100	1	1	1
2135	288691	2011	4	16:47:00	MO	25	1	0	0	0.025	0.0	37.1278	-90.5339	11.78	200	1	1	1
2136	288694	2011	4	16:58:00	MO	26	1	0	0	0.07	0.0	37.2112	-90.3706	5.88	500	1	1	1
2137	290371	2011	4	17:30:00	MO	27	1	0	0	0.2	0.0	37.4893	-89.9587	2.77	70	1	1	1
2138	290349	2011	4	01:02:00	IN	37	2	0	0	0.09	0.0	38.1102	-87.3017	4.53	300	1	1	1
2139	290353	2011	4	01:09:00	IN	38	1	0	0	0.11	0.0	38.247	-87.2612	0.54	225	1	1	1
2140	283803	2011	4	18:20:00	IA	9	3	14	0	0.0	0.0	42.1535	-95.8283	3.38	1200	1	1	1
2141	283460	2011	4	18:37:00	IA	10	1	0	0	0.025	0.0	42.1956	-95.6493	0.69	75	1	1	1
2142	301836	2011	4	19:20:00	IA	11	2	0	0	0.05	0.0	42.3217	-95.3969	4.13	440	1	1	1
2143	283214	2011	4	19:23:00	IA	12	3	0	0	2.0	0.0	42.3549	-95.286	10.14	1760	1	1	1
2144	283213	2011	4	19:29:00	IA	13	2	0	0	1.0	0.0	42.3746	-95.2424	8.34	660	1	1	1
2145	301876	2011	4	19:42:00	IA	15	1	0	0	0.1	0.0	42.4364	-95.4499	4.21	200	1	1	1
2146	283446	2011	4	20:08:00	IA	16	3	0	0	13.0	0.0	42.5191	-95.1291	29.37	2640	1	1	1
2147	302126	2011	4	20:20:00	IA	18	1	0	0	0.1	0.0	42.6067	-95.5435	5.17	300	1	1	1
2148	283456	2011	4	20:24:00	IA	19	2	0	0	0.51	0.0	42.5556	-94.9744	1.6	220	1	1	1
2149	302257	2011	4	20:25:00	IA	20	1	0	0	0.01	0.0	42.5751	-94.9438	1.08	150	1	1	1
2150	283450	2011	4	20:54:00	IA	23	4	0	0	2.5	0.0	42.7293	-94.8557	3.2	587	1	1	1
2151	286544	2011	4	20:55:00	IA	24	1	0	0	0.01	0.0	42.6912	-94.8141	1.64	100	1	1	1
2152	286538	2011	4	20:55:00	IA	25	1	0	0	0.01	0.0	42.6895	-94.8141	1.58	100	1	1	1
2153	286555	2011	4	20:56:00	IA	26	2	0	0	0.1	0.0	42.7105	-94.8144	0.9	146	1	1	1
2154	286083	2011	4	21:08:00	IA	27	1	0	0	0.01	0.0	42.734	-94.7442	2.42	250	1	1	1
2155	283451	2011	4	22:19:00	IA	28	1	0	0	0.15	0.0	42.9231	-94.2771	0.79	100	1	1	1
2156	290262	2011	5	18:55:00	MN	1	1	0	0	0.5	0.0	45.1705	-93.7044	3.14	25	1	1	1
2157	298357	2011	5	13:50:00	NE	5	1	0	0	0.15	0.0	40.9729	-97.8778	2.32	200	1	1	1
2158	298358	2011	5	14:00:00	NE	6	1	0	0	0.1	0.0	41.1598	-97.5532	2.29	75	1	1	1
2159	290636	2011	5	15:38:00	IA	30	1	0	0	5.0	0.0	40.8766	-94.5653	0.74	440	1	1	1
2160	290637	2011	5	15:45:00	IA	31	1	0	0	10.0	0.0	40.8784	-94.5653	1.0	400	1	1	1
2161	295471	2011	5	19:50:00	KS	18	1	0	0	0.0	0.0	38.4453	-96.1611	6.05	150	1	1	1
2162	295476	2011	5	20:10:00	KS	19	3	5	1	2.28	0.0	38.5053	-96.0036	10.11	700	1	1	1
2163	295488	2011	5	21:43:00	KS	22	1	0	0	0.0	0.0	38.5768	-95.5333	2.89	100	1	1	1
2164	294080	2011	5	13:13:00	MN	3	1	48	1	166.62	0.0	44.9597	-93.3472	13.57	880	1	1	1
2165	300438	2011	5	13:33:00	IA	35	2	3	0	0.525	0.0	43.4091	-92.4933	13.88	250	2	1	2
2166	300438	2011	5	13:33:00	IA	35	2	3	0	0.775	0.0	43.4091	-92.4933	28.68	250	2	0	1
2167	319067	2011	5	13:33:00	WI	16	1	0	0	0.004	0.0	45.777	-90.645	3.29	600	1	1	1
2168	307316	2011	5	13:40:00	IA	36	2	0	0	0.25	0.0	41.7916	-92.206	3.88	75	1	1	1
2169	300438	2011	5	14:05:00	MN	5	1	0	0	0.25	0.0	43.5006	-92.2469	14.8	225	2	1	2
2170	301562	2011	5	14:37:00	IA	39	1	0	0	0.175	0.0	42.8558	-92.0078	7.87	70	1	1	1
2171	294142	2011	5	15:00:00	WI	17	1	0	0	0.2	0.0	45.6088	-91.6253	1.98	300	1	1	1
2172	304520	2011	5	15:05:00	MN	7	2	0	0	0.24	0.0	43.7412	-91.4574	10.44	150	2	1	2
2173	304520	2011	5	15:05:00	MN	7	2	0	0	15.44	0.0	43.7412	-91.4574	13.79	150	2	0	1
2174	304520	2011	5	15:20:00	WI	18	2	0	0	15.2	0.0	43.7882	-91.2585	3.35	125	2	1	2
2175	305391	2011	5	15:37:00	IN	40	1	0	0	0.025	0.0	40.9607	-87.1563	0.32	33	1	1	1
2176	306899	2011	5	15:47:00	WI	19	1	0	0	0.92	0.0	43.89	-90.9351	8.18	125	1	1	1
2177	309349	2011	5	15:50:00	MO	37	1	0	0	0.23	0.0	39.22	-93.06	3.53	75	1	1	1
2178	307472	2011	5	16:15:00	WI	20	2	1	0	5.93	0.0	44.0429	-90.5657	64.5	800	1	1	1
2179	296616	2011	5	16:34:00	MO	38	5	1150	158	2800.1	0.0	37.0524	-94.5932	21.62	1600	1	1	1
2180	296624	2011	5	17:10:00	MO	39	2	0	0	1.0	0.0	37.0052	-94.1877	14.13	800	1	1	1
2181	304270	2011	5	17:25:00	IL	44	1	0	0	0.15	0.0	42.1257	-89.5406	29.14	200	1	1	1
2182	304813	2011	5	17:28:00	IL	45	1	0	0	0.05	0.0	41.9739	-89.5696	1.67	200	1	1	1
2183	304267	2011	5	17:40:00	IL	46	1	0	0	0.05	0.0	42.1465	-89.1759	0.5	100	1	1	1
2184	305416	2011	5	17:55:00	IL	47	1	0	0	0.0	0.0	42.372	-89.1681	2.73	50	1	1	1
2185	305420	2011	5	17:59:00	IL	48	1	0	0	0.015	0.0	42.4584	-89.0128	0.9	50	1	1	1
2186	296629	2011	5	18:10:00	MO	40	2	0	0	1.05	0.0	36.8347	-93.5013	15.7	200	1	1	1
2187	310331	2011	5	18:26:00	MO	41	3	2	0	1.0	0.0	36.559	-94.6179	1.43	880	2	1	2
2188	301289	2011	5	16:25:00	IL	49	1	0	0	0.25	0.0	37.7044	-88.2977	11.84	200	1	1	1
2189	317606	2011	5	16:56:00	OH	21	1	0	0	0.0	0.0	40.7541	-84.6896	4.11	100	1	1	1
2190	312378	2011	5	17:55:00	OH	23	1	0	0	0.003	0.0	39.7964	-83.9634	0.95	100	1	1	1
2191	312388	2011	5	18:10:00	OH	24	1	0	0	0.015	0.003	39.9909	-83.7618	0.4	100	1	1	1
2192	328740	2011	5	15:52:00	KS	27	2	1	2	0.0	0.0	38.153	-98.705	11.81	500	1	1	1
2193	293936	2011	5	16:09:00	KS	28	1	1	0	0.25	0.0	38.3697	-98.5803	5.14	75	1	1	1
2194	328715	2011	5	17:01:00	KS	31	1	0	0	0.11	0.0	38.145	-99.387	4.67	200	1	1	1
2195	306900	2011	5	00:30:00	MO	44	1	0	0	0.02	0.0	37.03	-92.84	9.27	100	1	1	1
2196	306005	2011	5	06:35:00	IL	50	1	0	0	0.165	0.0	39.857	-88.8445	0.99	75	1	1	1
2197	306007	2011	5	06:39:00	IL	51	1	0	0	0.1	0.0	39.8804	-88.7739	1.48	75	1	1	1
2198	306758	2011	5	08:04:00	IL	52	1	0	0	0.25	0.0	41.0229	-87.6272	5.78	50	1	1	1
2199	306767	2011	5	08:19:00	IN	44	2	0	0	0.05	0.0	40.911	-87.3088	1.9	300	1	1	1
2200	306770	2011	5	08:24:00	IN	45	1	0	0	0.001	0.0	40.9409	-87.2104	2.91	100	1	1	1
2201	306771	2011	5	08:26:00	IN	46	1	0	0	0.05	0.0	40.9144	-87.1612	1.95	100	1	1	1
2202	313424	2011	5	11:22:00	MO	46	2	20	0	4.0	0.0	38.6619	-93.22	2.11	500	1	1	1
2203	324618	2011	5	13:15:00	MO	52	1	0	0	0.0	0.0	38.943	-91.4702	7.08	100	1	1	1
2204	306898	2011	5	13:56:00	MO	53	1	0	0	0.02	0.0	36.5709	-91.2428	2.5	100	1	1	1
2205	307045	2011	5	14:49:00	MO	54	3	2	0	0.8	0.0	36.8147	-90.8492	47.41	1200	1	1	1
2206	317194	2011	5	15:15:00	IN	48	1	0	0	0.5	0.0	39.3274	-85.5213	0.83	600	1	1	1
2207	317944	2011	5	15:20:00	IN	49	1	0	0	0.25	0.0	39.3532	-85.509	0.15	400	1	1	1
2208	322964	2011	5	15:35:00	MO	55	1	0	0	0.0	0.0	37.5386	-90.3187	5.49	40	1	1	1
2209	307058	2011	5	15:37:00	MO	56	1	0	0	0.07	0.0	37.0555	-90.7	17.77	150	1	1	1
2210	293771	2011	5	15:45:00	IA	41	1	0	0	0.25	0.0	40.7743	-91.2255	4.83	100	1	1	1
2211	323244	2011	5	15:46:00	MO	58	1	0	0	0.0	0.0	37.3491	-90.3785	5.25	440	1	1	1
2212	323245	2011	5	15:47:00	MO	59	1	0	0	0.0	0.0	37.3895	-90.3104	4.35	580	1	1	1
2213	293774	2011	5	16:00:00	IA	42	1	0	0	0.05	0.0	40.9058	-91.1814	3.57	50	1	1	1
2214	312409	2011	5	16:00:00	OH	26	1	0	0	0.25	0.0	41.2343	-82.6909	7.96	50	1	1	1
2215	323252	2011	5	16:26:00	MO	63	1	0	0	0.03	0.0	37.4094	-90.1676	13.03	250	1	1	1
2216	311351	2011	5	17:09:00	IL	54	1	0	0	0.01	0.0	40.3601	-88.8209	10.3	75	1	1	1
2217	302353	2011	5	17:18:00	MO	64	1	0	0	0.02	0.0	37.5328	-89.5413	2.13	250	1	1	1
2218	307040	2011	5	17:28:00	IL	55	2	0	0	4.0	0.0	38.3605	-89.1238	13.48	250	1	1	1
2219	307063	2011	5	17:39:00	IL	56	1	0	0	0.15	0.0	37.4834	-89.243	2.0	125	1	1	1
2220	301424	2011	5	17:40:00	IL	57	1	0	0	0.05	0.0	37.0749	-89.1764	5.5	250	1	1	1
2221	301428	2011	5	17:45:00	IL	58	1	0	0	0.04	0.0	37.2047	-89.1807	10.04	120	1	1	1
2222	301431	2011	5	17:55:00	IL	59	2	0	0	0.255	0.0	37.22	-88.99	19.87	325	1	1	1
2223	317947	2011	5	17:58:00	IN	50	3	0	0	0.15	0.0	38.8597	-86.3642	6.75	300	1	1	1
2224	311367	2011	5	18:18:00	IL	61	1	0	0	0.51	0.0	38.6764	-88.3688	1.0	75	1	1	1
2225	311375	2011	5	18:57:00	IL	63	2	0	0	0.92	0.0	38.9618	-87.7422	5.5	200	1	1	1
2226	307055	2011	5	19:09:00	IN	51	2	0	0	0.24	0.0	38.1387	-87.6755	12.17	125	1	1	1
2227	317950	2011	5	19:20:00	IN	52	1	0	0	0.0	0.0	39.4944	-87.4483	0.39	100	1	1	1
2228	301473	2011	5	19:35:00	IN	53	2	0	0	0.0	0.0	38.31	-87.26	1.64	200	1	1	1
2229	301474	2011	5	19:36:00	IN	54	1	0	0	0.02	0.0	38.3072	-87.25	4.97	50	1	1	1
2230	301476	2011	5	19:39:00	IN	56	1	0	0	0.02	0.0	38.3221	-87.22	3.19	60	1	1	1
2231	317953	2011	5	19:40:00	IN	57	1	0	0	0.0	0.0	39.7467	-87.1431	0.78	100	1	1	1
2232	294646	2011	5	19:50:00	IN	58	2	0	0	0.1	0.0	38.299	-86.9336	1.93	100	1	1	1
2233	294648	2011	5	19:54:00	IN	59	1	0	0	0.03	0.0	38.4824	-86.9452	1.87	60	1	1	1
2234	317957	2011	5	20:14:00	IN	60	1	0	0	0.2	0.0	39.1251	-86.6112	0.99	150	1	1	1
2235	294665	2011	5	20:22:00	IN	61	2	0	0	0.15	0.0	38.6328	-86.4597	4.3	230	1	1	1
2236	294675	2011	5	20:28:00	IN	62	1	0	0	0.035	0.0	38.686	-86.3403	3.22	100	1	1	1
2237	294677	2011	5	20:31:00	IN	63	1	0	0	0.03	0.0	38.7118	-86.3088	2.4	130	1	1	1
2238	313111	2011	5	22:30:00	OH	30	1	0	0	0.175	0.0	39.38	-84.41	2.54	100	1	1	1
2239	311171	2011	5	14:10:00	MI	3	1	0	0	0.0	0.0	42.0124	-85.6361	2.85	100	1	1	1
2240	294738	2011	5	14:32:00	MI	4	1	0	0	0.05	0.0	41.9309	-84.9767	0.33	50	1	1	1
2241	297437	2011	5	15:27:00	MI	5	1	0	0	0.075	0.0	42.7736	-84.265	3.26	100	1	1	1
2242	317923	2011	5	19:46:00	ND	4	2	0	0	0.55	0.0	46.6007	-96.94	4.27	600	1	1	1
2243	317925	2011	5	19:52:00	ND	5	1	0	0	0.25	0.0	46.71	-96.87	2.33	150	1	1	1
2244	317927	2011	5	19:55:00	ND	6	2	0	0	0.6	0.0	46.77	-96.87	4.0	400	1	1	1
2245	317931	2011	5	20:01:00	MN	10	1	0	0	0.25	0.0	46.85	-96.74	4.51	200	1	1	1
2246	318027	2011	5	20:03:00	ND	7	2	0	0	0.75	0.0	46.8749	-96.8725	7.44	600	1	1	1
2247	317933	2011	5	20:26:00	MN	11	1	0	0	0.05	0.0	47.66	-96.81	9.0	100	1	1	1
2248	317936	2011	5	21:35:00	MN	12	1	0	0	0.6	0.0	46.91	-95.1	6.0	300	1	1	1
2249	295450	2011	5	17:26:00	MI	6	1	0	0	0.1	0.0	43.7086	-84.11	8.38	200	1	1	1
2250	313242	2011	5	20:55:00	SD	2	1	0	0	0.005	0.0	44.141	-101.704	2.55	30	1	1	1
2251	310359	2011	6	20:15:00	ND	13	2	0	0	0.2	0.05	46.283	-101.916	6.0	800	1	1	1
2252	329492	2011	6	16:52:00	KS	45	1	0	0	0.022	0.0	38.34	-100.07	1.02	75	1	1	1
2253	307170	2011	6	22:35:00	MO	67	1	0	0	0.0	0.0	37.38	-93.65	10.89	200	1	1	1
2254	307173	2011	6	22:40:00	MO	68	1	0	0	0.005	0.0	37.46	-93.65	6.0	100	1	1	1
2255	332498	2011	6	00:58:00	MO	71	2	3	0	0.15	0.0	37.8592	-91.3555	2.77	80	1	1	1
2256	314506	2011	6	02:48:00	IL	68	1	1	0	0.55	0.0	37.9723	-89.2521	3.22	250	1	1	1
2257	301418	2011	6	03:59:00	IA	44	1	0	0	0.15	0.003	41.4617	-92.6528	0.35	75	1	1	1
2258	326534	2011	6	12:54:00	KS	51	3	0	0	6.0	0.0	39.4898	-99.872	11.87	600	1	1	1
2259	326552	2011	6	12:57:00	KS	52	1	0	0	0.5	0.0	39.5215	-99.8788	0.63	25	1	1	1
2260	326554	2011	6	13:04:00	KS	53	1	0	0	0.5	0.0	39.5527	-99.8266	0.94	25	1	1	1
2261	327296	2011	6	13:25:00	KS	55	3	0	0	0.35	0.0	39.7377	-99.7765	3.94	100	1	1	1
2262	327346	2011	6	13:26:00	KS	56	1	0	0	0.01	0.0	39.7485	-99.7585	0.25	25	1	1	1
2263	327354	2011	6	13:30:00	KS	57	2	0	0	0.3	0.0	39.796	-99.7207	4.0	75	1	1	1
2264	327315	2011	6	13:41:00	KS	59	3	0	0	10.1	0.0	39.9001	-99.6932	8.4	100	1	1	1
2265	328654	2011	6	14:00:00	NE	23	1	0	0	0.25	0.25	40.0079	-99.588	12.5	100	1	1	1
2266	326857	2011	6	14:51:00	NE	25	2	1	0	0.75	0.5	40.7278	-99.3941	4.0	440	1	1	1
2267	326861	2011	6	15:09:00	NE	26	3	0	0	6.0	2.0	40.7833	-99.364	10.0	1320	1	1	1
2268	326835	2011	6	15:46:00	NE	28	2	0	0	0.1	0.0	41.0756	-98.9303	2.5	200	1	1	1
2269	326862	2011	6	16:25:00	NE	30	2	0	0	2.5	0.5	40.8031	-97.9366	9.43	440	1	1	1
2270	326841	2011	6	16:35:00	NE	31	1	0	0	0.05	0.0	41.4276	-98.78	1.0	100	1	1	1
2271	326863	2011	6	16:40:00	NE	32	2	0	0	3.5	0.5	40.8285	-97.7878	15.26	440	1	1	1
2272	326864	2011	6	17:02:00	NE	33	3	0	0	4.0	0.5	41.0764	-97.7156	9.49	880	1	1	1
2273	304101	2011	6	18:27:00	NE	34	1	0	0	0.0	0.0	42.1773	-97.485	12.04	400	1	1	1
2274	302610	2011	6	19:00:00	NE	35	1	0	0	0.28	0.0	41.422	-96.474	6.45	700	1	1	1
2275	352106	2011	6	19:09:00	NE	36	1	0	0	0.0	0.0	41.4528	-96.2468	7.33	850	1	1	1
2276	302613	2011	6	19:45:00	IA	45	1	0	0	0.0	0.0	41.9018	-95.9681	7.13	300	1	1	1
2277	301982	2011	6	22:22:00	IA	47	1	0	0	0.2	0.01	42.9462	-94.3168	1.18	75	1	1	1
2278	327449	2011	6	14:21:00	WI	29	1	0	0	0.03	0.0	43.6676	-88.8658	2.61	150	1	1	1
2279	327473	2011	6	14:31:00	WI	30	1	0	0	0.005	0.0	43.7028	-88.8852	2.16	150	1	1	1
2280	327478	2011	6	14:36:00	WI	31	1	0	0	0.015	0.0	43.7711	-88.8848	0.87	100	1	1	1
2281	327486	2011	6	14:38:00	WI	32	1	0	0	0.002	0.0	43.7837	-88.8856	1.64	100	1	1	1
2282	322315	2011	6	19:31:00	IL	70	1	0	0	0.5	0.0	41.7621	-88.0324	2.06	200	1	1	1
2283	324639	2011	6	19:48:00	IL	71	1	0	0	0.05	0.0	42.0474	-87.9504	2.37	200	1	1	1
2284	308216	2011	6	00:54:00	IN	67	1	0	0	0.015	0.0	38.3331	-87.0275	2.2	130	1	1	1
2285	316783	2011	6	01:12:00	IN	68	1	0	0	0.06	0.0	38.1599	-86.82	3.52	200	1	1	1
2286	304542	2011	6	19:40:00	IA	50	1	0	0	0.1	0.01	41.96	-94.98	2.37	100	1	1	1
2287	334950	2011	6	23:45:00	MO	74	1	0	0	0.0	0.0	39.7007	-92.0526	1.15	70	1	1	1
2288	334954	2011	6	23:47:00	MO	75	1	0	0	0.0	0.0	39.6864	-92.0426	1.22	70	1	1	1
2289	335264	2011	6	00:05:00	MO	76	1	0	0	0.0	0.0	39.6047	-91.7412	0.43	40	1	1	1
2290	320575	2011	6	17:54:00	OH	36	1	0	0	0.09	0.0	38.8564	-83.8561	1.58	100	1	1	1
2291	325083	2011	6	02:40:00	ND	8	1	0	0	0.0	0.0	48.36	-97.87	25.32	300	1	1	1
2292	322007	2011	7	13:40:00	ND	27	2	0	0	0.45	0.0	46.401	-99.792	11.98	50	1	1	1
2293	322016	2011	7	14:48:00	ND	29	1	0	0	0.075	0.0	46.26	-98.84	0.49	25	1	1	1
2294	333619	2011	7	15:50:00	ND	32	2	0	0	0.8	2.0	46.11	-97.95	26.0	600	1	1	1
2295	333625	2011	7	16:21:00	ND	33	1	0	0	0.1	0.05	46.25	-97.42	4.0	400	1	1	1
2296	333635	2011	7	16:53:00	ND	34	1	0	0	0.03	0.3	46.02	-97.11	2.91	200	1	1	1
2297	331787	2011	7	02:40:00	ND	35	1	0	0	0.75	0.25	46.93	-98.03	3.0	100	1	1	1
2298	331790	2011	7	04:32:00	MN	25	1	0	0	0.005	0.0	46.2534	-96.522	1.0	50	1	1	1
2299	330579	2011	7	16:35:00	ND	36	1	0	0	0.01	0.0	47.273	-100.53	6.18	50	1	1	1
2300	313553	2011	7	18:10:00	ND	37	1	0	0	0.0	0.02	47.28	-98.33	1.2	50	1	1	1
2301	313567	2011	7	18:20:00	ND	38	1	0	0	0.01	0.05	47.35	-98.31	1.0	100	1	1	1
2302	312470	2011	7	12:09:00	ND	46	1	0	0	0.01	0.01	47.62	-99.14	1.0	150	1	1	1
2303	331480	2011	7	16:57:00	ND	52	3	1	0	0.5	0.25	46.49	-98.63	16.18	880	1	1	1
2304	333937	2011	7	15:36:00	SD	14	1	0	0	0.005	0.0	45.4511	-103.286	9.77	100	1	1	1
2305	313186	2011	7	05:50:00	ND	54	1	0	0	0.325	0.15	48.3	-100.0	1.25	50	1	1	1
2306	332450	2011	7	18:12:00	MN	27	1	0	0	0.0	0.0	48.26	-95.8	2.5	50	1	1	1
2307	333002	2011	7	14:50:00	MN	14	1	0	0	0.05	0.0	44.166	-96.106	0.95	220	1	1	1
2308	333006	2011	7	14:57:00	MN	15	2	0	0	0.1	0.0	44.281	-96.13	1.33	440	1	1	1
2309	317381	2011	7	15:31:00	MN	16	1	0	0	1.2	0.0	44.51	-95.54	19.75	300	1	1	1
2310	317391	2011	7	15:31:00	MN	17	1	0	0	0.25	0.0	44.5412	-95.5519	2.61	300	1	1	1
2311	317405	2011	7	16:03:00	MN	18	1	0	0	0.25	0.0	44.7979	-95.102	2.44	300	1	1	1
2312	335692	2011	7	18:51:00	WI	33	2	0	0	0.0	0.0	46.3154	-91.8745	2.93	300	1	1	1
2313	331772	2011	7	20:15:00	ND	18	1	0	0	0.02	0.0	47.31	-97.11	0.5	30	1	1	1
2314	314205	2011	7	20:59:00	ND	20	2	0	0	0.15	0.15	46.95	-97.14	3.0	600	1	1	1
2315	335905	2011	8	19:00:00	NE	46	1	0	0	0.003	0.0	42.64	-100.26	1.38	75	1	1	1
2316	335920	2011	8	19:05:00	NE	47	3	0	0	0.015	0.0	42.5634	-100.209	0.52	900	1	1	1
2317	324661	2011	8	15:45:00	WI	36	1	0	1	0.125	0.0	45.4026	-87.987	7.9	250	2	0	1
2318	324661	2011	8	15:45:00	WI	36	1	0	1	0.11	0.0	45.4026	-87.987	6.03	250	2	1	2
2319	335363	2011	8	16:05:00	WI	38	2	2	0	1.4	0.091	44.6875	-90.4707	7.61	200	1	1	1
2320	344684	2011	8	22:40:00	OH	39	1	0	0	0.3	0.0	41.5306	-81.3629	2.91	50	1	1	1
2321	348750	2011	9	22:33:00	IN	70	1	0	0	0.065	0.002	39.0164	-85.7424	0.48	75	1	1	1
2322	420402	2012	12	15:12:00	MO	0	1	0	0	0.1	0.0	36.7928	-90.7268	0.4	150	1	1	1
2323	354257	2012	1	08:54:00	IN	0	1	0	0	0.02	0.0	38.3302	-86.9226	8.76	100	1	1	1
2324	354105	2012	1	10:00:00	IN	0	1	0	0	0.01	0.0	38.3075	-85.8888	2.13	50	1	1	1
2325	356524	2012	1	22:18:00	IL	0	2	0	0	0.25	0.0	38.0331	-88.3652	18.03	100	1	1	1
2326	356527	2012	1	22:42:00	IL	0	1	0	0	0.03	0.0	38.3299	-88.0765	6.09	100	1	1	1
2327	359087	2012	2	21:02:00	KS	0	2	12	1	0.0	0.0	38.7815	-95.9822	5.4	150	1	1	1
2328	359083	2012	2	22:06:00	KS	0	1	0	0	0.0	0.0	38.7238	-95.4142	4.8	100	1	1	1
2329	363338	2012	2	22:52:00	MO	0	1	0	0	0.25	0.0	37.3908	-94.5557	16.0	200	1	1	1
2330	363339	2012	2	23:26:00	MO	0	1	0	0	0.25	0.0	37.4533	-93.8529	18.38	100	1	1	1
2331	364185	2012	2	23:58:00	MO	0	2	12	1	0.65	0.0	37.55	-93.1902	9.5	100	1	1	1
2332	364183	2012	2	00:18:00	MO	0	1	5	0	0.75	0.0	37.5933	-92.8139	11.0	150	1	1	1
2333	364184	2012	2	00:22:00	MO	0	1	0	0	0.5	0.0	37.7125	-92.8359	0.25	75	1	1	1
2334	363341	2012	2	00:42:00	MO	0	2	4	1	0.575	0.0	36.6994	-93.9178	1.7	400	1	1	1
2335	364189	2012	2	01:06:00	MO	0	1	0	0	0.0	0.0	37.708	-91.877	18.0	75	1	1	1
2336	364194	2012	2	01:13:00	MO	0	2	47	0	20.5	0.0	36.6223	-93.46	24.29	400	1	1	1
2337	365575	2012	2	02:55:00	MO	0	2	1	0	0.1	0.0	37.3983	-90.5331	31.88	800	1	1	1
2338	368234	2012	2	03:34:00	MO	0	2	0	0	0.17	0.0	37.4689	-89.9047	7.66	120	1	1	1
2339	359708	2012	2	03:47:00	MO	0	2	1	0	0.35	0.0	37.5	-89.73	31.87	300	2	0	1
2340	359708	2012	2	03:47:00	MO	0	2	1	0	0.15	0.0	37.5	-89.73	12.09	300	2	1	2
2341	359709	2012	2	04:00:00	MO	0	3	0	1	0.15	0.0	36.9	-90.1891	19.96	700	1	1	1
2342	359708	2012	2	04:00:00	IL	0	2	0	0	0.2	0.0	37.5555	-89.5207	19.78	300	2	1	2
2343	359710	2012	2	04:24:00	MO	0	1	0	0	0.25	0.0	37.03	-89.8119	15.7	75	1	1	1
2344	359690	2012	2	04:26:00	IL	0	2	0	0	0.1	0.0	37.63	-89.05	14.91	300	1	1	1
2345	359691	2012	2	04:51:00	IL	0	4	108	8	2.0	0.0	37.6945	-88.65	26.09	325	1	1	1
2346	359692	2012	2	05:00:00	IL	0	2	5	0	0.3	0.0	37.11	-89.2	25.12	150	2	0	1
2347	359692	2012	2	05:00:00	IL	0	2	0	0	0.05	0.0	37.11	-89.2	8.41	150	2	1	2
2348	359701	2012	2	06:03:00	IN	0	1	0	0	0.25	0.0	37.9434	-87.4148	2.36	150	1	1	1
2349	360508	2012	3	16:43:00	MI	0	1	0	0	0.075	0.0	43.7124	-84.5681	5.11	125	1	1	1
2350	362955	2012	3	15:18:00	MI	0	3	0	0	12.0	0.0	42.3956	-83.9571	7.57	800	1	1	1
2351	362964	2012	3	16:49:00	MI	0	2	0	0	0.5	0.0	43.1261	-83.4336	4.59	400	1	1	1
2352	364383	2012	3	20:10:00	NE	0	3	2	0	0.5	0.0	41.0149	-100.872	6.7	100	1	1	1
2353	364384	2012	3	20:13:00	NE	0	1	1	0	0.25	0.0	41.1153	-100.861	1.49	150	1	1	1
2354	364385	2012	3	20:14:00	NE	0	3	2	0	0.75	0.0	41.1444	-100.872	1.71	100	1	1	1
2355	364386	2012	3	20:18:00	NE	0	2	0	0	0.2	0.0	41.1745	-100.869	1.69	50	1	1	1
2356	374190	2012	3	10:38:00	MO	0	1	0	0	0.0	0.0	37.5177	-89.5226	0.57	300	1	1	1
2357	374197	2012	3	11:24:00	IL	0	1	0	0	0.075	0.0	37.9472	-89.1812	7.45	125	1	1	1
2358	374200	2012	3	12:26:00	IL	0	2	2	1	0.15	0.0	38.273	-88.814	2.58	100	1	1	1
2359	373982	2012	3	12:37:00	IN	0	2	0	0	0.5	0.0	38.083	-87.8494	6.07	140	1	1	1
2360	359896	2012	3	13:50:00	IN	0	4	0	11	58.75	0.0	38.4316	-86.1893	45.05	800	2	0	1
2361	359896	2012	3	13:50:00	IN	0	4	0	11	58.25	0.0	38.4316	-86.1893	41.79	800	2	1	2
2362	359390	2012	3	14:30:00	IN	0	1	0	0	0.3	0.0	38.5154	-85.8758	6.57	60	1	1	1
2363	369148	2012	3	14:52:00	IN	0	3	5	3	0.275	0.0	39.0667	-85.407	8.69	350	1	1	1
2364	369380	2012	3	15:46:00	OH	0	3	13	3	6.16	0.0	38.859	-84.2328	13.73	440	2	1	2
2365	370170	2012	3	16:25:00	OH	0	1	0	0	0.2	0.0	38.955	-83.588	2.93	400	1	1	1
2366	370174	2012	3	16:33:00	OH	0	2	2	1	2.0	0.025	38.811	-83.5182	11.07	330	1	1	1
2367	380475	2012	4	10:38:00	KS	0	1	0	0	0.035	0.0	38.2025	-99.5418	4.1	100	1	1	1
2368	380476	2012	4	11:14:00	KS	0	1	0	0	0.125	0.0	38.432	-99.3267	17.2	200	1	1	1
2369	380667	2012	4	12:57:00	KS	0	1	0	0	0.0	0.0	37.8394	-99.9691	33.7	200	1	1	1
2370	369752	2012	4	13:03:00	KS	0	1	0	0	0.1	0.0	39.2733	-98.4922	3.99	300	1	1	1
2371	380477	2012	4	13:24:00	KS	0	1	0	0	0.0	0.0	37.4075	-99.7438	6.3	150	1	1	1
2372	380719	2012	4	14:24:00	KS	0	1	0	0	0.0	0.0	38.3149	-99.4108	4.68	100	1	1	1
2373	380676	2012	4	14:28:00	KS	0	1	0	0	0.0	0.0	37.833	-99.2047	9.34	100	1	1	1
2374	380686	2012	4	14:59:00	KS	0	1	0	0	0.0	0.0	37.2292	-99.1076	10.9	125	1	1	1
2375	380717	2012	4	15:25:00	KS	0	1	0	0	0.0	0.0	38.1477	-98.7337	9.75	150	1	1	1
2376	380718	2012	4	15:35:00	KS	0	1	0	0	0.0	0.0	38.1003	-98.7661	14.34	150	1	1	1
2377	365587	2012	4	15:56:00	NE	0	2	0	0	0.0	0.0	40.4923	-96.2579	5.75	440	1	1	1
2378	365642	2012	4	16:21:00	NE	0	1	0	0	0.0	0.0	40.6807	-95.8905	2.0	200	1	1	1
2379	365649	2012	4	16:28:00	IA	0	2	4	0	0.0	0.0	40.7514	-95.8194	12.23	880	1	1	1
2380	366377	2012	4	16:33:00	KS	0	4	0	0	0.01	0.0	38.406	-98.257	50.28	400	1	1	1
2381	366995	2012	4	17:52:00	IA	0	2	2	0	5.05	0.0	41.027	-94.4806	16.59	800	1	1	1
2382	366405	2012	4	17:55:00	KS	0	1	0	0	0.01	0.0	38.892	-97.502	15.79	100	1	1	1
2383	365282	2012	4	18:54:00	IA	0	1	0	0	0.2	0.0	41.1884	-93.6702	0.85	75	1	1	1
2384	366409	2012	4	19:05:00	KS	0	1	0	0	0.0	0.0	38.2	-97.474	7.01	250	1	1	1
2385	380694	2012	4	19:27:00	KS	0	3	0	0	0.0	0.0	37.6134	-99.3765	48.02	1720	1	1	1
2386	380698	2012	4	19:40:00	KS	0	1	0	0	0.0	0.0	37.6848	-99.2544	4.9	75	1	1	1
2387	366414	2012	4	19:41:00	KS	0	1	0	0	0.0	0.0	38.424	-97.134	16.38	250	1	1	1
2388	378788	2012	4	19:42:00	KS	0	1	0	0	0.0	0.0	36.998	-98.069	22.33	1000	2	1	2
2389	380707	2012	4	20:10:00	KS	0	3	0	0	0.0	0.0	37.9451	-98.8958	39.67	2640	1	1	1
2390	366415	2012	4	20:10:00	KS	0	3	0	0	0.0	0.0	37.155	-97.8	18.11	400	1	1	1
2391	365283	2012	4	20:22:00	IA	0	1	0	0	0.075	0.0	41.2498	-92.5092	1.27	90	1	1	1
2392	380716	2012	4	20:23:00	KS	0	1	0	0	0.0	0.0	38.0697	-98.6614	6.6	150	1	1	1
2393	366417	2012	4	20:32:00	KS	0	1	0	0	0.0	0.0	37.298	-97.627	7.39	100	1	1	1
2394	372581	2012	4	20:35:00	IA	0	1	0	0	0.0	0.0	41.17	-92.3392	3.0	50	1	1	1
2395	366421	2012	4	21:21:00	KS	0	3	38	0	500.0	0.0	37.548	-97.348	13.2	1760	1	1	1
2396	366431	2012	4	21:55:00	KS	0	1	0	0	0.0	0.0	37.748	-96.943	4.5	100	1	1	1
2397	366433	2012	4	22:16:00	KS	0	1	0	0	0.0	0.0	38.606	-98.145	7.57	100	1	1	1
2398	366236	2012	4	22:26:00	NE	0	1	0	0	0.0	0.0	40.8591	-96.9433	2.28	50	1	1	1
2399	366714	2012	4	23:18:00	NE	0	1	0	0	0.0	0.0	41.0074	-96.2553	1.86	50	1	1	1
2400	365679	2012	4	23:55:00	IA	0	1	0	0	0.0	0.0	41.2727	-95.7393	1.04	440	1	1	1
2401	366768	2012	4	13:11:00	MN	0	1	0	0	0.1	0.0	46.1787	-96.07	2.13	50	1	1	1
2402	373011	2012	4	19:05:00	MO	0	1	0	0	0.0	0.0	40.45	-91.842	2.0	50	1	1	1
2403	380726	2012	4	18:45:00	KS	0	2	0	0	0.0	0.0	37.0471	-99.0761	2.57	200	1	1	1
2404	372092	2012	5	16:38:00	KS	0	1	0	0	0.0	0.0	37.48	-98.37	5.7	50	1	1	1
2405	372112	2012	5	17:16:00	KS	0	3	0	0	0.0	0.0	37.3576	-98.2344	9.72	100	1	1	1
2406	372114	2012	5	17:33:00	KS	0	3	0	0	0.0	0.0	37.27	-98.22	9.68	150	1	1	1
2407	374961	2012	5	15:56:00	IA	0	1	0	0	0.03	0.005	42.9661	-91.9604	2.99	30	1	1	1
2408	373425	2012	5	16:36:00	NE	0	2	0	0	0.1	0.0	41.7164	-97.6028	0.75	100	1	1	1
2409	395043	2012	5	20:22:00	KS	0	1	0	0	0.0	0.0	38.5366	-99.4242	1.9	150	1	1	1
2410	395046	2012	5	20:30:00	KS	0	2	0	0	0.0	0.0	38.5345	-99.4087	9.2	950	1	1	1
2411	374117	2012	5	20:40:00	KS	0	2	0	0	0.0	0.0	38.856	-98.854	0.17	150	1	1	1
2412	395063	2012	5	20:40:00	KS	0	1	0	0	0.0	0.0	38.5283	-99.3177	1.89	350	1	1	1
2413	395066	2012	5	20:45:00	KS	0	2	0	0	0.0	0.0	38.5548	-99.3094	1.0	150	1	1	1
2414	395069	2012	5	20:58:00	KS	0	2	0	0	0.0	0.0	38.5641	-99.2351	5.8	650	1	1	1
2415	395071	2012	5	21:11:00	KS	0	1	0	0	0.0	0.0	38.6143	-99.1674	1.32	100	1	1	1
2416	395074	2012	5	21:35:00	KS	0	1	0	0	0.0	0.0	38.6672	-99.14	2.77	200	1	1	1
2417	371650	2012	5	15:06:00	IL	0	1	0	0	0.025	0.0	39.9767	-88.438	8.07	75	1	1	1
2418	381293	2012	5	15:28:00	IN	0	1	0	0	0.25	0.0	39.41	-84.86	1.27	100	1	1	1
2419	384893	2012	5	17:36:00	IN	0	1	0	0	0.048	0.0	39.9679	-86.7835	0.46	150	1	1	1
2420	376307	2012	5	21:03:00	NE	0	1	0	0	0.2	0.0	40.3415	-97.7877	1.01	250	1	1	1
2421	383794	2012	5	19:40:00	IA	0	2	0	0	1.0	0.0	41.1355	-91.67	6.73	440	1	1	1
2422	370091	2012	5	16:52:00	IA	0	1	0	0	0.0	0.0	43.4873	-93.7653	0.81	90	1	1	1
2423	371786	2012	5	15:48:00	IL	0	1	0	0	0.025	0.0	40.7651	-87.6868	1.3	200	1	1	1
2424	394783	2012	6	18:53:00	SD	0	1	0	0	0.0	0.0	45.4025	-96.6214	0.28	10	1	1	1
2425	394766	2012	6	19:28:00	MI	0	1	0	0	0.06	0.0	44.5861	-84.5354	1.29	350	1	1	1
2426	378380	2012	6	18:02:00	ND	0	1	0	0	0.0	0.0	47.76	-97.36	1.39	30	1	1	1
2427	393342	2012	6	19:58:00	SD	0	2	0	0	0.5	0.0	43.104	-103.83	16.68	800	1	1	1
2428	378945	2012	6	18:20:00	MN	0	1	0	0	0.0	0.0	48.22	-97.1	3.49	40	1	1	1
2429	384508	2012	6	19:44:00	MO	0	2	0	3	0.1	0.0	36.9736	-89.43	0.5	75	1	1	1
2430	398193	2012	6	14:55:00	SD	0	1	0	0	0.001	0.0	43.5077	-103.589	0.1	20	1	1	1
2431	387559	2012	6	18:13:00	MI	0	1	0	0	0.01	0.0	46.78	-88.03	7.8	200	1	1	1
2432	383248	2012	7	15:38:00	ND	0	1	0	0	0.0	0.0	47.71	-97.08	2.5	200	1	1	1
2433	388879	2012	7	20:05:00	MN	0	1	0	0	0.0	0.0	46.57	-95.03	4.0	75	1	1	1
2434	402175	2012	8	16:12:00	IL	0	1	1	0	0.23	0.0	39.6112	-90.0419	0.25	75	1	1	1
2435	404778	2012	8	16:20:00	IN	0	1	0	0	0.0	0.0	41.6599	-86.621	1.46	20	1	1	1
2436	415886	2012	9	16:23:00	IL	0	1	1	0	0.0	0.0	38.4475	-89.5425	3.95	100	1	1	1
2437	400292	2012	9	18:37:00	WI	0	2	0	0	0.42	0.008	42.9089	-90.995	0.72	75	1	1	1
2438	481630	2013	10	16:25:00	MN	0	1	0	0	0.0	0.0	45.8177	-96.2716	0.43	70	1	1	1
2439	477077	2013	10	17:11:00	MO	0	1	0	0	0.1	0.0	36.5862	-90.7416	4.16	150	1	1	1
2440	477087	2013	10	17:30:00	MO	0	1	0	0	0.08	0.0	36.6338	-90.47	0.22	50	1	1	1
2441	477089	2013	10	17:48:00	MO	0	1	0	0	0.1	0.0	36.6954	-90.2691	5.7	75	1	1	1
2442	477076	2013	10	17:54:00	MO	0	1	0	0	0.07	0.0	37.25	-89.9482	1.5	200	1	1	1
2443	477093	2013	10	18:02:00	MO	0	1	0	0	0.075	0.0	36.7312	-90.0338	14.25	100	1	1	1
2444	477098	2013	10	18:05:00	MO	0	1	0	0	0.13	0.0	37.2807	-89.7086	3.9	150	1	1	1
2445	477104	2013	10	18:24:00	MO	0	2	0	0	0.8	0.0	36.7332	-89.85	1.93	100	1	1	1
2446	480652	2013	10	18:35:00	IL	0	1	0	0	0.02	0.0	37.3168	-89.27	6.51	50	1	1	1
2447	477070	2013	10	18:40:00	MO	0	1	0	0	0.175	0.0	36.8079	-89.6258	2.99	50	1	1	1
2448	477105	2013	10	18:51:00	IL	0	1	0	0	0.11	0.0	37.6055	-88.83	9.9	175	1	1	1
2449	480659	2013	10	18:56:00	IL	0	1	0	0	0.03	0.0	37.3321	-88.9701	0.7	50	1	1	1
2450	477108	2013	10	19:05:00	MO	0	1	0	0	0.105	0.0	36.92	-89.22	7.62	200	2	0	1
2451	477108	2013	10	19:05:00	MO	0	1	0	0	0.09	0.0	36.92	-89.22	6.7	200	2	1	2
2452	477818	2013	10	21:30:00	OH	0	1	8	0	2.0	0.0	39.8929	-84.1861	0.58	50	1	1	1
2453	472673	2013	10	21:08:00	NE	0	2	0	0	0.0	0.0	40.6827	-96.4637	15.27	300	1	1	1
2454	474503	2013	10	15:48:00	NE	0	2	0	0	0.0	0.0	42.246	-98.092	6.64	264	1	1	1
2455	472670	2013	10	16:12:00	NE	0	4	15	0	0.5	0.0	42.128	-97.077	18.34	2429	1	1	1
2456	473017	2013	10	16:20:00	NE	0	3	0	0	0.0	0.0	42.4339	-97.8817	6.43	590	1	1	1
2457	472671	2013	10	16:55:00	NE	0	2	2	0	0.4	0.0	42.0805	-96.3861	26.56	264	2	0	1
2458	472671	2013	10	16:55:00	NE	0	2	2	0	0.0	0.0	42.0805	-96.3861	7.29	250	2	1	2
2459	472671	2013	10	17:02:00	IA	0	2	0	0	0.4	0.0	42.1536	-96.3305	19.27	264	2	1	2
2460	476181	2013	10	17:17:00	IA	0	1	0	0	0.02	0.0	42.2206	-96.2633	1.17	100	1	1	1
2461	475785	2013	10	17:25:00	NE	0	1	0	0	0.25	0.0	42.4918	-96.59	5.89	400	2	0	1
2462	475785	2013	10	17:28:00	SD	0	1	0	0	0.25	0.0	42.514	-96.575	4.18	400	2	1	2
2463	476100	2013	10	17:35:00	IA	0	4	0	0	2.01	0.0	42.3319	-96.1086	24.7	2600	1	1	1
2464	475778	2013	10	17:35:00	SD	0	1	0	0	0.2	0.0	42.57	-96.5562	4.75	800	2	1	2
2465	475778	2013	10	17:35:00	SD	0	1	0	0	0.2	0.0	42.57	-96.5562	6.47	800	2	0	1
2466	476081	2013	10	17:50:00	IA	0	1	0	0	0.0	0.0	42.6758	-96.4453	1.11	100	1	1	1
2467	476160	2013	10	19:33:00	IA	0	1	0	0	1.2	0.0	42.6032	-95.3649	5.45	200	1	1	1
2468	483766	2013	11	10:52:00	IL	0	2	10	0	45.0	0.0	40.5756	-89.6569	2.26	100	1	1	1
2469	483775	2013	11	10:59:00	IL	0	4	125	3	935.225	0.0	40.622	-89.5678	46.36	880	1	1	1
2470	482458	2013	11	11:47:00	IL	0	1	0	0	0.0	0.0	38.7099	-89.5175	0.37	50	1	1	1
2471	482450	2013	11	12:04:00	IL	0	4	2	2	0.0	0.0	38.42	-89.45	10.59	200	1	1	1
2472	482451	2013	11	12:13:00	IL	0	1	0	0	0.0	0.0	38.48	-89.245	4.76	100	1	1	1
2473	483782	2013	11	12:15:00	IL	0	1	0	0	0.3	0.0	39.3968	-89.0791	2.52	100	1	1	1
2474	484027	2013	11	12:22:00	IL	0	2	5	0	12.75	0.0	41.2372	-88.3033	12.02	200	1	1	1
2475	482459	2013	11	12:22:00	IL	0	2	0	0	0.4	0.0	38.9965	-88.929	11.4	200	1	1	1
2476	483783	2013	11	12:25:00	IL	0	1	0	0	0.25	0.0	38.8547	-88.0877	3.53	100	1	1	1
2477	483785	2013	11	12:30:00	IL	0	1	0	0	1.685	0.0	39.7499	-88.5981	10.54	440	1	1	1
2478	484032	2013	11	12:42:00	IL	0	2	0	0	0.75	0.0	41.4093	-87.9312	5.21	200	1	1	1
2479	483864	2013	11	12:44:00	IL	0	3	0	0	2.0	0.0	39.8413	-88.3291	18.74	440	1	1	1
2480	483893	2013	11	12:45:00	IL	0	3	6	0	62.5	0.0	40.2351	-88.1663	29.83	880	1	1	1
2481	483895	2013	11	12:46:00	IL	0	1	0	0	0.22	0.0	39.8326	-88.2655	4.51	440	1	1	1
2482	484033	2013	11	13:00:00	IL	0	1	0	0	0.1	0.0	41.2973	-87.5461	0.16	150	1	1	1
2483	483896	2013	11	13:03:00	IL	0	2	1	0	9.5	0.0	39.9445	-87.9026	19.68	440	1	1	1
2484	482624	2013	11	13:05:00	IL	0	1	0	0	0.003	0.0	38.2779	-88.7577	0.15	25	1	1	1
2485	480997	2013	11	13:07:00	MO	0	3	0	0	1.0	0.0	37.0209	-89.7338	14.25	600	1	1	1
2486	482626	2013	11	13:08:00	IL	0	2	0	0	0.15	0.0	38.37	-88.53	9.48	150	1	1	1
2487	485057	2013	11	13:22:00	IN	0	2	0	0	0.315	0.0	40.1017	-87.5307	5.94	150	1	1	1
2488	484074	2013	11	13:27:00	IN	0	1	0	0	0.325	0.0	40.7616	-87.2974	5.52	100	1	1	1
2489	482620	2013	11	13:29:00	IL	0	2	0	0	0.21	0.0	38.425	-88.1666	7.86	300	1	1	1
2490	485110	2013	11	13:32:00	IN	0	2	0	0	0.186	0.0	40.1163	-87.2456	12.73	75	1	1	1
2491	482623	2013	11	13:33:00	IL	0	2	0	0	0.15	0.0	38.419	-88.1483	4.14	100	1	1	1
2492	484082	2013	11	13:40:00	IN	0	2	0	0	0.05	0.0	40.5557	-87.1475	11.99	1200	1	1	1
2493	482625	2013	11	13:44:00	IL	0	2	1	0	0.25	0.0	38.4892	-87.9229	10.28	225	1	1	1
2494	485895	2013	11	13:47:00	IN	0	1	0	0	0.018	0.0	40.4971	-87.0778	3.89	50	1	1	1
2495	482731	2013	11	13:47:00	IN	0	1	0	0	0.03	0.0	40.1713	-86.9572	1.78	40	1	1	1
2496	484084	2013	11	13:50:00	IN	0	1	0	0	0.15	0.0	40.9727	-87.1152	10.24	100	1	1	1
2497	483207	2013	11	13:51:00	IN	0	2	0	0	0.0	0.0	40.6918	-86.8785	4.15	300	1	1	1
2498	482746	2013	11	13:52:00	IN	0	2	0	0	0.125	0.0	40.3013	-86.9467	3.1	75	1	1	1
2499	485133	2013	11	13:52:00	IN	0	2	0	0	0.0	0.0	40.5689	-87.0955	9.23	900	1	1	1
2500	485368	2013	11	13:54:00	IN	0	3	0	0	0.785	0.0	40.3462	-86.8342	37.91	100	1	1	1
2501	482737	2013	11	13:56:00	IN	0	1	0	0	0.01	0.0	40.2874	-86.8107	2.87	35	1	1	1
2502	482009	2013	11	13:56:00	IN	0	2	1	0	0.075	0.0	38.5374	-87.6121	8.81	100	1	1	1
2503	479369	2013	11	14:07:00	IN	0	1	0	0	0.0	0.0	40.8227	-86.5949	0.81	150	1	1	1
2504	485095	2013	11	14:13:00	IN	0	2	0	0	0.36	0.0	40.3263	-86.3946	25.44	150	1	1	1
2505	482727	2013	11	14:20:00	IN	0	2	0	0	0.1	0.0	38.642	-87.2224	2.8	125	1	1	1
2506	480993	2013	11	14:20:00	IL	0	3	33	3	6.0	0.0	37.1246	-88.6368	11.07	500	2	1	2
2507	479234	2013	11	14:27:00	MI	0	1	0	0	0.0	0.0	41.895	-86.0079	0.38	50	1	1	1
2508	482768	2013	11	14:29:00	IN	0	2	5	0	0.075	0.0	40.4639	-86.1266	0.48	75	1	1	1
2509	485056	2013	11	14:30:00	IN	0	1	0	0	0.0	0.0	40.6904	-86.1211	2.87	250	1	1	1
2510	482729	2013	11	14:36:00	IN	0	2	2	0	0.2	0.0	40.0176	-86.534	3.67	75	1	1	1
2511	479364	2013	11	14:38:00	IN	0	1	0	0	0.0	0.0	41.1731	-85.9864	1.05	250	1	1	1
2512	485933	2013	11	14:42:00	IN	0	2	0	0	0.0	0.0	40.5515	-85.8383	11.75	700	1	1	1
2513	479303	2013	11	14:43:00	IN	0	2	0	0	0.0	0.0	41.0366	-85.8926	4.14	150	1	1	1
2514	482730	2013	11	14:46:00	IN	0	1	0	0	0.01	0.0	40.0769	-86.3762	3.62	33	1	1	1
2515	479312	2013	11	14:54:00	IN	0	1	0	0	0.0	0.0	41.297	-85.7987	1.65	275	1	1	1
2516	482728	2013	11	14:57:00	IN	0	1	0	0	0.07	0.0	38.8741	-86.5057	1.27	50	1	1	1
2517	482833	2013	11	15:05:00	IN	0	1	0	0	0.045	0.0	40.211	-86.0327	1.9	125	1	1	1
2518	479256	2013	11	15:47:00	OH	0	1	0	0	0.0	0.0	40.9703	-84.4573	2.14	150	1	1	1
2519	483071	2013	11	15:52:00	OH	0	2	0	0	0.0	0.0	40.9609	-84.3852	11.11	440	1	1	1
2520	486103	2013	11	16:32:00	OH	0	1	0	0	0.05	0.0	41.19	-83.713	1.04	75	1	1	1
2521	486098	2013	11	16:35:00	OH	0	2	0	0	2.6	0.0	41.539	-83.568	11.28	100	1	1	1
2522	486122	2013	11	16:41:00	OH	0	1	0	0	0.2	0.0	41.252	-83.5953	1.32	100	1	1	1
2523	486100	2013	11	17:00:00	OH	0	1	0	0	0.05	0.0	41.465	-83.223	0.76	75	1	1	1
2524	422620	2013	1	11:00:00	MO	0	1	0	0	0.1	0.0	37.8388	-93.8816	2.66	200	1	1	1
2525	422623	2013	1	11:15:00	MO	0	1	0	0	0.225	0.0	37.9759	-93.6112	8.58	400	1	1	1
2526	432081	2013	1	15:14:00	MO	0	1	0	0	0.0	0.0	38.6622	-91.1273	1.17	40	1	1	1
2527	424851	2013	1	20:14:00	MO	0	1	0	0	0.1	0.0	36.6933	-90.7598	0.27	100	1	1	1
2528	424852	2013	1	20:45:00	MO	0	2	0	0	0.06	0.0	36.76	-90.26	3.39	100	1	1	1
2529	424853	2013	1	21:13:00	MO	0	1	0	0	0.25	0.0	37.1847	-89.7693	5.45	100	1	1	1
2530	424854	2013	1	21:13:00	MO	0	1	0	0	0.08	0.0	37.3309	-89.7318	6.79	100	1	1	1
2531	424803	2013	1	22:16:00	IL	0	2	2	0	0.2	0.0	37.8424	-88.6174	0.97	125	1	1	1
2532	444410	2013	4	18:38:00	MO	0	1	0	0	0.0	0.0	38.5883	-90.7869	1.32	200	1	1	1
2533	444534	2013	4	19:00:00	MO	0	2	2	0	4.0	0.0	38.7608	-90.4297	6.75	500	1	1	1
2534	445853	2013	4	16:31:00	MO	0	1	0	0	0.0	0.0	39.3775	-92.1188	7.45	70	1	1	1
2535	439870	2013	4	21:06:00	NE	0	1	0	0	0.25	0.0	40.0656	-101.458	0.75	75	1	1	1
2536	457690	2013	5	17:09:00	KS	0	1	0	0	0.0	0.0	38.8509	-99.5849	1.71	50	1	1	1
2537	457695	2013	5	18:18:00	KS	0	4	0	0	0.14	0.0	38.1429	-99.4706	7.0	1100	1	1	1
2538	457698	2013	5	18:49:00	KS	0	1	0	0	0.0	0.0	38.2011	-99.2768	4.0	100	1	1	1
2539	441423	2013	5	21:35:00	KS	0	1	0	0	0.0	0.0	39.486	-97.278	6.99	75	1	1	1
2540	441880	2013	5	14:37:00	KS	0	2	0	0	0.0	0.0	37.5797	-97.5061	4.61	300	1	1	1
2541	450156	2013	5	15:51:00	NE	0	1	0	0	0.04	0.0	41.439	-98.365	0.23	25	1	1	1
2542	441899	2013	5	15:55:00	KS	0	1	0	0	0.0	0.0	37.3705	-97.0941	1.84	60	1	1	1
2543	441426	2013	5	16:27:00	KS	0	1	0	0	0.0	0.0	38.3232	-96.207	9.0	75	1	1	1
2544	440821	2013	5	17:45:00	IA	0	1	0	0	0.05	0.0	41.6656	-93.9073	1.43	100	1	1	1
2545	440822	2013	5	18:07:00	IA	0	1	0	0	0.09	0.0	41.8463	-93.6687	4.71	150	1	1	1
2546	441619	2013	5	23:06:00	MO	0	1	0	0	0.2	0.0	37.1672	-94.2801	0.5	100	1	1	1
2547	451186	2013	5	15:57:00	MO	0	1	0	0	0.02	0.0	38.7079	-93.3886	14.5	200	1	1	1
2548	441628	2013	5	17:03:00	MO	0	1	0	0	0.05	0.0	37.5204	-94.4237	6.81	100	1	1	1
2549	455293	2013	5	17:41:00	MO	0	1	0	0	0.1	0.0	36.8295	-94.6184	0.81	400	2	1	2
2550	451862	2013	5	18:24:00	MO	0	1	0	0	0.0	0.0	39.6938	-91.4486	1.16	50	1	1	1
2551	441641	2013	5	18:50:00	MO	0	1	0	0	0.05	0.0	36.6279	-93.5845	1.42	200	1	1	1
2552	441631	2013	5	19:05:00	MO	0	1	0	0	0.0	0.0	36.7895	-93.3925	1.35	100	1	1	1
2553	452529	2013	5	21:14:00	IL	0	2	3	0	0.0	0.0	39.072	-89.7264	0.2	75	1	1	1
2554	450326	2013	5	18:04:00	KS	0	3	1	0	1.8	3.5	39.857	-98.543	5.74	1580	1	1	1
2555	450296	2013	5	18:32:00	NE	0	2	0	0	4.0	0.0	40.374	-98.014	4.47	250	1	1	1
2556	445359	2013	5	20:02:00	NE	0	2	0	0	0.0	0.0	40.1798	-96.9171	5.93	600	1	1	1
2557	442927	2013	5	20:40:00	KS	0	2	0	0	0.0	0.0	39.834	-96.737	3.83	150	1	1	1
2558	443113	2013	5	15:16:00	KS	0	3	0	0	0.0	0.0	39.6676	-96.1213	4.4	900	1	1	1
2559	443117	2013	5	15:20:00	KS	0	1	0	0	0.0	0.0	39.6528	-96.0712	0.01	50	1	1	1
2560	443707	2013	5	15:45:00	KS	0	1	0	0	0.0	0.0	39.6599	-96.016	0.01	50	1	1	1
2561	443197	2013	5	16:45:00	KS	0	3	0	0	0.0	0.0	39.0376	-97.709	2.33	1000	1	1	1
2562	457170	2013	5	18:13:00	SD	0	1	1	0	0.1	0.0	43.2702	-101.914	0.1	20	1	1	1
2563	443080	2013	5	19:01:00	MI	0	1	0	0	0.1	0.0	43.0671	-83.7173	2.28	400	1	1	1
2564	443081	2013	5	19:09:00	MI	0	1	0	0	0.11	0.0	42.83	-84.029	9.89	550	1	1	1
2565	443079	2013	5	19:30:00	MI	0	2	0	0	0.225	0.0	42.8519	-83.7734	5.1	500	1	1	1
2566	443087	2013	5	19:54:00	MI	0	2	0	0	0.35	0.0	42.896	-83.574	4.61	300	1	1	1
2567	450689	2013	5	15:21:00	NE	0	1	0	0	0.2	0.0	40.554	-98.038	4.34	75	1	1	1
2568	450685	2013	5	15:36:00	NE	0	1	0	0	0.5	0.0	40.913	-97.636	8.39	150	1	1	1
2569	450683	2013	5	15:48:00	NE	0	1	0	0	1.5	0.0	40.799	-97.587	15.93	400	1	1	1
2570	450585	2013	5	19:10:00	KS	0	1	0	0	0.08	0.0	39.818	-99.578	0.78	40	1	1	1
2571	451690	2013	5	15:10:00	IA	0	1	0	0	0.025	0.0	41.3677	-91.354	2.43	100	1	1	1
2572	451693	2013	5	15:44:00	IL	0	1	0	0	0.14	0.0	41.4345	-90.7256	3.96	150	2	0	1
2573	451693	2013	5	15:45:00	IA	0	1	0	0	0.1	0.0	41.4523	-90.7217	2.71	150	2	1	2
2574	444497	2013	5	23:20:00	MO	0	1	0	0	0.005	0.0	36.8588	-92.0101	4.28	400	1	1	1
2575	460726	2013	5	18:37:00	MO	0	1	0	0	0.0	0.0	38.4095	-91.0509	9.98	550	1	1	1
2576	462224	2013	5	18:50:00	MO	0	3	8	0	60.0	0.0	38.6867	-90.7498	31.71	1760	1	1	1
2577	460727	2013	5	19:01:00	MO	0	1	0	0	0.0	0.0	38.4013	-90.7322	12.41	200	1	1	1
2578	461832	2013	5	19:27:00	MO	0	3	0	0	0.0	0.0	38.8009	-90.1493	10.64	150	2	0	1
2579	461832	2013	5	19:27:00	MO	0	1	0	0	0.0	0.0	38.8009	-90.1493	2.01	50	2	1	2
2580	461832	2013	5	19:29:00	IL	0	3	0	0	0.0	0.0	38.8131	-90.1155	8.63	150	2	1	2
2581	460730	2013	5	19:49:00	IL	0	2	0	0	0.0	0.0	39.1287	-89.8272	1.47	150	1	1	1
2582	461752	2013	5	20:02:00	IL	0	1	0	0	0.0	0.0	39.3309	-89.6815	4.26	50	1	1	1
2583	453073	2013	5	21:03:00	IL	0	1	0	0	0.5	0.0	39.8586	-88.9856	1.99	100	1	1	1
2584	453088	2013	5	22:24:00	IL	0	1	0	0	0.05	0.0	40.0232	-87.5961	0.49	70	1	1	1
2585	448661	2013	6	20:31:00	NE	0	1	0	0	0.0	0.0	42.584	-103.167	0.99	40	1	1	1
2586	446146	2013	6	15:08:00	IA	0	3	0	0	0.5	0.005	42.8824	-93.6832	6.2	200	1	1	1
2587	446148	2013	6	15:19:00	IA	0	1	0	0	0.02	0.005	42.849	-93.6044	5.0	125	1	1	1
2588	454190	2013	6	15:32:00	IL	0	1	0	0	0.02	0.0	41.7344	-88.8923	2.27	100	1	1	1
2589	446149	2013	6	15:32:00	IA	0	2	0	0	0.3	0.01	42.8246	-93.4745	5.2	300	1	1	1
2590	451691	2013	6	15:45:00	IA	0	1	0	0	0.1	0.0	41.4523	-90.7217	2.71	150	1	1	1
2591	446150	2013	6	15:46:00	IA	0	1	0	0	0.05	0.001	42.7917	-93.3297	3.43	75	1	1	1
2592	450890	2013	6	17:53:00	IL	0	2	1	0	0.0	0.0	42.1668	-90.15	6.6	880	1	1	1
2593	459881	2013	6	21:59:00	OH	0	1	0	0	0.0	0.0	41.2452	-84.0358	0.43	50	1	1	1
2594	460286	2013	6	22:02:00	OH	0	1	0	0	0.0	0.0	41.2976	-84.0059	0.17	75	1	1	1
2595	448757	2013	6	16:50:00	NE	0	1	0	0	0.0	0.0	41.67	-104.02	7.87	100	1	1	1
2596	448285	2013	6	19:55:00	WI	0	1	0	0	0.0	0.0	43.3587	-89.3523	3.22	125	1	1	1
2597	462311	2013	6	14:08:00	IA	0	1	0	1	0.5	0.0	41.4456	-91.0841	6.5	100	1	1	1
2598	462370	2013	6	15:00:00	IL	0	1	0	0	0.05	0.0	41.4302	-90.0064	6.21	50	1	1	1
2599	451904	2013	6	17:16:00	IN	0	1	0	0	0.02	0.0	38.45	-87.1	0.59	75	1	1	1
2600	449653	2013	6	19:29:00	IN	0	1	0	0	0.2	0.0	37.9888	-86.7921	5.26	100	1	1	1
2601	464772	2013	6	23:32:00	KS	0	1	0	0	0.018	0.0	37.5245	-99.4956	0.97	50	1	1	1
2602	460783	2013	7	11:28:00	IN	0	1	2	0	0.0	0.0	40.7463	-86.1131	3.47	200	1	1	1
2603	460275	2013	7	14:44:00	OH	0	1	0	0	0.08	0.0	40.632	-81.447	13.35	300	1	1	1
2604	460282	2013	7	15:07:00	OH	0	1	0	0	0.025	0.0	40.493	-81.112	9.06	150	1	1	1
2605	461831	2013	7	01:35:00	OH	0	1	0	0	0.35	0.0	41.5005	-81.4685	1.34	200	1	1	1
2606	459283	2013	7	20:08:00	ND	0	1	0	0	0.0	0.0	48.44	-98.88	1.5	100	1	1	1
2607	459294	2013	7	00:33:00	MN	0	1	0	0	0.15	0.0	47.8	-95.7	7.47	150	1	1	1
2608	459296	2013	7	00:50:00	MN	0	2	0	0	1.75	0.6	47.3	-95.91	21.09	400	1	1	1
2609	457050	2013	7	16:05:00	KS	0	1	0	0	0.1	0.0	37.7909	-95.0653	0.4	100	1	1	1
2610	475901	2013	8	14:28:00	SD	0	1	0	0	0.025	0.0	43.9041	-103.591	1.28	30	1	1	1
2611	474625	2013	8	23:28:00	MN	0	1	0	0	0.0	0.0	47.079	-93.928	12.93	300	1	1	1
2612	459379	2013	8	15:26:00	ND	0	1	0	0	0.0	0.0	46.37	-96.84	3.0	150	1	1	1
2613	459677	2013	8	23:22:00	WI	0	1	2	0	0.025	0.0	44.349	-88.838	9.79	125	1	1	1
2614	459591	2013	8	23:24:00	WI	0	2	0	0	3.5	0.0	44.383	-88.774	13.07	175	1	1	1
2615	461834	2013	8	23:38:00	WI	0	1	0	0	2.0	0.0	44.345	-88.415	19.15	175	1	1	1
2616	461878	2013	8	23:38:00	WI	0	1	0	0	10.2	0.0	44.298	-88.46	20.69	175	1	1	1
2617	459699	2013	8	23:40:00	WI	0	1	0	0	3.6	0.0	44.371	-88.374	33.1	250	1	1	1
2618	459668	2013	8	00:05:00	WI	0	1	0	0	0.05	0.0	44.424	-87.775	5.57	100	1	1	1
2619	474336	2013	8	13:01:00	OH	0	1	0	0	0.05	0.0	40.81	-81.8	0.87	50	1	1	1
2620	540907	2014	10	05:25:00	MO	0	1	0	0	0.005	0.0	36.5048	-93.39	0.09	75	1	1	1
2621	548126	2014	10	12:24:00	IL	0	1	0	0	0.0	0.0	38.4703	-89.9263	1.38	100	1	1	1
2622	541972	2014	10	12:30:00	MO	0	1	0	0	0.053	0.0	36.9498	-90.1113	9.35	75	1	1	1
2623	548154	2014	10	12:43:00	IL	0	1	0	0	0.0	0.0	38.5363	-89.7248	0.25	50	1	1	1
2624	541974	2014	10	12:45:00	MO	0	1	0	0	0.25	0.0	37.1193	-90.0415	7.16	100	1	1	1
2625	541978	2014	10	13:02:00	MO	0	1	0	0	0.02	0.0	37.2423	-89.9396	2.0	50	1	1	1
2626	545772	2014	10	14:54:00	IL	0	2	0	0	0.26	0.25	39.631	-88.9567	10.0	200	1	1	1
2627	541928	2014	10	15:06:00	IL	0	1	0	0	0.01	0.0	38.4443	-88.9185	3.52	100	1	1	1
2628	541929	2014	10	15:07:00	IL	0	1	0	0	0.05	0.0	38.3715	-88.7566	0.66	50	1	1	1
2629	545776	2014	10	15:12:00	IL	0	1	0	0	0.01	0.0	39.8184	-88.88	0.2	50	1	1	1
2630	541952	2014	10	16:25:00	IN	0	1	0	0	0.03	0.0	38.0981	-87.9087	3.75	150	1	1	1
2631	503087	2014	2	14:25:00	IL	0	2	1	0	0.0	0.0	39.518	-90.841	12.09	80	1	1	1
2632	503101	2014	2	15:57:00	IL	0	1	0	0	0.99	0.0	38.7575	-89.6151	20.56	300	1	1	1
2633	503088	2014	2	16:09:00	IL	0	2	1	0	0.6	0.0	39.2586	-89.234	22.38	200	1	1	1
2634	503090	2014	2	16:36:00	IL	0	1	0	0	0.0	0.0	39.0158	-88.998	4.8	50	1	1	1
2635	505086	2014	2	16:39:00	MO	0	1	5	0	0.075	0.0	36.1895	-89.8812	0.24	70	1	1	1
2636	496819	2014	2	16:40:00	IL	0	1	0	0	0.01	0.0	37.6987	-89.3713	0.39	50	1	1	1
2637	505083	2014	2	16:41:00	MO	0	1	0	0	0.01	0.0	36.2349	-89.8029	0.04	25	1	1	1
2638	499896	2014	2	16:54:00	IL	0	1	0	0	0.08	0.0	39.1784	-88.7233	1.54	100	1	1	1
2639	501831	2014	2	21:14:00	IN	0	1	0	0	0.1	0.0	39.1792	-85.2854	0.81	50	1	1	1
2640	504828	2014	3	15:03:00	MO	0	1	0	0	0.0	0.0	39.91	-94.2	9.25	200	1	1	1
2641	504829	2014	3	15:22:00	MO	0	2	0	0	0.0	0.0	40.03	-94.0	2.98	100	1	1	1
2642	506501	2014	4	21:45:00	IL	0	1	0	0	0.035	0.0	37.7305	-89.3434	2.21	100	1	1	1
2643	503591	2014	4	14:20:00	IA	0	1	0	2	0.025	0.0	41.1325	-92.3117	45.68	1600	1	1	1
2644	505204	2014	4	16:35:00	KS	0	2	25	0	10.0	0.0	36.9987	-94.753	4.27	150	2	1	2
2645	506191	2014	4	16:40:00	KS	0	2	0	0	0.5	0.0	37.9269	-94.7125	16.13	400	1	1	1
2646	504831	2014	4	16:48:00	KS	0	2	0	0	0.0	0.0	38.0371	-94.6419	8.5	400	1	1	1
2647	509084	2014	4	04:19:00	MO	0	1	0	0	0.0	0.0	38.67	-90.3625	0.63	100	1	1	1
2648	504426	2014	4	07:30:00	IL	0	1	0	0	0.05	0.0	38.1057	-88.2256	0.99	90	1	1	1
2649	504235	2014	4	20:00:00	MO	0	1	0	0	0.002	0.0	36.8006	-90.2088	0.55	75	1	1	1
2650	504499	2014	4	20:01:00	MO	0	1	0	0	0.008	0.0	36.8047	-90.2004	7.43	75	1	1	1
2651	504468	2014	4	20:25:00	IL	0	1	0	0	0.01	0.0	37.6192	-88.8914	0.77	50	1	1	1
2652	504239	2014	4	20:40:00	MO	0	2	0	0	0.05	0.0	36.6843	-90.8698	3.48	220	1	1	1
2653	510925	2014	5	16:15:00	MO	0	2	0	0	0.0	0.0	39.2115	-94.1926	12.63	500	1	1	1
2654	506419	2014	5	18:26:00	MO	0	1	0	0	0.01	0.0	39.1665	-93.172	7.27	1350	1	1	1
2655	510467	2014	5	14:50:00	NE	0	3	0	0	14.0	0.0	40.4926	-98.1207	20.21	1300	1	1	1
2656	510470	2014	5	15:25:00	NE	0	2	0	0	3.5	0.0	40.6638	-97.7309	9.38	750	1	1	1
2657	510471	2014	5	15:40:00	NE	0	1	0	0	0.15	0.0	40.6424	-97.5922	6.14	150	1	1	1
2658	510472	2014	5	15:57:00	NE	0	3	0	0	11.4	0.0	40.6922	-97.4531	19.14	2640	1	1	1
2659	510959	2014	5	16:23:00	NE	0	2	0	0	0.0	0.0	40.77	-97.2	7.96	500	1	1	1
2660	506837	2014	5	16:53:00	NE	0	2	0	0	0.0	0.0	40.872	-97.0351	4.67	330	1	1	1
2661	510475	2014	5	16:58:00	NE	0	1	0	0	0.06	0.0	40.7407	-97.3808	5.55	700	1	1	1
2662	506838	2014	5	17:07:00	NE	0	1	0	0	0.0	0.0	40.9211	-96.9135	3.0	400	1	1	1
2663	506839	2014	5	17:11:00	NE	0	2	0	0	0.0	0.0	40.97	-96.7955	2.5	300	1	1	1
2664	529207	2014	5	17:12:00	KS	0	1	0	0	0.0	0.0	38.1383	-99.2157	3.3	150	1	1	1
2665	506840	2014	5	17:20:00	NE	0	1	0	0	0.0	0.0	40.959	-96.7986	5.27	280	1	1	1
2666	506835	2014	5	17:55:00	NE	0	1	1	0	0.0	0.0	40.2988	-97.2741	15.5	500	1	1	1
2667	506842	2014	5	17:59:00	NE	0	1	0	0	0.0	0.0	41.1632	-96.3776	10.69	800	1	1	1
2668	506844	2014	5	18:21:00	NE	0	1	0	0	0.0	0.0	41.2989	-96.254	5.16	200	1	1	1
2669	516466	2014	5	19:35:00	IA	0	1	0	0	3.0	0.0	43.0973	-96.0144	3.91	100	1	1	1
2670	505986	2014	5	20:43:00	IA	0	2	0	0	1.3	0.0	41.6108	-94.5128	10.35	240	1	1	1
2671	506001	2014	5	20:56:00	IA	0	1	0	0	0.4	0.0	41.7239	-94.4243	4.33	190	1	1	1
2672	517945	2014	5	15:44:00	OH	0	3	0	0	0.5	0.0	39.6808	-83.848	8.93	400	1	1	1
2673	519609	2014	5	18:46:00	ND	0	2	9	0	2.5	0.0	47.71	-103.28	0.46	100	1	1	1
2674	523764	2014	5	13:17:00	SD	0	1	0	0	0.0	0.0	44.113	-103.593	2.16	300	1	1	1
2675	506433	2014	5	16:10:00	MO	0	1	0	0	0.015	0.0	36.9964	-92.7143	2.5	100	1	1	1
2676	512330	2014	6	15:55:00	MI	0	1	0	0	0.25	0.0	43.24	-84.21	5.3	300	1	1	1
2677	512273	2014	6	17:15:00	MN	0	1	0	0	0.0	0.0	46.5538	-94.9473	1.0	10	1	1	1
2678	526638	2014	6	17:18:00	SD	0	1	0	0	0.0	0.0	45.6587	-97.6692	0.11	50	1	1	1
2679	527368	2014	6	18:58:00	KS	0	1	0	0	0.05	0.0	38.7119	-101.098	0.1	25	1	1	1
2680	519786	2014	6	16:27:00	KS	0	1	0	0	0.01	0.0	39.4611	-99.4606	0.78	110	1	1	1
2681	514013	2014	6	14:42:00	NE	0	4	0	0	2.0	0.25	41.893	-97.33	12.11	400	1	1	1
2682	514014	2014	6	15:00:00	NE	0	4	20	1	14.0	0.25	41.9528	-97.1369	23.94	500	1	1	1
2683	514026	2014	6	15:13:00	NE	0	4	0	1	1.125	0.25	41.9742	-97.04	11.5	500	1	1	1
2684	514044	2014	6	15:40:00	NE	0	4	0	0	3.05	0.0	42.127	-96.8686	15.84	530	1	1	1
2685	520633	2014	6	17:35:00	NE	0	1	0	0	0.015	0.0	41.758	-99.2362	2.4	400	1	1	1
2686	518017	2014	6	17:48:00	IA	0	1	0	0	0.05	0.009	43.2062	-93.3101	3.03	110	1	1	1
2687	518029	2014	6	17:52:00	IA	0	1	0	0	0.027	0.003	42.875	-93.5054	2.57	175	1	1	1
2688	520636	2014	6	18:01:00	NE	0	2	0	0	0.1	0.0	41.8028	-99.1407	5.19	500	1	1	1
2689	520638	2014	6	18:20:00	NE	0	2	0	0	0.1	0.0	41.8397	-98.9986	1.56	700	1	1	1
2690	520651	2014	6	18:28:00	NE	0	2	0	0	0.005	0.0	41.8348	-98.9567	0.3	400	1	1	1
2691	518044	2014	6	18:39:00	IA	0	1	0	0	0.2	0.005	42.7918	-92.823	4.71	100	1	1	1
2692	518049	2014	6	18:52:00	IA	0	1	0	0	0.2	0.002	42.7849	-92.6323	2.12	120	1	1	1
2693	513994	2014	6	20:30:00	IA	0	1	0	0	0.15	0.0	42.5412	-91.6484	13.9	50	1	1	1
2694	518334	2014	6	21:45:00	WI	0	2	5	0	11.5	0.002	42.7376	-90.5188	3.76	100	1	1	1
2695	518335	2014	6	21:49:00	WI	0	1	0	0	0.54	0.001	42.7521	-90.4731	0.49	25	1	1	1
2696	535028	2014	6	22:00:00	WI	0	1	0	0	1.5	0.0	42.8054	-90.3731	4.35	200	1	1	1
2697	516633	2014	6	22:00:00	WI	0	1	0	0	0.033	0.0	42.8119	-90.3672	1.17	50	1	1	1
2698	516605	2014	6	22:10:00	WI	0	1	0	0	0.02	0.0	42.8208	-90.2636	0.41	100	1	1	1
2699	531088	2014	6	22:36:00	WI	0	1	0	0	0.2	0.0	42.825	-89.7828	0.51	125	1	1	1
2700	531080	2014	6	22:36:00	WI	0	1	0	0	0.05	0.0	42.8157	-89.7947	0.4	125	1	1	1
2701	531145	2014	6	23:08:00	WI	0	3	0	0	14.0	0.0	43.0024	-89.5579	0.96	100	1	1	1
2702	531149	2014	6	23:15:00	WI	0	2	0	0	5.0	0.0	43.0431	-89.4799	0.22	200	1	1	1
2703	531164	2014	6	23:21:00	WI	0	1	0	0	0.3	0.0	43.0772	-89.3696	1.49	300	1	1	1
2704	516599	2014	6	03:40:00	WI	0	1	0	0	0.3	0.0	42.5323	-89.6119	6.78	641	1	1	1
2705	531670	2014	6	09:57:00	MI	0	1	0	0	0.14	0.0	44.3722	-83.8247	1.58	100	1	1	1
2706	514393	2014	6	18:57:00	NE	0	1	0	0	0.01	0.0	42.5606	-97.3137	3.94	630	1	1	1
2707	514395	2014	6	19:09:00	NE	0	3	0	0	2.0	0.0	42.5371	-97.2563	3.96	2059	1	1	1
2708	514397	2014	6	20:10:00	NE	0	1	0	0	0.025	0.0	42.5078	-97.0519	3.39	850	1	1	1
2709	514399	2014	6	20:28:00	NE	0	2	0	0	0.05	0.0	42.4822	-97.0599	0.94	200	1	1	1
2710	514401	2014	6	20:45:00	NE	0	2	0	0	0.27	0.0	42.4988	-97.0407	7.81	850	1	1	1
2711	520531	2014	6	21:44:00	SD	0	2	0	0	0.1	0.0	43.5975	-97.0583	3.37	400	1	1	1
2712	529174	2014	6	17:05:00	SD	0	1	0	0	0.0	0.0	44.2509	-99.3672	0.73	40	1	1	1
2713	524720	2014	6	17:58:00	SD	0	1	0	0	0.015	0.0	44.0487	-98.8351	0.67	50	1	1	1
2714	524718	2014	6	18:01:00	SD	0	1	0	0	0.05	0.0	43.948	-98.7844	6.83	150	1	1	1
2715	524721	2014	6	18:08:00	SD	0	2	0	0	0.02	0.0	44.0635	-98.8025	0.77	100	1	1	1
2716	524716	2014	6	18:30:00	SD	0	2	1	0	5.2	0.0	44.0725	-98.573	2.22	200	1	1	1
2717	524717	2014	6	18:43:00	SD	0	4	2	0	0.3	0.0	44.0372	-98.4032	11.5	880	1	1	1
2718	524719	2014	6	18:45:00	SD	0	2	0	0	0.025	0.0	44.034	-98.8908	1.09	100	1	1	1
2719	518362	2014	6	14:04:00	IA	0	1	0	0	0.05	0.0	42.4483	-91.3733	15.69	75	1	1	1
2720	533230	2014	6	19:35:00	MN	0	1	0	0	0.005	0.0	47.63	-96.4411	2.0	300	1	1	1
2721	530937	2014	6	16:55:00	OH	0	1	0	0	0.75	0.0	41.2301	-81.8305	1.72	120	1	1	1
2722	530638	2014	6	11:30:00	IN	0	1	0	0	0.01	0.0	39.4986	-86.6312	0.25	75	1	1	1
2723	530620	2014	6	12:32:00	IN	0	1	0	0	1.5	0.0	39.7257	-86.3496	2.84	75	1	1	1
2724	517238	2014	6	14:03:00	WI	0	1	0	0	1.2	0.0	44.9294	-91.7668	7.02	100	1	1	1
2725	531385	2014	6	05:05:00	KS	0	1	0	0	0.05	0.0	38.82	-100.56	1.0	50	1	1	1
2726	524562	2014	6	19:18:00	IA	0	1	0	0	0.03	0.002	42.3471	-92.6911	1.9	50	1	1	1
2727	524271	2014	6	19:25:00	IA	0	1	0	0	0.001	0.002	42.268	-93.0937	1.27	75	1	1	1
2728	527052	2014	6	20:55:00	MO	0	1	0	0	0.0	0.0	40.3532	-93.4855	6.31	300	1	1	1
2729	518336	2014	6	21:00:00	WI	0	1	0	0	0.41	0.006	42.9988	-90.6404	8.18	600	1	1	1
2730	531379	2014	6	21:18:00	WI	0	2	0	0	3.5	0.0	43.0123	-90.4216	29.07	400	1	1	1
2731	531383	2014	6	21:26:00	WI	0	2	0	0	0.4	0.0	42.9705	-90.2243	5.05	200	1	1	1
2732	531395	2014	6	22:27:00	WI	0	1	0	0	0.05	0.0	42.9541	-89.3773	2.32	500	1	1	1
2733	518367	2014	6	23:30:00	IL	0	1	0	0	0.05	0.0	41.9613	-90.1153	2.24	600	1	1	1
2734	527053	2014	6	23:45:00	MO	0	1	0	0	0.0	0.0	40.4616	-92.5177	4.74	300	1	1	1
2735	516316	2014	6	11:42:00	IA	0	1	0	0	0.2	0.025	41.4638	-94.4672	7.12	200	1	1	1
2736	526790	2014	6	12:02:00	IA	0	1	0	0	0.17	0.025	42.1635	-93.2637	7.54	460	1	1	1
2737	516318	2014	6	12:13:00	IA	0	1	0	0	0.01	0.02	41.4042	-93.9532	1.34	75	1	1	1
2738	526807	2014	6	12:15:00	IA	0	1	0	0	0.102	0.012	42.1714	-93.1434	11.01	190	1	1	1
2739	525397	2014	6	12:15:00	IA	0	1	0	0	0.1	0.005	41.3993	-93.9163	6.38	400	1	1	1
2740	526839	2014	6	12:27:00	IA	0	1	0	0	0.001	0.0	41.3891	-93.7385	2.03	190	1	1	1
2741	516317	2014	6	13:02:00	IA	0	2	0	0	0.15	0.025	42.2117	-92.5253	3.7	150	1	1	1
2742	520338	2014	6	13:27:00	IA	0	1	0	0	0.0	0.0	42.2264	-91.9131	0.43	75	1	1	1
2743	527457	2014	6	17:43:00	MO	0	1	0	0	0.0	0.0	40.3844	-94.3019	2.15	300	1	1	1
2744	530902	2014	6	20:16:00	IL	0	1	0	0	0.25	0.0	41.5886	-88.9526	1.51	50	1	1	1
2745	527054	2014	6	20:34:00	MO	0	1	0	0	0.0	0.0	39.2136	-94.3742	0.8	200	1	1	1
2746	530903	2014	6	20:38:00	IL	0	1	0	0	0.05	0.0	41.4817	-88.5843	1.15	50	1	1	1
2747	530905	2014	6	20:55:00	IL	0	1	0	0	0.5	0.0	41.6272	-88.1846	3.06	75	1	1	1
2748	531478	2014	6	21:25:00	IL	0	1	0	0	0.5	0.0	41.2556	-87.7816	4.07	200	1	1	1
2749	531480	2014	6	21:25:00	IL	0	1	0	0	0.05	0.0	41.2491	-87.7427	8.69	150	1	1	1
2750	531479	2014	6	21:26:00	IL	0	1	0	0	0.1	0.0	41.2639	-87.7219	3.05	300	1	1	1
2751	531481	2014	6	21:29:00	IL	0	1	0	0	0.0	0.0	41.2005	-87.6639	2.15	225	1	1	1
2752	531482	2014	6	21:31:00	IL	0	1	0	0	0.005	0.0	41.1867	-87.6391	3.09	150	1	1	1
2753	531485	2014	6	21:32:00	IL	0	1	0	0	0.25	0.0	41.2651	-87.5685	2.35	200	2	1	2
2754	531485	2014	6	21:32:00	IL	0	1	0	0	0.25	0.0	41.2651	-87.5685	3.4	200	2	0	1
2755	531491	2014	6	21:33:00	IL	0	1	0	0	0.15	0.0	41.2624	-87.554	1.66	100	1	1	1
2756	531493	2014	6	21:35:00	IN	0	1	0	0	0.015	0.0	41.1863	-87.5263	6.24	300	1	1	1
2757	531485	2014	6	21:35:00	IN	0	1	0	0	0.0	0.0	41.2782	-87.5267	1.05	200	2	1	2
2758	531494	2014	6	21:38:00	IN	0	1	0	0	0.1	0.0	41.2609	-87.4869	9.92	500	1	1	1
2759	531591	2014	6	21:39:00	IN	0	1	0	0	0.0	0.0	41.2537	-87.4601	2.57	250	1	1	1
2760	531590	2014	6	21:39:00	IN	0	1	0	0	0.005	0.0	41.2784	-87.4677	2.01	150	1	1	1
2761	531592	2014	6	21:42:00	IN	0	1	0	0	0.1	0.0	41.1918	-87.4071	3.85	300	1	1	1
2762	531593	2014	6	21:49:00	IN	0	1	0	0	0.5	0.0	41.1888	-87.2757	6.26	200	1	1	1
2763	531594	2014	6	21:55:00	IN	0	1	0	0	0.01	0.0	41.223	-87.128	0.94	100	1	1	1
2764	530497	2014	6	22:11:00	IN	0	1	0	0	0.0	0.0	41.5625	-86.858	0.26	200	1	1	1
2765	529960	2014	6	22:24:00	IN	0	1	0	0	0.0	0.0	41.4787	-86.6837	4.72	200	1	1	1
2766	530498	2014	6	22:25:00	IN	0	1	0	0	0.0	0.0	41.4189	-86.6409	4.93	400	1	1	1
2767	530499	2014	6	22:29:00	IN	0	1	0	0	0.0	0.0	41.4187	-86.5304	4.85	400	1	1	1
2768	530732	2014	6	22:35:00	IN	0	1	0	0	0.0	0.0	41.346	-86.4435	6.85	150	1	1	1
2769	530733	2014	6	22:41:00	IN	0	1	0	0	0.0	0.0	41.361	-86.2893	0.16	50	1	1	1
2770	538299	2014	6	23:06:00	IN	0	1	0	0	0.0	0.0	41.1979	-85.9217	0.55	150	1	1	1
2771	538340	2014	6	23:08:00	IN	0	1	0	0	0.0	0.0	41.0314	-85.8965	7.01	150	1	1	1
2772	538500	2014	6	23:22:00	IN	0	1	0	0	0.0	0.0	41.0516	-85.6567	0.45	50	1	1	1
2773	538502	2014	6	23:38:00	IN	0	1	0	0	0.0	0.0	41.6414	-85.4396	0.93	50	1	1	1
2774	528410	2014	6	16:02:00	IA	0	2	0	0	0.0	0.0	41.3174	-95.5606	2.81	680	1	1	1
2775	510331	2014	6	21:30:00	KS	0	3	2	0	0.0	0.0	39.97	-96.0455	6.33	500	1	1	1
2776	517822	2014	6	21:33:00	NE	0	1	0	0	0.5	2.0	40.9207	-97.903	4.12	700	1	1	1
2777	510332	2014	6	22:24:00	KS	0	1	0	0	0.0	0.0	39.7204	-95.466	2.62	200	1	1	1
2778	513162	2014	6	13:51:00	NE	0	1	0	0	0.0	0.0	42.1761	-96.5012	1.49	100	1	1	1
2779	520103	2014	6	14:00:00	MO	0	1	0	0	0.01	0.0	36.5218	-89.4644	3.41	200	3	1	2
2780	533105	2014	7	20:30:00	IL	0	1	0	0	0.0	0.01	41.2674	-90.6666	3.7	100	1	1	1
2781	533109	2014	7	20:46:00	IL	0	1	0	0	0.0	0.0	41.2387	-90.5289	2.78	50	1	1	1
2782	533112	2014	7	21:00:00	IL	0	1	0	0	0.0	0.0	41.2141	-90.4256	0.66	50	1	1	1
2783	523679	2014	7	19:29:00	ND	0	1	0	0	0.0	0.0	47.82	-97.57	8.0	300	1	1	1
2784	523695	2014	7	19:52:00	MN	0	2	0	0	0.0	0.0	47.7	-96.86	37.92	800	1	1	1
2785	517645	2014	7	18:58:00	IA	0	1	0	0	0.2	0.05	42.3327	-92.6384	3.21	100	1	1	1
2786	517646	2014	7	19:12:00	IA	0	1	0	0	0.025	0.2	42.2878	-92.5499	9.68	225	1	1	1
2787	520838	2014	7	20:20:00	MI	0	1	6	0	4.5	0.0	42.85	-85.7	6.25	400	1	1	1
2788	535427	2014	7	11:33:00	OH	0	1	0	0	0.078	0.0	41.2422	-82.003	8.3	200	1	1	1
2789	535429	2014	7	11:43:00	OH	0	1	0	0	0.02	0.0	41.2702	-81.7612	1.57	200	1	1	1
2790	540688	2014	8	17:31:00	SD	0	1	0	0	0.0	0.0	45.48	-98.98	1.46	10	1	1	1
2791	533876	2014	8	17:30:00	KS	0	1	0	0	0.0	0.0	38.72	-98.92	2.0	220	1	1	1
2792	533461	2014	8	19:36:00	IA	0	1	0	0	0.2	0.005	42.3072	-94.0661	3.32	40	1	1	1
2793	543446	2014	9	01:40:00	MO	0	1	0	0	0.0	0.0	40.17	-92.74	18.27	20	1	1	1
2794	535602	2014	9	17:19:00	MN	0	2	0	0	0.6	0.1	48.86	-97.02	10.0	500	1	1	1
2795	535622	2014	9	18:21:00	MN	0	1	0	0	0.3	0.1	48.7	-96.38	7.0	300	1	1	1
2796	540312	2014	9	03:47:00	MI	0	1	0	0	0.4	0.0	42.7	-83.19	1.23	150	1	1	1
2797	544375	2014	9	11:47:00	MI	0	1	0	0	0.16	0.0	44.8064	-85.0215	4.02	125	1	1	1
2798	544378	2014	9	12:16:00	MI	0	1	0	0	0.085	0.0	44.7577	-84.7721	9.14	75	1	1	1
2799	544374	2014	9	12:42:00	MI	0	1	0	0	0.215	0.0	44.9133	-84.5127	7.21	210	1	1	1
2800	532082	2014	9	19:25:00	KS	0	1	0	0	0.0	0.0	37.0552	-96.5181	7.4	100	1	1	1
2801	542342	2014	9	21:43:00	MO	0	1	0	0	0.0	0.0	38.4299	-90.6635	6.4	60	1	1	1
2802	532297	2014	9	22:13:00	MO	0	1	0	0	0.05	0.0	37.0272	-94.4483	2.22	100	1	1	1
2803	532303	2014	9	22:14:00	MO	0	1	0	0	0.0	0.0	37.0257	-94.427	2.7	400	1	1	1
2804	533367	2014	9	03:17:00	ND	0	1	0	0	0.0	0.0	46.65	-97.25	11.64	250	1	1	1
2805	533372	2014	9	03:48:00	MN	0	2	0	0	0.01	0.01	46.5	-96.27	2.7	200	1	1	1
2806	533380	2014	9	04:42:00	MN	0	1	0	0	0.003	0.0	46.49	-95.39	2.0	250	1	1	1
2807	533721	2014	9	15:29:00	NE	0	1	0	0	0.05	0.1	40.6237	-95.9883	7.72	965	1	1	1
2808	602065	2015	11	13:48:00	IA	0	1	0	0	1.45	0.0	41.4682	-95.3943	10.21	150	1	1	1
2809	602617	2015	11	14:00:00	IA	0	1	0	0	0.405	0.0	40.7157	-94.5585	21.8	450	1	1	1
2810	602681	2015	11	14:09:00	IA	0	1	0	0	0.125	0.0	40.656	-94.3396	12.18	280	1	1	1
2811	609091	2015	11	14:35:00	IA	0	1	0	0	0.005	0.0	40.7594	-94.0373	11.17	200	1	1	1
2812	602866	2015	11	14:51:00	IA	0	1	0	0	0.025	0.0	41.3113	-94.1384	10.07	75	1	1	1
2813	609081	2015	11	14:59:00	IA	0	1	0	0	0.01	0.0	41.593	-94.1424	11.28	100	1	1	1
2814	609097	2015	11	15:22:00	IA	0	2	0	0	0.35	0.0	40.8432	-93.0872	13.03	190	1	1	1
2815	609106	2015	11	15:42:00	IA	0	1	1	0	0.35	0.0	41.29	-93.1315	4.38	100	1	1	1
2816	609115	2015	11	16:16:00	IA	0	1	0	0	0.001	0.0	41.3151	-92.4225	24.64	130	1	1	1
2817	609116	2015	11	16:20:00	IA	0	2	0	0	0.076	0.0	41.4245	-92.4992	6.6	150	1	1	1
2818	608819	2015	11	16:40:00	MO	0	1	0	0	0.0	0.0	40.4557	-92.0875	2.52	75	1	1	1
2819	608750	2015	11	18:36:00	IA	0	1	0	0	0.0	0.0	41.6	-90.343	2.37	100	1	1	1
2820	608810	2015	11	18:39:00	IL	0	1	0	0	0.0	0.0	41.5025	-90.167	4.23	50	1	1	1
2821	603778	2015	11	17:34:00	KS	0	1	0	0	0.0	0.0	39.1161	-100.471	18.47	300	1	1	1
2822	609658	2015	11	17:38:00	KS	0	3	0	0	0.0	0.0	37.0933	-100.87	51.26	2000	1	1	1
2823	609643	2015	11	17:56:00	KS	0	2	0	0	0.0	0.0	38.2908	-100.294	16.52	1500	1	1	1
2824	609664	2015	11	18:19:00	KS	0	1	0	0	0.0	0.0	37.3593	-100.516	6.33	100	1	1	1
2825	609650	2015	11	18:27:00	KS	0	1	0	0	0.0	0.0	38.5343	-99.998	3.93	200	1	1	1
2826	604401	2015	11	18:36:00	KS	0	1	0	0	0.0	0.0	39.5828	-100.056	6.0	100	1	1	1
2827	609667	2015	11	18:55:00	KS	0	2	0	0	0.0	0.0	37.6301	-100.233	14.94	500	1	1	1
2828	604402	2015	11	19:10:00	KS	0	1	0	0	0.083	0.0	39.8386	-99.8382	3.85	400	1	1	1
2829	607171	2015	11	19:24:00	KS	0	1	0	0	0.05	0.0	39.9172	-99.7508	18.45	400	2	0	1
2830	607171	2015	11	19:31:00	NE	0	1	0	0	0.05	0.0	40.0022	-99.7254	12.71	400	2	1	2
2831	609656	2015	11	20:13:00	KS	0	1	0	0	0.0	0.0	36.9996	-99.3067	16.08	810	1	1	1
2832	609655	2015	11	20:19:00	KS	0	1	0	0	0.0	0.0	39.0255	-99.986	0.8	100	1	1	1
2833	609657	2015	11	20:38:00	KS	0	1	0	0	0.0	0.0	37.2193	-99.1161	5.31	460	1	1	1
2834	606169	2015	11	06:13:00	MI	0	1	0	0	0.04	0.0	43.336	-82.763	3.64	150	1	1	1
2835	609789	2015	12	09:43:00	MO	0	1	0	0	0.09	0.0	36.9198	-90.9328	6.0	100	1	1	1
2836	609790	2015	12	09:56:00	MO	0	1	0	0	0.005	0.0	37.07	-90.7726	2.95	50	1	1	1
2837	609791	2015	12	10:08:00	MO	0	1	0	0	0.05	0.0	37.1851	-90.5636	3.04	75	1	1	1
2838	609767	2015	12	11:23:00	IL	0	1	0	0	0.175	0.0	38.08	-89.2973	5.03	200	1	1	1
2839	609776	2015	12	12:30:00	IL	0	1	0	0	0.013	0.0	38.3499	-88.1894	4.28	100	1	1	1
2840	609779	2015	12	12:32:00	IL	0	1	0	0	0.075	0.0	38.08	-88.1976	1.58	100	1	1	1
2841	613448	2015	12	14:42:00	IN	0	1	0	0	0.025	0.0	39.6061	-86.1638	0.3	40	1	1	1
2842	613473	2015	12	14:55:00	IN	0	1	0	0	0.05	0.0	40.016	-86.0718	0.7	140	1	1	1
2843	613494	2015	12	15:13:00	IN	0	1	0	0	0.025	0.0	39.4519	-85.4827	0.78	50	1	1	1
2844	610066	2015	12	16:15:00	IL	0	1	0	0	0.0	0.0	40.5391	-90.7834	10.7	50	1	1	1
2845	610064	2015	12	16:34:00	IA	0	1	0	0	0.0	0.0	42.0507	-91.7219	2.25	50	1	1	1
2846	610065	2015	12	17:38:00	IA	0	1	0	0	0.0	0.0	42.6083	-91.0986	1.1	25	1	1	1
2847	607429	2015	12	17:43:00	MI	0	1	0	0	0.5	0.0	42.33	-83.463	1.96	100	1	1	1
2848	564586	2015	4	17:38:00	KS	0	1	0	0	0.15	0.0	39.0145	-98.4014	0.2	40	1	1	1
2849	562235	2015	4	22:25:00	MO	0	1	0	0	0.02	0.0	36.53	-94.18	12.39	100	1	1	1
2850	562231	2015	4	23:26:00	MO	0	1	0	0	0.015	0.0	36.9732	-92.3045	0.92	100	1	1	1
2851	562238	2015	4	23:52:00	MO	0	2	0	0	0.6	0.0	36.91	-91.93	7.61	440	1	1	1
2852	566993	2015	4	13:20:00	IN	0	1	0	0	0.43	0.0	38.155	-87.58	9.56	500	1	1	1
2853	566995	2015	4	13:47:00	IN	0	1	0	0	0.1	0.0	38.0442	-87.1655	1.5	300	1	1	1
2854	566996	2015	4	13:54:00	IN	0	1	0	0	0.012	0.0	38.08	-87.0924	3.49	200	1	1	1
2855	563810	2015	4	14:27:00	IN	0	1	0	0	0.005	0.0	38.1907	-86.6108	2.6	100	1	1	1
2856	588586	2015	4	14:30:00	MO	0	1	0	0	0.0	0.0	37.9446	-90.7992	4.1	300	1	1	1
2857	565380	2015	4	16:04:00	IA	0	1	0	0	0.01	0.0	41.6353	-90.8953	25.24	100	2	1	2
2858	565380	2015	4	16:04:00	IA	0	1	0	0	0.01	0.0	41.6353	-90.8953	29.15	100	2	0	1
2859	565382	2015	4	16:24:00	IA	0	1	0	0	0.01	0.0	41.7589	-90.6176	5.7	100	1	1	1
2860	565380	2015	4	16:54:00	IL	0	1	0	0	0.0	0.0	41.8732	-90.1704	3.91	75	2	1	2
2861	565407	2015	4	17:02:00	IL	0	1	0	0	0.0	0.0	41.9233	-90.0757	8.3	50	1	1	1
2862	574336	2015	4	17:39:00	IL	0	4	11	2	19.0	0.0	41.853	-89.2896	30.14	700	1	1	1
2863	574250	2015	4	18:15:00	IL	0	1	0	0	0.08	0.0	42.1334	-88.8776	4.01	100	1	1	1
2864	574334	2015	4	18:25:00	IL	0	1	0	0	0.15	0.0	42.1942	-88.7748	3.92	50	1	1	1
2865	574335	2015	4	18:50:00	IL	0	1	0	0	0.0	0.0	42.3982	-88.5309	0.32	30	1	1	1
2866	576974	2015	5	09:21:00	SD	0	2	9	0	1.5	0.0	43.0923	-98.2234	16.16	400	1	1	1
2867	565904	2015	5	18:10:00	IA	0	1	0	0	1.025	0.0	42.1467	-94.8402	23.34	700	1	1	1
2868	567775	2015	5	15:33:00	MN	0	1	0	0	0.25	0.0	45.0499	-95.7361	1.83	50	1	1	1
2869	567009	2015	5	16:33:00	MN	0	1	0	0	0.05	0.0	45.1615	-95.5148	3.07	100	1	1	1
2870	566854	2015	5	16:37:00	KS	0	1	0	0	0.0	0.0	38.403	-95.986	0.18	50	1	1	1
2871	568447	2015	5	22:15:00	MO	0	2	0	0	0.0	0.0	39.14	-94.22	10.03	250	1	1	1
2872	568449	2015	5	22:51:00	MO	0	1	0	0	0.0	0.0	39.51	-94.03	2.82	100	1	1	1
2873	568445	2015	5	23:05:00	MO	0	1	0	0	0.0	0.0	38.39	-94.39	0.88	100	1	1	1
2874	566509	2015	5	00:38:00	MO	0	1	0	0	0.1	0.0	36.9559	-93.8971	4.53	100	1	1	1
2875	575680	2015	5	01:40:00	IA	0	1	0	0	0.05	0.005	41.3937	-93.9169	1.54	110	1	1	1
2876	575681	2015	5	01:40:00	IA	0	1	0	0	0.0	0.002	41.4158	-93.8957	1.49	100	1	1	1
2877	567867	2015	5	11:15:00	MO	0	1	0	0	0.4	0.0	38.101	-93.7149	5.03	200	1	1	1
2878	571435	2015	5	16:42:00	IA	0	1	0	0	0.01	0.0	40.7551	-91.4801	0.1	25	1	1	1
2879	567869	2015	5	16:59:00	MO	0	1	0	0	0.075	0.0	36.5844	-92.7068	4.66	200	1	1	1
2880	571440	2015	5	17:50:00	IL	0	2	0	0	0.03	0.0	41.2527	-90.9854	6.75	50	1	1	1
2881	586883	2015	5	20:37:00	KS	0	1	0	0	1.0	0.0	37.2318	-100.685	10.87	1200	1	1	1
2882	586927	2015	5	21:47:00	KS	0	1	0	0	0.0	0.0	37.4104	-100.459	13.2	800	1	1	1
2883	586930	2015	5	22:26:00	KS	0	2	0	0	0.0	0.0	37.5337	-100.319	14.62	250	1	1	1
2884	586932	2015	5	23:20:00	KS	0	1	0	0	0.0	0.0	37.6688	-100.099	6.43	75	1	1	1
2885	582903	2015	5	08:59:00	IL	0	1	0	0	0.01	0.0	41.3229	-90.0515	4.0	50	1	1	1
2886	582905	2015	5	08:59:00	IA	0	1	0	0	0.0	0.0	42.2293	-90.7467	0.13	25	1	1	1
2887	582904	2015	5	09:46:00	IL	0	1	0	0	0.015	0.0	41.5204	-89.4423	2.4	50	1	1	1
2888	568158	2015	5	15:16:00	OH	0	1	2	0	0.75	0.0	39.6968	-84.1031	0.59	70	1	1	1
2889	586966	2015	5	16:14:00	KS	0	1	0	0	1.0	0.0	37.591	-100.951	2.39	150	1	1	1
2890	589189	2015	5	22:20:00	IL	0	1	0	0	0.0	0.0	39.269	-90.4506	4.68	200	1	1	1
2891	581681	2015	5	18:47:00	IN	0	1	0	0	0.049	0.0	39.7415	-86.0771	0.28	40	1	1	1
2892	585176	2015	5	17:58:00	KS	0	1	0	0	0.0	0.0	38.0284	-100.657	4.46	200	1	1	1
2893	576437	2015	5	14:55:00	KS	0	2	1	0	1.5	0.0	39.7781	-98.3652	12.58	350	1	1	1
2894	576460	2015	5	15:18:00	NE	0	1	0	0	1.5	0.0	40.4321	-98.5591	3.87	300	1	1	1
2895	576468	2015	5	15:38:00	NE	0	1	0	0	0.25	0.0	40.0105	-98.1705	9.47	200	1	1	1
2896	576454	2015	5	15:48:00	KS	0	2	0	0	1.25	0.0	39.9476	-97.9662	4.39	400	2	1	2
2897	576454	2015	5	15:48:00	KS	0	2	0	0	4.25	0.0	39.9476	-97.9662	20.12	400	2	0	1
2898	565780	2015	5	15:49:00	KS	0	3	1	0	0.63	0.0	37.8404	-97.6507	16.48	300	1	1	1
2899	576458	2015	5	15:54:00	KS	0	1	0	0	0.25	0.0	39.7484	-97.9644	4.28	250	1	1	1
2900	576455	2015	5	15:58:00	NE	0	2	0	0	3.0	0.0	40.0021	-97.9231	15.73	400	2	1	2
2901	576459	2015	5	16:04:00	KS	0	1	0	0	0.005	0.0	39.583	-97.9497	3.11	60	1	1	1
2902	565932	2015	5	16:08:00	KS	0	1	0	0	0.0	0.0	39.814	-97.93	2.13	75	1	1	1
2903	565934	2015	5	16:20:00	KS	0	2	0	0	0.0	0.0	39.6838	-97.8974	25.17	800	2	1	2
2904	565934	2015	5	16:20:00	KS	0	2	0	0	1.0	0.0	39.6838	-97.8974	36.24	800	2	0	1
2905	565934	2015	5	17:04:00	NE	0	2	0	0	1.0	0.0	40.0027	-97.6615	11.07	800	2	1	2
2906	565935	2015	5	18:14:00	KS	0	3	0	0	0.0	0.0	39.8584	-97.5478	1.87	100	1	1	1
2907	565937	2015	5	18:38:00	KS	0	1	0	0	0.0	0.0	39.7119	-97.7802	2.38	75	1	1	1
2908	565973	2015	5	20:56:00	KS	0	1	0	0	0.0	0.0	39.5963	-97.3324	4.05	75	1	1	1
2909	566237	2015	5	21:49:00	NE	0	1	0	0	0.0	0.0	40.5058	-96.7087	7.67	500	1	1	1
2910	586577	2015	5	15:02:00	KS	0	1	0	0	0.04	0.0	37.6042	-100.535	0.24	50	1	1	1
2911	573088	2015	5	19:38:00	KS	0	1	0	0	0.05	0.0	39.045	-100.634	6.07	50	1	1	1
2912	573099	2015	5	20:50:00	KS	0	2	0	0	0.075	0.0	39.4356	-100.615	18.75	150	1	1	1
2913	573104	2015	5	21:43:00	KS	0	1	0	0	0.006	0.0	39.7923	-100.607	11.74	50	1	1	1
2914	577016	2015	6	16:25:00	IL	0	1	0	0	0.0	0.01	41.266	-90.7081	5.94	50	1	1	1
2915	589985	2015	6	17:45:00	MO	0	1	0	0	0.0	0.0	38.9572	-91.1576	1.95	50	1	1	1
2916	588485	2015	6	18:32:00	IL	0	1	0	0	0.1	0.0	41.3215	-88.0269	4.11	150	1	1	1
2917	591858	2015	6	17:07:00	OH	0	1	0	0	0.11	0.0	40.9768	-81.4045	8.52	100	1	1	1
2918	595693	2015	6	11:30:00	IL	0	1	0	0	0.0	0.0	38.5691	-88.8535	1.67	50	1	1	1
2919	578500	2015	6	14:57:00	IL	0	1	0	0	0.005	0.0	37.5354	-88.9318	0.4	50	1	1	1
2920	578502	2015	6	15:51:00	IL	0	1	0	0	0.5	0.0	37.8798	-88.9586	0.92	150	1	1	1
2921	578497	2015	6	15:53:00	IL	0	1	0	0	0.025	0.0	37.7664	-89.3171	0.2	75	1	1	1
2922	590568	2015	6	20:57:00	SD	0	2	0	0	0.1	0.0	44.417	-103.007	19.69	100	1	1	1
2923	588662	2015	6	17:09:00	IA	0	1	0	0	0.08	0.011	41.1178	-92.6485	3.57	175	1	1	1
2924	590307	2015	6	18:01:00	IA	0	1	0	0	0.05	0.01	41.1662	-91.6874	1.38	75	1	1	1
2925	590313	2015	6	18:18:00	IA	0	1	2	0	0.1	0.01	40.9177	-91.48	3.45	75	1	1	1
2926	610626	2015	6	18:32:00	IA	0	1	0	0	0.3	0.0	40.8123	-91.2844	2.92	50	1	1	1
2927	610626	2015	6	18:32:00	IA	0	1	0	0	0.3	0.0	40.8123	-91.2844	2.92	50	1	1	1
2928	590448	2015	6	18:34:00	IA	0	1	0	0	0.0	0.0	40.6694	-91.3607	4.41	50	1	1	1
2929	575189	2015	6	01:26:00	MN	0	1	0	0	0.0	0.0	47.3	-95.97	0.23	30	1	1	1
2930	574207	2015	6	07:21:00	IA	0	1	2	0	0.1	0.1	42.7452	-91.8142	1.52	50	1	1	1
2931	583118	2015	6	12:30:00	MI	0	1	5	0	3.2	0.0	42.89	-84.96	4.61	100	1	1	1
2932	580230	2015	6	16:05:00	IA	0	3	0	0	0.15	0.023	41.1657	-93.1169	11.12	575	1	1	1
2933	580234	2015	6	16:50:00	IA	0	2	0	0	0.125	0.005	41.0234	-92.8428	1.71	290	1	1	1
2934	590445	2015	6	18:14:00	IL	0	1	0	0	0.0	0.0	41.7909	-89.6702	2.18	75	1	1	1
2935	590446	2015	6	18:15:00	IL	0	2	0	0	0.0	0.0	41.3839	-90.7945	4.22	440	1	1	1
2936	577066	2015	6	18:16:00	IL	0	1	0	0	0.0	0.0	41.736	-89.6509	2.51	50	1	1	1
2937	590629	2015	6	18:28:00	IL	0	1	0	0	0.0	0.0	41.7436	-89.5917	7.44	50	1	1	1
2938	590631	2015	6	18:53:00	IL	0	2	7	0	1.0	0.0	41.6565	-89.3213	7.8	880	1	1	1
2939	590633	2015	6	19:19:00	IL	0	1	0	0	0.1	0.0	41.5536	-89.1334	1.48	150	1	1	1
2940	590635	2015	6	19:50:00	IL	0	1	0	0	0.1	0.0	41.4701	-88.8719	6.04	150	1	1	1
2941	572939	2015	6	20:00:00	MI	0	2	2	0	0.6	0.0	43.2542	-83.7432	11.27	250	1	1	1
2942	591534	2015	6	20:07:00	MI	0	1	0	0	0.501	0.0	43.5031	-83.1308	22.94	250	1	1	1
2943	590637	2015	6	20:17:00	IL	0	1	0	0	0.05	0.0	41.3996	-88.6139	7.05	150	1	1	1
2944	590644	2015	6	20:45:00	IL	0	3	7	0	25.25	0.0	41.3082	-88.3823	16.26	1320	1	1	1
2945	590653	2015	6	21:08:00	IL	0	1	0	0	0.0	0.0	41.1785	-87.8896	2.24	300	1	1	1
2946	573550	2015	6	23:31:00	MI	0	1	0	0	0.3	0.0	42.1883	-84.0323	4.33	100	1	1	1
2947	575199	2015	6	15:02:00	ND	0	1	0	0	0.0	0.0	48.63	-98.07	0.91	120	1	1	1
2948	575200	2015	6	15:09:00	ND	0	1	0	0	0.0	0.0	48.58	-97.97	3.0	150	1	1	1
2949	576140	2015	6	15:36:00	ND	0	1	0	0	0.0	0.0	47.84	-98.07	4.8	75	1	1	1
2950	575228	2015	6	15:55:00	ND	0	1	0	0	0.0	0.0	48.18	-97.69	5.29	150	1	1	1
2951	575250	2015	6	16:48:00	ND	0	1	0	0	0.0	0.0	47.4	-97.61	3.23	800	1	1	1
2952	575254	2015	6	17:02:00	ND	0	2	0	0	0.0	0.0	47.72	-97.38	3.0	400	1	1	1
2953	575260	2015	6	17:13:00	ND	0	1	0	0	0.0	0.0	47.3	-97.51	3.45	300	1	1	1
2954	576150	2015	6	19:22:00	ND	0	1	0	0	0.0	0.0	46.27	-96.98	2.03	75	1	1	1
2955	576151	2015	6	19:44:00	ND	0	1	0	0	0.0	0.0	46.13	-96.77	0.84	100	1	1	1
2956	597914	2015	6	17:23:00	MO	0	1	0	0	0.0	0.0	39.2543	-91.0863	2.48	50	1	1	1
2957	598035	2015	6	19:04:00	MO	0	2	0	0	0.0	0.0	38.8389	-90.6419	2.26	400	1	1	1
2958	580044	2015	6	17:10:00	ND	0	1	0	0	0.0	0.0	47.416	-104.045	12.22	50	2	1	2
2959	591919	2015	6	19:24:00	ND	0	1	0	0	0.165	0.075	45.98	-103.42	2.6	80	2	1	2
2960	591919	2015	6	19:24:00	ND	0	1	0	0	0.165	0.075	45.98	-103.42	3.85	80	2	0	1
2961	576120	2015	6	21:15:00	KS	0	1	0	0	0.2	0.0	39.3362	-98.5238	0.97	125	1	1	1
2962	576121	2015	6	21:17:00	KS	0	1	0	0	0.25	0.0	39.3453	-98.492	1.21	100	1	1	1
2963	575684	2015	6	00:41:00	IA	0	1	0	0	0.09	0.0	42.0014	-93.6102	0.92	35	1	1	1
2964	588432	2015	6	16:31:00	IN	0	1	0	0	0.0	0.0	41.2438	-86.8235	0.25	100	1	1	1
2965	580176	2015	7	16:48:00	MN	0	1	0	0	0.0	0.0	46.34	-95.53	2.01	150	1	1	1
2966	595624	2015	7	17:00:00	MN	0	1	0	0	0.0	0.0	46.23	-95.58	0.05	30	1	1	1
2967	595625	2015	7	17:21:00	MN	0	1	0	0	0.0	0.0	45.98	-96.02	1.96	100	1	1	1
2968	595628	2015	7	17:38:00	MN	0	2	0	0	1.4	0.4	46.38	-95.07	12.09	400	1	1	1
2969	580031	2015	7	17:34:00	KS	0	3	0	0	0.27	0.0	38.19	-97.99	5.32	350	1	1	1
2970	597339	2015	7	19:25:00	IN	0	1	0	0	0.05	0.0	39.7438	-86.7034	0.6	50	1	1	1
2971	597340	2015	7	19:27:00	IN	0	1	0	0	0.005	0.0	39.7472	-86.7403	0.07	25	1	1	1
2972	597117	2015	7	17:09:00	IL	0	1	0	0	0.025	0.0	40.8328	-90.9995	0.84	100	1	1	1
2973	597132	2015	7	17:49:00	IL	0	1	0	0	0.002	0.0	40.8338	-90.772	1.41	50	1	1	1
2974	597150	2015	7	18:00:00	IL	0	1	0	0	0.002	0.0	41.615	-90.3226	1.11	200	1	1	1
2975	597146	2015	7	18:09:00	IL	0	2	0	0	0.15	0.0	40.8741	-90.7009	1.72	300	1	1	1
2976	597164	2015	7	18:13:00	IL	0	2	1	0	1.5	0.0	40.8892	-90.5936	5.95	700	1	1	1
2977	593136	2015	7	22:39:00	IL	0	2	1	0	1.2	0.01	40.3618	-89.5496	2.39	250	1	1	1
2978	597336	2015	7	14:33:00	IN	0	1	0	0	0.035	0.0	40.3105	-86.7519	0.21	75	1	1	1
2979	597337	2015	7	14:38:00	IN	0	1	0	0	0.03	0.0	40.2811	-86.7357	0.38	100	1	1	1
2980	581263	2015	7	22:56:00	MN	0	1	0	0	0.25	0.1	44.945	-93.9889	5.14	100	1	1	1
2981	581577	2015	7	00:52:00	WI	0	1	0	0	0.01	0.0	44.7077	-92.0214	5.25	50	1	1	1
2982	595835	2015	7	13:40:00	WI	0	1	0	0	0.18	0.002	42.709	-88.8132	4.94	50	1	1	1
2983	594345	2015	7	19:30:00	SD	0	1	0	0	0.05	0.0	44.2042	-98.2169	2.8	440	1	1	1
2984	584623	2015	7	21:36:00	ND	0	1	0	0	0.0	0.0	47.83	-98.44	0.5	350	1	1	1
2985	595637	2015	7	22:51:00	ND	0	1	0	0	0.0	0.0	47.62	-97.28	0.4	25	1	1	1
2986	584651	2015	7	23:46:00	MN	0	1	0	0	0.0	0.0	47.47	-96.23	5.4	500	1	1	1
2987	593821	2015	7	17:51:00	MO	0	1	0	0	0.0	0.0	38.941	-94.385	0.93	100	1	1	1
2988	575541	2015	7	20:56:00	MO	0	1	0	0	0.5	0.0	38.2844	-93.4278	3.25	600	1	1	1
2989	577094	2015	7	15:38:00	WI	0	1	0	0	0.1	0.0	44.6627	-88.9492	0.75	75	1	1	1
2990	576616	2015	7	16:12:00	KS	0	1	0	0	0.0	0.0	38.9361	-95.122	8.3	250	1	1	1
2991	586764	2015	7	19:35:00	MO	0	1	0	0	0.06	0.01	37.1717	-89.5248	4.17	125	2	1	2
2992	586764	2015	7	19:35:00	MO	0	1	0	0	0.066	0.01	37.1717	-89.5248	6.26	125	2	0	1
2993	586764	2015	7	19:44:00	IL	0	1	0	0	0.006	0.0	37.2075	-89.4639	2.09	50	2	1	2
2994	588674	2015	8	19:56:00	WI	0	1	0	0	0.1	0.0	42.5881	-88.4311	4.93	75	1	1	1
2995	588680	2015	8	20:25:00	WI	0	1	0	0	0.046	0.0	42.832	-88.2669	2.47	50	1	1	1
2996	598015	2015	8	16:39:00	MI	0	1	0	0	0.05	0.0	43.7278	-83.3179	6.95	100	1	1	1
2997	585517	2015	8	17:21:00	IA	0	1	0	0	0.2	0.035	41.1807	-94.5778	4.97	300	1	1	1
2998	599437	2015	8	19:38:00	IL	0	1	0	0	1.0	0.0	42.3503	-88.0972	7.51	300	1	1	1
2999	603686	2015	8	16:21:00	MN	0	1	0	0	0.5	0.0	44.6474	-96.3082	1.95	440	1	1	1
3000	600030	2015	8	14:50:00	SD	0	1	0	0	0.005	0.0	44.369	-103.987	1.45	33	1	1	1
3001	587914	2015	8	19:55:00	NE	0	1	0	0	0.0	0.0	40.2576	-96.0134	2.16	238	1	1	1
3002	593726	2015	9	19:16:00	KS	0	1	0	0	0.0	0.0	38.9099	-95.9673	3.46	50	1	1	1
3003	602745	2015	9	15:44:00	IL	0	1	0	0	0.07	0.0	41.4164	-87.86	2.6	50	1	1	1
3004	602156	2015	9	18:09:00	KS	0	1	1	0	0.0	0.0	38.6412	-94.9531	9.26	100	1	1	1
3005	602157	2015	9	18:57:00	MO	0	1	0	0	0.0	0.0	38.637	-94.5558	5.19	100	1	1	1
3006	602890	2015	9	13:47:00	MI	0	1	0	0	0.04	0.0	44.38	-84.12	8.93	75	1	1	1
3007	614383	2016	10	17:27:00	KS	0	1	0	0	0.0	0.0	39.4411	-97.0346	4.92	75	1	1	1
3008	614387	2016	10	13:42:00	KS	0	1	0	0	25000.0	100.0	37.2268	-96.8084	0.14	50	1	1	1
3009	614388	2016	10	14:08:00	KS	0	1	0	0	20000.0	0.0	37.3197	-96.7012	0.51	75	1	1	1
3010	614389	2016	10	15:13:00	KS	0	2	0	0	0.0	0.0	38.7407	-97.5156	0.21	60	1	1	1
3011	614390	2016	10	15:18:00	KS	0	1	0	0	0.0	0.0	39.5423	-97.1833	9.97	200	1	1	1
3012	614391	2016	10	15:19:00	KS	0	3	0	0	0.0	0.0	38.7815	-97.4704	6.48	140	1	1	1
3013	614392	2016	10	15:36:00	KS	0	1	0	0	0.0	0.0	39.2998	-97.163	6.41	300	1	1	1
3014	614393	2016	10	21:07:00	IA	0	1	0	0	0.0	0.0	41.4677	-91.097	9.52	30	1	1	1
3015	614394	2016	10	21:36:00	IA	0	1	0	0	0.0	0.0	41.5049	-90.6173	20.02	800	2	0	1
3016	614394	2016	10	21:36:00	IA	0	1	0	0	0.0	0.0	41.5049	-90.6173	18.11	800	2	1	2
3017	614394	2016	10	21:57:00	IL	0	1	0	0	0.0	0.0	41.6625	-90.3373	1.91	200	2	1	2
3018	614405	2016	11	16:32:00	NE	0	1	0	0	150000.0	0.0	40.09	-98.47	3.79	60	1	1	1
3019	614465	2016	12	11:50:00	NE	0	1	0	0	375000.0	0.0	40.4216	-99.2467	2.75	200	1	1	1
3020	613644	2016	3	11:38:00	OH	0	1	0	0	60000.0	0.0	39.694	-84.5835	1.14	75	1	1	1
3021	613645	2016	3	12:16:00	OH	0	1	0	0	250000.0	0.0	39.882	-84.4272	2.98	40	1	1	1
3022	613647	2016	3	12:26:00	OH	0	1	0	0	75000.0	0.0	39.9615	-84.5441	2.25	150	1	1	1
3023	613649	2016	3	17:26:00	IL	0	2	0	0	200000.0	0.0	40.5621	-90.6736	8.23	400	1	1	1
3024	613650	2016	3	17:42:00	IL	0	1	0	0	215000.0	0.0	40.6299	-90.5446	8.27	400	1	1	1
3025	613651	2016	3	18:25:00	IL	0	2	10	0	750000.0	0.0	41.5342	-90.3616	4.78	200	1	1	1
3026	613654	2016	3	18:42:00	IL	0	2	0	0	1000000.0	0.0	40.7135	-89.9146	7.55	440	1	1	1
3027	613655	2016	3	18:44:00	IL	0	1	0	0	280000.0	0.0	39.7404	-89.8153	3.62	75	1	1	1
3028	613656	2016	3	18:49:00	IA	0	1	3	0	50000.0	0.0	41.8052	-90.3175	1.35	75	1	1	1
3029	613657	2016	3	18:57:00	IA	0	1	0	0	0.0	0.0	41.9164	-90.2883	3.38	300	1	1	1
3030	613663	2016	3	22:08:00	MO	0	1	0	0	0.0	0.0	36.6784	-93.578	3.83	200	1	1	1
3031	613685	2016	3	14:40:00	IN	0	1	0	0	50000.0	0.0	40.3684	-86.836	0.14	30	1	1	1
3032	613689	2016	3	15:49:00	IN	0	1	0	0	0.0	0.0	41.4102	-85.3924	0.51	30	1	1	1
3033	613690	2016	3	15:56:00	IN	0	1	0	0	0.0	0.0	40.8085	-85.8807	0.74	60	1	1	1
3034	613732	2016	4	19:30:00	KS	0	1	0	0	80000.0	0.0	37.0174	-101.8363	1.8	125	1	1	1
3035	613750	2016	4	17:03:00	NE	0	1	0	0	4000.0	0.0	40.0952	-98.18	2.43	300	1	1	1
3036	613752	2016	4	17:50:00	KS	0	1	2	0	0.0	0.0	39.8628	-97.6327	12.25	150	1	1	1
3037	613754	2016	4	11:52:00	MO	0	1	0	0	0.0	0.0	38.6947	-91.2761	5.46	100	1	1	1
3038	613758	2016	4	16:38:00	IN	0	1	0	0	250000.0	0.0	38.035	-87.6411	7.47	250	1	1	1
3039	613785	2016	4	23:21:00	MO	0	1	0	0	50000.0	0.0	36.8628	-94.6139	0.82	150	1	1	1
3040	613798	2016	4	14:14:00	IA	0	1	0	0	0.0	0.0	40.9737	-95.048	1.7	50	1	1	1
3041	613799	2016	4	14:43:00	NE	0	1	0	0	0.0	0.0	41.2742	-96.1195	0.66	50	1	1	1
3042	613816	2016	4	18:47:00	MO	0	1	0	0	100000.0	0.0	40.3034	-92.2399	0.23	40	1	1	1
3043	613819	2016	4	20:00:00	MO	0	1	0	0	0.0	0.0	39.9576	-91.6278	2.01	150	1	1	1
3044	613820	2016	4	14:26:00	IN	0	1	0	0	35000.0	0.0	39.9897	-86.3057	0.17	40	1	1	1
3045	613901	2016	5	16:02:00	IN	0	1	0	0	5000.0	0.0	38.2653	-87.7528	1.48	25	1	1	1
3046	613904	2016	5	19:15:00	MO	0	2	0	0	0.0	0.0	38.1244	-91.2033	4.43	700	1	1	1
3047	613933	2016	5	18:12:00	KS	0	1	0	0	0.0	0.0	38.0628	-101.1347	2.82	75	1	1	1
3048	613936	2016	5	18:25:00	SD	0	2	0	0	10000.0	0.0	43.0301	-100.4275	4.64	100	1	1	1
3049	613938	2016	5	18:35:00	SD	0	1	0	0	25000.0	0.0	43.2654	-100.0451	0.68	20	1	1	1
3050	613942	2016	5	19:10:00	KS	0	1	0	0	0.0	0.0	38.2611	-101.1868	6.78	900	1	1	1
3051	613946	2016	5	20:00:00	KS	0	1	0	0	0.0	0.0	38.2837	-101.0218	6.4	100	1	1	1
3052	613954	2016	5	12:21:00	MI	0	1	0	0	10000.0	0.0	46.445	-88.1106	3.78	200	1	1	1
3053	613955	2016	5	12:54:00	MI	0	1	0	0	50000.0	0.0	46.4303	-87.8369	3.87	200	1	1	1
3054	613965	2016	5	16:55:00	KS	0	3	1	0	0.0	0.0	37.5031	-100.1355	14.7	675	1	1	1
3055	613969	2016	5	17:12:00	KS	0	3	0	0	0.0	0.0	38.237	-100.1663	11.02	300	1	1	1
3056	613970	2016	5	17:14:00	KS	0	1	0	0	0.0	0.0	37.6182	-100.091	1.4	50	1	1	1
3057	613972	2016	5	17:22:00	KS	0	2	0	0	0.0	0.0	37.646	-100.0988	5.0	550	1	1	1
3058	613974	2016	5	17:32:00	KS	0	1	0	0	0.0	0.0	37.7003	-100.0855	2.9	50	1	1	1
3059	613975	2016	5	17:43:00	KS	0	1	0	0	0.0	0.0	38.338	-100.0412	2.9	50	1	1	1
3060	613979	2016	5	17:52:00	KS	0	2	1	0	0.0	0.0	37.6999	-100.0935	16.7	1800	1	1	1
3061	613983	2016	5	18:07:00	KS	0	3	0	0	0.0	0.0	37.8614	-100.0489	1.9	150	1	1	1
3062	613984	2016	5	18:11:00	KS	0	3	0	0	0.0	0.0	38.1961	-100.0382	7.7	700	1	1	1
3063	613985	2016	5	18:15:00	KS	0	1	0	0	0.0	0.0	37.906	-100.0252	2.7	50	1	1	1
3064	613987	2016	5	18:25:00	KS	0	1	0	0	0.0	0.0	37.7859	-99.4057	4.3	100	1	1	1
3065	613991	2016	5	18:49:00	KS	0	2	0	0	0.0	0.0	37.7947	-99.3725	5.4	150	1	1	1
3066	613993	2016	5	19:00:00	KS	0	3	0	0	0.0	0.0	37.8645	-99.2707	8.3	1100	1	1	1
3067	614002	2016	5	18:07:00	KS	0	4	8	0	0.0	0.0	38.9955	-97.4365	25.09	900	1	1	1
3068	614003	2016	5	20:27:00	KS	0	1	0	0	0.0	0.0	38.85	-96.5614	5.3	75	1	1	1
3069	614005	2016	5	21:25:00	KS	0	1	0	0	0.0	0.0	38.7743	-96.1443	3.53	50	1	1	1
3070	614008	2016	5	13:20:00	KS	0	1	0	0	0.0	0.0	39.1976	-96.3104	5.49	100	1	1	1
3071	614032	2016	5	16:35:00	WI	0	1	0	0	100000.0	0.0	43.7294	-88.7834	4.5	330	1	1	1
3072	613852	2016	5	18:20:00	IN	0	1	0	0	50000.0	0.0	38.48	-87.1532	4.33	70	1	1	1
3073	613858	2016	5	18:08:00	KS	0	2	0	0	2000.0	0.0	39.05	-99.2218	6.88	440	1	1	1
3074	613859	2016	5	18:27:00	KS	0	1	0	0	15000.0	0.0	39.1367	-99.1623	2.82	500	1	1	1
3075	613863	2016	5	15:25:00	NE	0	1	0	0	0.0	0.0	40.7365	-96.6106	0.53	50	1	1	1
3076	613866	2016	5	15:53:00	NE	0	1	0	0	0.0	0.0	40.6946	-96.583	0.19	50	1	1	1
3077	613876	2016	5	16:49:00	NE	0	2	0	0	0.0	0.0	40.8213	-96.0074	3.27	100	1	1	1
3078	614073	2016	6	16:22:00	SD	0	2	0	0	100000.0	0.0	43.8634	-103.2461	7.42	200	1	1	1
3079	614097	2016	6	07:00:00	MN	0	1	0	0	0.0	0.0	48.6111	-94.9904	2.95	400	1	1	1
3080	614100	2016	6	17:49:00	MN	0	1	0	0	0.0	0.0	47.0188	-93.2464	8.12	440	1	1	1
3081	614101	2016	6	18:06:00	MN	0	1	0	0	0.0	0.0	47.2785	-92.7227	7.23	250	1	1	1
3082	614102	2016	6	18:11:00	MN	0	2	0	0	0.0	0.0	46.4449	-93.9158	3.52	730	1	1	1
3083	614106	2016	6	20:10:00	ND	0	1	0	0	200000.0	30000.0	46.3101	-102.4018	3.2	35	1	1	1
3084	614108	2016	6	18:19:00	IL	0	1	0	0	0.0	0.0	41.6989	-89.1684	4.1	300	1	1	1
3085	614112	2016	6	18:59:00	IL	0	1	0	0	0.0	0.0	41.596	-88.9176	4.3	400	1	1	1
3086	614113	2016	6	19:02:00	IL	0	1	0	0	0.0	0.0	41.6152	-88.904	1.4	250	1	1	1
3087	614115	2016	6	19:11:00	IL	0	1	0	0	0.0	0.0	41.4641	-89.0885	0.5	50	1	1	1
3088	614116	2016	6	19:22:00	IL	0	1	0	0	0.0	0.0	41.563	-88.7753	1.7	250	1	1	1
3089	614117	2016	6	19:32:00	IL	0	1	0	0	0.0	0.0	41.414	-88.9084	0.5	50	1	1	1
3090	614118	2016	6	19:35:00	IL	0	1	0	0	0.0	0.0	41.414	-89.3675	0.48	50	1	1	1
3091	614119	2016	6	19:48:00	IL	0	1	0	0	0.0	0.0	41.4402	-88.8712	6.7	100	1	1	1
3092	614120	2016	6	19:53:00	IL	0	2	0	0	0.0	0.0	41.3669	-88.71	8.05	300	1	1	1
3093	614122	2016	6	21:06:00	IL	0	2	4	0	0.0	0.0	40.9183	-88.7776	11.1	440	1	1	1
3094	614123	2016	6	21:12:00	IL	0	1	0	0	0.0	0.0	40.9223	-87.9891	1.7	50	1	1	1
3095	614125	2016	6	22:37:00	IL	0	1	0	0	0.0	0.0	40.5867	-87.9016	3.1	440	1	1	1
3096	614126	2016	6	22:51:00	IN	0	1	0	0	0.0	0.0	40.803	-85.4654	2.4	200	1	1	1
3097	614127	2016	6	22:57:00	IN	0	2	0	0	0.0	0.0	40.81	-85.4355	2.35	300	1	1	1
3098	614128	2016	6	01:03:00	OH	0	1	0	0	360000.0	10000.0	39.5346	-84.1141	20.7	250	1	1	1
3099	614129	2016	6	01:20:00	OH	0	1	0	0	110000.0	10000.0	39.5518	-83.5538	3.8	300	1	1	1
3100	614133	2016	6	01:30:00	WI	0	1	0	0	200000.0	0.0	44.4902	-88.8254	2.7	100	1	1	1
3101	614139	2016	6	18:52:00	NE	0	2	0	0	50000.0	0.0	42.09	-101.83	1.0	150	1	1	1
3102	614192	2016	7	16:25:00	MN	0	2	0	0	0.0	0.0	45.1237	-94.5454	3.1	100	1	1	1
3103	614193	2016	7	16:52:00	MN	0	2	1	0	50000.0	0.0	45.2969	-94.4144	2.22	400	1	1	1
3104	614194	2016	7	16:58:00	MN	0	1	0	0	0.0	0.0	45.3394	-94.4014	4.0	250	1	1	1
3105	614196	2016	7	22:41:00	WI	0	1	0	0	50000.0	0.0	46.3618	-90.1578	2.25	100	2	0	1
3106	614196	2016	7	22:41:00	WI	0	1	0	0	0.0	0.0	46.3618	-90.1578	1.4	20	2	1	2
3107	614196	2016	7	22:44:00	MI	0	1	0	0	50000.0	0.0	46.3685	-90.13	0.85	100	2	1	2
3108	614197	2016	7	22:55:00	MI	0	1	0	0	100000.0	0.0	46.4341	-90.063	2.44	200	1	1	1
3109	614205	2016	7	15:48:00	KS	0	1	0	0	0.0	0.0	38.0591	-101.9092	7.8	400	1	1	1
3110	614208	2016	7	03:58:00	IA	0	2	5	0	0.0	0.0	42.1531	-92.0327	1.59	100	1	1	1
3111	614209	2016	7	04:15:00	IA	0	2	4	0	275000.0	15000.0	41.8912	-91.8966	3.99	75	1	1	1
3112	614210	2016	7	05:03:00	IA	0	1	0	0	5000000.0	0.0	42.1471	-90.6023	1.0	50	1	1	1
3113	614212	2016	7	05:36:00	IA	0	1	0	0	0.0	0.0	41.6437	-90.3935	2.09	100	1	1	1
3114	614217	2016	7	20:41:00	IL	0	1	0	0	0.0	0.0	40.9996	-88.1923	2.16	100	1	1	1
3115	614221	2016	7	16:30:00	ND	0	1	0	0	0.0	0.0	48.76	-97.86	5.29	880	1	1	1
3116	614222	2016	7	17:17:00	ND	0	1	0	0	0.0	0.0	48.54	-97.64	1.5	440	1	1	1
3117	614223	2016	7	17:36:00	ND	0	1	0	0	0.0	0.0	48.45	-97.54	1.0	200	1	1	1
3118	614224	2016	7	19:55:00	MN	0	1	0	0	0.0	0.0	47.96	-96.49	4.83	300	1	1	1
3119	614225	2016	7	20:14:00	MN	0	1	0	0	0.0	0.0	47.73	-94.94	4.0	400	1	1	1
3120	614231	2016	7	15:05:00	IA	0	1	0	0	0.0	0.0	42.4393	-91.5984	0.05	25	1	1	1
3121	614232	2016	7	15:06:00	IA	0	1	0	0	5000.0	0.0	42.4393	-91.5974	0.11	25	1	1	1
3122	614233	2016	7	15:18:00	IA	0	1	0	0	0.0	0.0	42.4109	-91.3927	0.22	10	1	1	1
3123	614240	2016	7	19:00:00	NE	0	2	0	0	25000.0	0.0	42.8151	-102.3054	1.0	100	1	1	1
3124	614156	2016	7	18:39:00	MN	0	1	0	0	25000.0	0.0	44.33	-93.2	3.67	100	1	1	1
3125	614158	2016	7	19:28:00	MN	0	1	0	0	5000.0	0.0	44.3935	-92.3456	0.09	50	1	1	1
3126	614160	2016	7	19:48:00	WI	0	1	0	0	500000.0	0.0	44.566	-92.105	3.31	100	1	1	1
3127	614161	2016	7	20:10:00	WI	0	1	0	0	260000.0	0.0	44.3389	-91.7889	0.74	100	1	1	1
3128	614162	2016	7	20:13:00	WI	0	1	0	0	235000.0	0.0	44.3315	-91.7228	0.45	100	1	1	1
3129	614165	2016	7	12:39:00	IL	0	1	2	0	350000.0	0.0	37.1526	-88.74	2.79	160	1	1	1
3130	614168	2016	7	16:28:00	SD	0	1	0	0	0.0	0.0	44.504	-102.389	1.12	100	1	1	1
3131	614170	2016	7	17:25:00	NE	0	1	0	0	45000.0	0.0	42.15	-102.0	4.62	75	1	1	1
3132	614171	2016	7	17:30:00	NE	0	1	0	0	0.0	0.0	42.2165	-101.9108	0.5	50	1	1	1
3133	614182	2016	7	20:10:00	KS	0	3	0	0	100000.0	10000.0	37.96	-96.45	4.19	1144	1	1	1
3134	614183	2016	7	20:41:00	KS	0	2	0	0	3800000.0	0.0	37.8411	-96.3154	3.59	150	1	1	1
3135	614270	2016	8	15:31:00	MI	0	1	0	0	10000.0	0.0	45.7017	-87.6662	1.25	200	1	1	1
3136	614278	2016	8	15:36:00	IN	0	1	0	0	18000.0	0.0	39.6811	-86.5611	1.83	500	1	1	1
3137	614280	2016	8	16:06:00	IN	0	1	0	0	7500.0	0.0	39.8531	-86.4308	0.42	100	1	1	1
3138	614281	2016	8	16:15:00	IN	0	1	0	0	5000.0	0.0	39.7854	-86.4195	0.02	50	1	1	1
3139	614283	2016	8	16:27:00	IN	0	2	0	0	25000.0	3000.0	39.9615	-86.3367	3.8	150	1	1	1
3140	614284	2016	8	17:04:00	IN	0	1	0	0	10000.0	2000.0	40.1414	-86.1763	0.42	100	1	1	1
3141	614292	2016	8	11:13:00	MI	0	1	0	0	2000000.0	0.0	42.296	-86.126	10.59	150	1	1	1
3142	614293	2016	8	11:42:00	MI	0	1	0	0	1500000.0	0.0	42.533	-86.023	12.76	100	1	1	1
3143	614294	2016	8	12:18:00	MI	0	1	0	0	500000.0	0.0	42.763	-85.861	4.08	100	1	1	1
3144	614298	2016	8	13:10:00	MI	0	1	0	0	750000.0	0.0	43.068	-85.128	7.8	100	1	1	1
3145	614308	2016	8	12:38:00	IN	0	2	0	0	75000.0	0.0	40.0018	-86.8735	5.37	125	1	1	1
3146	614309	2016	8	13:20:00	IN	0	3	20	0	10000000.0	0.0	40.4613	-86.1884	8.63	300	1	1	1
3147	614312	2016	8	15:27:00	IN	0	3	0	0	0.0	0.0	41.1475	-84.9187	5.16	500	1	1	1
3148	614313	2016	8	15:40:00	IN	0	1	0	0	57000.0	2000.0	40.528	-86.4309	17.06	100	1	1	1
3149	614314	2016	8	15:49:00	IN	0	1	0	0	0.0	0.0	40.6832	-85.0247	7.56	50	1	1	1
3150	614315	2016	8	15:53:00	OH	0	2	0	0	0.0	0.0	41.222	-84.6813	4.42	250	1	1	1
3151	614317	2016	8	16:28:00	OH	0	2	0	0	0.0	0.0	41.3231	-84.3803	2.64	400	1	1	1
3152	614318	2016	8	16:30:00	OH	0	1	0	0	0.0	0.0	40.8241	-84.7257	5.45	75	1	1	1
3153	614320	2016	8	16:48:00	OH	0	1	0	0	0.0	0.0	41.3823	-84.2161	2.8	150	1	1	1
3154	614323	2016	8	17:00:00	IN	0	1	0	0	20000.0	5000.0	40.3993	-86.2714	1.5	50	1	1	1
3155	614334	2016	8	15:18:00	ND	0	1	0	0	0.0	0.0	47.85	-97.48	4.0	600	1	1	1
3156	614335	2016	8	17:02:00	ND	0	3	0	0	0.0	0.0	47.49	-97.1	3.0	300	1	1	1
3157	614340	2016	8	20:04:00	MN	0	2	0	0	0.0	0.0	47.5	-96.41	9.57	400	1	1	1
3158	614255	2016	8	16:28:00	ND	0	2	0	0	600000.0	350000.0	48.56	-99.61	20.02	1200	1	1	1
3159	614258	2016	8	20:10:00	ND	0	2	0	0	0.0	0.0	47.77	-98.86	3.25	300	1	1	1
3160	614259	2016	8	10:20:00	WI	0	1	0	0	100000.0	5000.0	44.916	-90.207	4.35	250	1	1	1
3161	614358	2016	9	21:28:00	MN	0	1	0	0	1000000.0	0.0	46.0618	-94.4521	7.28	100	1	1	1
3162	614362	2016	9	17:31:00	IL	0	2	0	0	800000.0	100000.0	39.9728	-88.0739	6.26	75	1	1	1
3163	614363	2016	9	17:34:00	IL	0	1	0	0	50000.0	0.0	40.2213	-87.6437	1.63	50	1	1	1
3164	615811	2017	10	16:09:00	MO	0	1	0	0	0.0	0.0	40.3586	-91.9832	0.1	10	1	1	1
3165	615774	2017	10	18:02:00	KS	0	1	0	0	150000.0	0.0	38.5434	-101.0318	2.5	150	1	1	1
3166	615775	2017	10	18:09:00	KS	0	2	0	0	0.0	0.0	38.6056	-100.9164	18.31	450	1	1	1
3167	615777	2017	10	18:43:00	KS	0	1	0	0	40000.0	0.0	38.8132	-100.5402	0.41	75	1	1	1
3168	615779	2017	10	19:24:00	KS	0	1	0	0	75000.0	0.0	39.067	-100.2363	0.54	100	1	1	1
3169	615784	2017	10	21:06:00	KS	0	1	0	0	0.0	0.0	39.4504	-96.6082	1.1	40	1	1	1
3170	615873	2017	11	14:38:00	IN	0	1	0	0	70000.0	0.0	37.9096	-87.113	2.38	300	1	1	1
3171	615845	2017	11	12:20:00	IN	0	1	0	0	125000.0	0.0	38.9509	-86.6385	2.87	150	1	1	1
3172	615846	2017	11	12:24:00	IN	0	2	1	0	11090000.0	30000.0	40.3491	-85.3483	38.72	600	2	0	1
3173	615846	2017	11	12:24:00	IN	0	2	1	0	90000.0	0.0	40.3491	-85.3483	30.67	600	2	1	2
3174	615846	2017	11	13:18:00	OH	0	2	0	0	11000000.0	30000.0	40.5092	-84.8028	8.05	500	2	1	2
3175	615847	2017	11	13:18:00	OH	0	1	0	0	200000.0	0.0	41.3723	-82.877	1.34	50	1	1	1
3176	615848	2017	11	13:40:00	OH	0	2	8	0	5000000.0	0.0	40.5408	-84.5732	5.41	200	1	1	1
3177	615849	2017	11	13:42:00	OH	0	1	0	0	125000.0	0.0	41.3442	-82.6965	1.24	50	1	1	1
3178	615850	2017	11	14:09:00	IN	0	1	0	0	20000.0	0.0	40.1991	-85.3858	0.09	100	1	1	1
3179	615851	2017	11	15:51:00	OH	0	2	0	0	150000.0	0.0	41.1777	-82.9741	0.61	150	1	1	1
3180	615852	2017	11	15:53:00	OH	0	1	0	0	200000.0	0.0	41.1653	-82.9399	0.44	180	1	1	1
3181	615853	2017	11	16:00:00	OH	0	2	0	0	750000.0	0.0	40.7284	-82.7968	1.09	200	1	1	1
3182	615855	2017	11	16:08:00	OH	0	1	0	0	200000.0	0.0	41.1857	-82.6389	2.96	200	1	1	1
3183	615857	2017	11	16:21:00	OH	0	1	0	0	250000.0	0.0	41.2116	-82.4412	1.83	100	1	1	1
3184	615859	2017	11	16:29:00	OH	0	1	0	0	150000.0	0.0	40.7853	-82.3035	2.04	100	1	1	1
3185	615860	2017	11	16:52:00	OH	0	1	0	0	75000.0	0.0	40.7822	-81.9204	0.2	50	1	1	1
3186	615862	2017	11	17:16:00	OH	0	1	0	0	125000.0	5000.0	39.9324	-83.6225	6.62	200	1	1	1
3187	615863	2017	11	17:24:00	IL	0	1	0	0	70000.0	0.0	38.7468	-88.2289	6.84	50	1	1	1
3188	615864	2017	11	17:51:00	OH	0	2	0	0	1500000.0	0.0	41.5189	-80.6467	6.7	200	1	1	1
3189	615865	2017	11	18:18:00	OH	0	1	0	0	10000.0	0.0	40.6809	-80.5909	0.75	176	1	1	1
3190	615867	2017	11	22:16:00	IN	0	1	0	0	250000.0	0.0	38.6028	-86.1021	0.25	35	1	1	1
3191	615868	2017	11	22:20:00	IN	0	1	0	0	200000.0	0.0	38.6235	-86.0221	0.5	60	1	1	1
3192	615887	2017	12	16:54:00	MO	0	1	2	0	200000.0	0.0	39.3099	-92.493	10.0	30	1	1	1
3193	615888	2017	12	17:13:00	MO	0	2	1	0	100000.0	4000.0	40.3779	-91.6274	7.97	50	2	0	1
3194	615888	2017	12	17:13:00	MO	0	2	1	0	100000.0	4000.0	40.3779	-91.6274	6.9	50	2	1	2
3195	615888	2017	12	17:26:00	IA	0	1	0	0	0.0	0.0	40.4014	-91.5	1.07	10	2	1	2
3196	615889	2017	12	18:18:00	MO	0	1	0	0	50000.0	0.0	38.0386	-92.4879	0.4	100	1	1	1
3197	614648	2017	2	16:12:00	IL	0	1	0	0	100000.0	0.0	41.1113	-89.7134	5.53	100	1	1	1
3198	614650	2017	2	16:41:00	IL	0	3	14	2	0.0	0.0	41.3239	-88.9504	11.5	800	1	1	1
3199	614651	2017	2	16:44:00	IL	0	1	0	0	0.0	0.0	41.8883	-89.7512	2.62	75	1	1	1
3200	614652	2017	2	16:58:00	IL	0	1	0	0	0.0	0.0	41.3648	-88.7066	2.8	200	1	1	1
3201	614654	2017	2	17:07:00	IL	0	1	0	0	0.0	0.0	41.9478	-89.3098	1.5	50	1	1	1
3202	614657	2017	2	17:26:00	IL	0	3	0	0	2000000.0	0.0	40.9128	-89.3609	17.77	600	1	1	1
3203	614658	2017	2	17:53:00	IL	0	2	0	0	0.0	0.0	40.9856	-88.9865	4.5	75	1	1	1
3204	614659	2017	2	18:40:00	MO	0	1	0	0	0.0	0.0	37.4409	-90.9138	4.36	80	1	1	1
3205	614663	2017	2	19:51:00	MO	0	4	12	1	14800000.0	0.0	37.7238	-90.0055	53.47	1100	2	0	1
3206	614663	2017	2	19:51:00	MO	0	4	12	1	8000000.0	0.0	37.7238	-90.0055	17.39	1100	2	1	2
3207	614664	2017	2	19:54:00	MI	0	1	0	0	0.0	0.0	41.831	-86.2407	0.57	100	1	1	1
3208	614665	2017	2	19:58:00	MI	0	1	0	0	0.0	0.0	41.9478	-86.176	4.99	100	1	1	1
3209	614663	2017	2	20:12:00	IL	0	3	0	0	6800000.0	0.0	37.8222	-89.7124	36.08	850	2	1	2
3210	614666	2017	2	20:12:00	MI	0	1	0	0	0.0	0.0	41.8782	-85.9497	2.7	150	1	1	1
3211	614667	2017	2	20:38:00	MI	0	1	0	0	0.0	0.0	41.9176	-85.4913	2.04	50	1	1	1
3212	614668	2017	2	21:33:00	IL	0	1	1	0	0.0	0.0	39.8845	-90.6636	0.66	50	1	1	1
3213	614669	2017	2	21:43:00	IL	0	1	0	0	0.0	0.0	41.4151	-89.2608	2.33	50	1	1	1
3214	614670	2017	2	21:55:00	IL	0	3	2	1	5700000.0	0.0	38.137	-88.1148	44.13	440	2	0	1
3215	614670	2017	2	21:55:00	IL	0	3	1	1	2000000.0	0.0	38.137	-88.1148	9.56	420	2	1	2
3216	614670	2017	2	22:08:00	IN	0	3	1	0	3700000.0	0.0	38.1797	-87.9474	34.57	440	2	1	2
3217	614674	2017	2	22:44:00	IL	0	1	0	0	6000.0	0.0	37.7385	-89.0626	7.36	25	1	1	1
3218	614675	2017	2	23:03:00	IN	0	2	0	0	350000.0	0.0	38.404	-87.071	5.8	150	1	1	1
3219	614821	2017	3	12:24:00	OH	0	1	0	0	30000.0	0.0	39.0139	-84.0608	0.31	70	1	1	1
3220	614863	2017	3	22:00:00	MO	0	1	0	0	50000.0	0.0	37.7304	-91.443	2.5	200	1	1	1
3221	614685	2017	3	02:38:00	OH	0	1	0	0	400000.0	0.0	39.0258	-84.2955	6.39	150	1	1	1
3222	614688	2017	3	04:00:00	IN	0	2	0	0	40000.0	0.0	38.5991	-87.1394	0.15	30	1	1	1
3223	614689	2017	3	04:05:00	IN	0	2	0	0	65000.0	0.0	38.6573	-87.0782	1.52	30	1	1	1
3224	614691	2017	3	04:10:00	IN	0	1	0	0	35000.0	0.0	38.6443	-87.0011	0.04	30	1	1	1
3225	614692	2017	3	04:30:00	IN	0	1	0	0	22000.0	0.0	38.7281	-86.5129	0.21	40	1	1	1
3226	614693	2017	3	04:37:00	IN	0	2	1	0	175000.0	0.0	38.69	-86.3406	0.68	25	1	1	1
3227	614694	2017	3	04:40:00	MO	0	1	0	0	400000.0	0.0	36.8203	-89.5762	15.21	200	1	1	1
3228	614695	2017	3	04:41:00	IN	0	1	0	0	150000.0	0.0	38.681	-86.28	5.8	100	1	1	1
3229	614696	2017	3	04:45:00	IN	0	2	0	0	45000.0	0.0	38.7991	-86.0166	0.25	50	1	1	1
3230	614698	2017	3	05:04:00	IN	0	1	0	0	200000.0	0.0	38.468	-85.952	0.33	20	1	1	1
3231	614699	2017	3	05:05:00	IN	0	1	10	0	250000.0	0.0	38.627	-85.784	2.15	125	1	1	1
3232	614703	2017	3	06:39:00	OH	0	1	0	0	50000.0	0.0	39.1078	-83.6814	2.19	150	1	1	1
3233	614706	2017	3	07:16:00	OH	0	1	0	0	30000.0	0.0	39.1583	-83.0228	0.57	125	1	1	1
3234	614713	2017	3	08:07:00	OH	0	1	0	0	80000.0	0.0	39.0577	-82.1854	0.05	300	1	1	1
3235	614718	2017	3	17:04:00	MN	0	1	0	0	0.0	0.0	43.5701	-93.8204	9.32	200	1	1	1
3236	614720	2017	3	17:28:00	IA	0	1	0	0	70000.0	0.0	42.272	-94.1476	2.87	50	1	1	1
3237	614725	2017	3	17:38:00	MN	0	1	0	0	0.0	0.0	43.7356	-93.3505	11.9	300	1	1	1
3238	614726	2017	3	17:39:00	MN	0	1	0	0	0.0	0.0	45.4287	-93.6925	8.78	300	1	1	1
3239	614731	2017	3	18:58:00	IA	0	1	0	0	25000.0	0.0	42.2472	-93.3327	6.32	300	1	1	1
3240	614733	2017	3	19:19:00	IA	0	1	0	0	80000.0	0.0	41.2409	-93.4915	4.83	100	1	1	1
3241	614734	2017	3	19:24:00	MO	0	2	0	0	0.0	0.0	39.428	-94.5988	19.57	1000	1	1	1
3242	614735	2017	3	19:29:00	IA	0	1	0	0	50000.0	0.0	41.2765	-93.291	5.33	120	1	1	1
3243	614736	2017	3	19:35:00	IA	0	1	0	0	20000.0	0.0	41.3469	-93.2	6.76	80	1	1	1
3244	614737	2017	3	19:38:00	KS	0	1	0	0	0.0	0.0	38.4881	-95.2717	3.05	50	1	1	1
3245	614738	2017	3	19:40:00	MO	0	1	0	0	0.0	0.0	40.3938	-93.753	10.34	100	1	1	1
3246	614742	2017	3	20:11:00	MO	0	3	12	0	0.0	0.0	38.959	-94.2394	17.74	400	1	1	1
3247	614743	2017	3	20:16:00	IA	0	2	0	0	2020000.0	0.0	40.6174	-93.2085	14.92	250	1	1	1
3248	614744	2017	3	20:30:00	IA	0	1	0	0	40000.0	0.0	40.6322	-92.9041	8.01	60	1	1	1
3249	614745	2017	3	20:33:00	IA	0	2	0	0	750000.0	0.0	40.6891	-92.876	9.66	90	1	1	1
3250	614746	2017	3	20:34:00	MO	0	1	0	0	0.0	0.0	39.0129	-93.8511	1.75	50	1	1	1
3251	614749	2017	3	20:46:00	WI	0	1	0	0	290000.0	0.0	43.8564	-91.1172	2.6	200	1	1	1
3252	614750	2017	3	20:56:00	MO	0	1	0	0	0.0	0.0	39.4546	-93.1085	19.81	100	1	1	1
3253	614753	2017	3	21:40:00	MO	0	1	1	0	0.0	0.0	39.6334	-92.28	18.47	150	1	1	1
3254	614756	2017	3	21:56:00	IA	0	2	0	0	0.0	0.0	41.2766	-91.2594	0.31	150	1	1	1
3255	614757	2017	3	22:00:00	MO	0	1	0	0	5000.0	0.0	37.9676	-93.5021	0.75	100	1	1	1
3256	614758	2017	3	22:05:00	IA	0	2	3	0	100000.0	0.0	41.4092	-91.0732	1.78	200	1	1	1
3257	614759	2017	3	22:13:00	IA	0	2	0	0	52000.0	0.0	41.4528	-90.8675	25.25	1000	1	1	1
3258	614760	2017	3	22:18:00	IA	0	1	0	0	110000.0	0.0	41.7468	-90.99	16.63	100	1	1	1
3259	614761	2017	3	22:19:00	IA	0	2	0	0	0.0	0.0	41.599	-90.7988	34.68	200	1	1	1
3260	614762	2017	3	22:24:00	MO	0	1	1	0	100000.0	0.0	37.9624	-92.994	2.0	400	1	1	1
3261	614766	2017	3	22:53:00	IL	0	1	0	0	0.0	0.0	41.7165	-90.1358	1.54	10	1	1	1
3262	614767	2017	3	23:03:00	MO	0	1	0	0	0.0	0.0	38.3007	-92.0355	7.26	75	1	1	1
3263	614768	2017	3	23:17:00	MO	0	1	0	0	0.0	0.0	38.7166	-91.5152	20.87	150	1	1	1
3264	614770	2017	3	23:51:00	MO	0	1	3	0	0.0	0.0	38.8051	-90.9085	3.15	100	1	1	1
3265	614771	2017	3	23:52:00	IL	0	1	0	0	150000.0	0.0	40.2633	-89.8563	6.76	150	1	1	1
3266	614772	2017	3	00:00:00	IL	0	1	0	0	175000.0	0.0	40.3459	-89.6934	7.38	150	1	1	1
3267	614773	2017	3	00:09:00	IL	0	2	0	0	120000.0	0.0	40.392	-89.5381	2.8	200	1	1	1
3268	614777	2017	3	00:50:00	IL	0	1	0	0	0.0	0.0	39.0745	-89.815	12.92	100	1	1	1
3269	614778	2017	3	01:14:00	IL	0	1	0	0	0.0	0.0	39.2061	-89.3969	7.17	100	1	1	1
3270	614780	2017	3	18:25:00	MO	0	2	0	0	30000.0	0.0	36.717	-90.804	9.64	600	1	1	1
3271	614781	2017	3	18:32:00	MO	0	1	0	0	25000.0	0.0	36.8917	-90.5408	6.35	100	1	1	1
3272	614785	2017	3	19:03:00	MO	0	1	0	0	75000.0	0.0	36.8531	-90.2082	2.28	75	1	1	1
3273	614787	2017	3	19:14:00	MO	0	1	0	0	500000.0	0.0	36.6611	-90.2736	2.73	200	1	1	1
3274	614788	2017	3	19:28:00	MO	0	1	0	0	400000.0	0.0	36.6614	-90.0897	11.17	250	1	1	1
3275	614790	2017	3	20:10:00	MO	0	1	0	0	50000.0	0.0	36.671	-89.6209	1.14	150	1	1	1
3276	614791	2017	3	20:26:00	MO	0	2	0	0	270000.0	0.0	36.6169	-89.3918	9.66	250	2	0	1
3277	614791	2017	3	20:26:00	MO	0	2	0	0	20000.0	0.0	36.6169	-89.3918	0.93	250	2	1	2
3278	614975	2017	4	18:36:00	MI	0	1	0	0	210000.0	0.0	42.784	-85.3669	5.33	220	1	1	1
3279	614993	2017	4	19:50:00	IA	0	1	0	0	10000.0	10000.0	42.1417	-91.2288	3.22	25	1	1	1
3280	614998	2017	4	17:35:00	IN	0	1	0	0	35000.0	0.0	39.2457	-85.4206	2.79	40	1	1	1
3281	615010	2017	4	00:34:00	MO	0	1	0	0	85000.0	0.0	36.4989	-93.597	2.59	100	2	1	2
3282	615025	2017	4	15:02:00	IL	0	1	0	0	0.0	0.0	39.0711	-90.1723	2.36	50	1	1	1
3283	615041	2017	4	00:57:00	MO	0	1	0	0	0.0	0.0	35.9965	-90.2797	0.31	50	2	1	2
3284	615043	2017	4	01:08:00	MO	0	1	0	0	250000.0	0.0	36.0838	-90.0974	1.2	100	1	1	1
3285	615045	2017	4	01:52:00	MO	0	2	0	0	60000.0	0.0	36.7772	-89.58	4.04	150	1	1	1
3286	614932	2017	4	17:48:00	MO	0	2	0	0	1100000.0	0.0	36.7197	-94.4324	16.5	300	1	1	1
3287	614933	2017	4	18:56:00	MO	0	1	0	0	15000.0	0.0	36.5419	-93.9877	1.5	200	1	1	1
3288	614944	2017	4	13:10:00	IL	0	1	0	0	35000.0	0.0	37.7004	-89.1492	0.1	25	1	1	1
3289	614950	2017	4	16:04:00	IN	0	1	0	0	65000.0	0.0	38.6418	-86.9805	1.2	90	1	1	1
3290	614972	2017	4	23:54:00	WI	0	1	0	0	0.0	0.0	44.979	-89.741	0.44	100	1	1	1
3291	615169	2017	5	15:42:00	WI	0	3	25	1	10520000.0	0.0	45.2529	-92.1619	82.53	1320	1	1	1
3292	615175	2017	5	16:49:00	KS	0	1	0	0	0.0	0.0	37.3764	-100.0012	4.03	50	1	1	1
3293	615183	2017	5	18:59:00	KS	0	3	2	0	658000.0	0.0	38.1987	-99.0186	26.64	300	1	1	1
3294	615186	2017	5	00:24:00	NE	0	1	0	0	0.0	0.0	40.4516	-97.9389	2.19	50	1	1	1
3295	615189	2017	5	14:48:00	NE	0	1	0	0	0.0	0.0	42.0075	-97.0187	0.37	50	1	1	1
3296	615190	2017	5	15:16:00	IA	0	1	0	0	0.0	0.0	41.1453	-91.9313	3.22	25	1	1	1
3297	615193	2017	5	16:21:00	WI	0	1	0	0	60000.0	0.0	44.0965	-91.192	1.06	250	1	1	1
3298	615194	2017	5	17:36:00	IA	0	1	0	0	0.0	0.0	41.3838	-91.6021	5.95	40	1	1	1
3299	615197	2017	5	18:44:00	IA	0	1	0	0	2000.0	0.0	41.7003	-90.7228	2.14	25	1	1	1
3300	615198	2017	5	19:00:00	IL	0	1	0	0	40000.0	0.0	41.2447	-90.5062	8.11	150	1	1	1
3301	615199	2017	5	19:44:00	IL	0	1	0	0	0.0	0.0	41.5468	-89.9994	2.06	50	1	1	1
3302	615200	2017	5	20:20:00	IL	0	2	1	0	40000.0	0.0	41.1533	-90.0811	1.29	50	1	1	1
3303	615201	2017	5	21:21:00	IL	0	1	0	0	100000.0	0.0	42.3341	-88.8221	10.3	100	1	1	1
3304	615249	2017	5	23:23:00	MO	0	1	0	0	100000.0	0.0	36.5036	-94.2079	1.0	100	1	1	1
3305	615252	2017	5	00:30:00	MO	0	1	0	0	0.0	0.0	36.6995	-93.1595	8.7	200	1	1	1
3306	615255	2017	5	01:15:00	MO	0	1	0	0	10000.0	0.0	37.4683	-92.9169	2.0	300	1	1	1
3307	615258	2017	5	03:15:00	MO	0	1	0	0	0.0	0.0	38.9166	-91.6829	1.58	50	1	1	1
3308	615260	2017	5	13:55:00	MO	0	1	0	0	50000.0	0.0	36.76	-94.56	2.03	10	1	1	1
3309	615262	2017	5	14:22:00	IN	0	1	0	0	250000.0	0.0	38.217	-86.493	0.23	50	1	1	1
3310	615265	2017	5	14:42:00	MO	0	1	0	0	50000.0	0.0	37.0546	-93.9592	4.23	300	1	1	1
3311	615279	2017	5	17:27:00	MO	0	1	0	0	0.0	0.0	38.4982	-92.1846	0.95	75	1	1	1
3312	615288	2017	5	19:25:00	KS	0	1	0	0	0.0	0.0	38.411	-96.789	0.8	60	1	1	1
3313	615294	2017	5	17:10:00	IN	0	1	0	0	75000.0	0.0	38.789	-85.426	0.16	30	1	1	1
3314	615296	2017	5	17:40:00	IN	0	1	0	0	20000.0	0.0	40.134	-86.6956	0.08	40	1	1	1
3315	615297	2017	5	18:40:00	IN	0	1	0	0	40000.0	0.0	40.3602	-86.3514	1.45	40	1	1	1
3316	615331	2017	5	18:11:00	OH	0	1	0	0	100000.0	0.0	38.5357	-82.683	3.04	100	1	1	1
3317	615337	2017	5	19:16:00	OH	0	1	0	0	250000.0	0.0	39.8865	-84.0468	0.4	300	1	1	1
3318	615338	2017	5	19:20:00	OH	0	1	0	0	50000.0	0.0	39.8918	-84.0498	4.11	300	1	1	1
3319	615339	2017	5	20:03:00	OH	0	1	0	0	5000.0	0.0	40.0788	-84.1539	1.91	160	1	1	1
3320	615345	2017	5	16:53:00	IL	0	1	0	0	45000.0	0.0	40.3299	-87.6387	0.29	75	1	1	1
3321	615350	2017	5	13:38:00	MO	0	1	0	0	25000.0	0.0	38.1918	-92.7854	0.06	300	1	1	1
3322	615351	2017	5	13:38:00	MO	0	1	0	0	50000.0	0.0	38.204	-92.7704	0.13	50	1	1	1
3323	615352	2017	5	13:50:00	MO	0	1	0	0	100000.0	0.0	37.6004	-92.7221	9.0	100	1	1	1
3324	615353	2017	5	14:05:00	MO	0	1	0	0	100000.0	0.0	37.5862	-92.3541	4.97	400	1	1	1
3325	615354	2017	5	14:09:00	MO	0	1	0	0	0.0	0.0	37.6284	-92.4892	2.07	100	1	1	1
3326	615355	2017	5	14:25:00	MO	0	1	0	0	0.0	0.0	37.65	-92.26	0.01	100	1	1	1
3327	615397	2017	6	01:10:00	MN	0	1	0	0	150000.0	0.0	47.18	-94.69	0.6	150	1	1	1
3328	615398	2017	6	06:31:00	MN	0	1	0	0	200000.0	0.0	45.1365	-94.9011	1.63	300	1	1	1
3329	615404	2017	6	17:30:00	NE	0	2	1	0	6000.0	0.0	42.4636	-104.0529	10.68	500	2	1	2
3330	615407	2017	6	18:01:00	NE	0	1	0	0	0.0	0.0	41.3683	-103.8818	0.96	80	1	1	1
3331	615411	2017	6	18:30:00	NE	0	1	0	0	25000.0	0.0	41.4869	-103.64	4.19	100	1	1	1
3332	615414	2017	6	19:13:00	NE	0	1	0	0	0.0	0.0	41.7649	-103.3224	0.24	50	1	1	1
3333	615415	2017	6	19:19:00	NE	0	2	0	0	3500000.0	0.0	41.8219	-103.3408	31.65	300	1	1	1
3334	615416	2017	6	20:30:00	NE	0	1	0	0	21000.0	0.0	42.08	-102.67	9.2	10	1	1	1
3335	615417	2017	6	20:40:00	NE	0	1	0	0	21000.0	0.0	42.13	-102.62	9.2	10	1	1	1
3336	615419	2017	6	22:40:00	NE	0	1	0	0	21000.0	0.0	42.0848	-102.657	9.2	10	1	1	1
3337	615421	2017	6	15:25:00	SD	0	1	0	0	0.0	0.0	44.839	-98.79	0.25	175	1	1	1
3338	615425	2017	6	17:56:00	MN	0	1	0	0	0.0	0.0	45.5672	-95.7975	2.96	300	1	1	1
3339	615427	2017	6	18:29:00	SD	0	1	0	0	0.0	0.0	45.3122	-97.6343	0.21	40	1	1	1
3340	615429	2017	6	19:20:00	SD	0	1	0	0	0.0	0.0	45.8477	-96.9548	0.36	100	1	1	1
3341	615431	2017	6	19:27:00	MN	0	1	0	0	0.0	0.0	45.5128	-96.4359	0.25	170	1	1	1
3342	615432	2017	6	19:30:00	MN	0	1	0	0	0.0	0.0	45.6005	-96.3251	0.07	50	1	1	1
3343	615435	2017	6	13:49:00	WI	0	1	0	0	100000.0	0.0	44.196	-89.207	2.78	100	1	1	1
3344	615436	2017	6	14:28:00	WI	0	1	0	0	255000.0	0.0	44.236	-88.423	8.02	125	1	1	1
3345	615439	2017	6	14:40:00	WI	0	1	0	0	0.0	0.0	44.571	-88.509	3.98	100	1	1	1
3346	615440	2017	6	14:45:00	WI	0	1	0	0	0.0	0.0	44.5908	-88.4033	5.08	75	1	1	1
3347	615441	2017	6	14:51:00	WI	0	1	0	0	75000.0	0.0	44.647	-88.287	5.8	150	1	1	1
3348	615445	2017	6	16:32:00	NE	0	1	0	0	350000.0	2000.0	42.1115	-97.2132	2.11	100	1	1	1
3349	615447	2017	6	18:10:00	NE	0	1	0	0	0.0	0.0	41.595	-96.4994	1.44	50	1	1	1
3350	615448	2017	6	19:05:00	NE	0	2	0	0	0.0	0.0	41.0994	-95.9611	13.99	250	2	0	1
3351	615448	2017	6	19:05:00	NE	0	2	0	0	0.0	0.0	41.0994	-95.9611	9.42	150	2	1	2
3352	615449	2017	6	19:08:00	NE	0	1	0	0	0.0	0.0	41.1277	-95.9374	6.65	300	2	0	1
3353	615449	2017	6	19:08:00	NE	0	1	0	0	0.0	0.0	41.1277	-95.9374	4.86	300	2	1	2
3354	615448	2017	6	19:10:00	IA	0	1	0	0	0.0	0.0	41.0718	-95.8753	4.57	250	2	1	2
3355	615449	2017	6	19:11:00	IA	0	1	0	0	0.0	0.0	41.0854	-95.8628	1.79	150	2	1	2
3356	615451	2017	6	20:35:00	IA	0	1	0	0	30000.0	3000.0	40.7198	-94.8595	1.32	40	1	1	1
3357	615453	2017	6	22:01:00	KS	0	1	0	0	0.0	0.0	39.8669	-96.4663	2.63	100	1	1	1
3358	615489	2017	6	14:46:00	IA	0	2	0	0	0.0	0.0	40.7567	-95.5628	3.7	135	1	1	1
3359	615491	2017	6	15:21:00	IA	0	1	0	0	0.0	0.0	40.7518	-95.2898	2.12	75	1	1	1
3360	615492	2017	6	15:21:00	IA	0	1	0	0	10000.0	5000.0	41.0626	-94.8906	3.78	100	1	1	1
3361	615493	2017	6	15:25:00	WI	0	1	0	0	0.0	0.0	44.8244	-92.4892	11.35	700	1	1	1
3362	615495	2017	6	15:45:00	IA	0	1	0	0	20000.0	6000.0	41.2794	-94.342	7.59	100	1	1	1
3363	615496	2017	6	15:49:00	WI	0	1	0	0	0.0	0.0	45.762	-92.426	2.2	180	1	1	1
3364	615497	2017	6	16:05:00	IA	0	2	0	0	75000.0	10000.0	40.5851	-94.7771	6.99	1000	1	1	1
3365	615498	2017	6	16:54:00	IA	0	1	0	0	85000.0	6000.0	41.3348	-93.3588	17.8	500	1	1	1
3366	615501	2017	6	17:38:00	IA	0	2	1	0	0.0	0.0	42.1919	-91.5271	11.69	200	1	1	1
3367	615503	2017	6	17:48:00	MO	0	1	0	0	0.0	0.0	40.286	-94.3311	16.37	75	1	1	1
3368	615504	2017	6	17:55:00	WI	0	1	0	0	145000.0	0.0	42.703	-89.621	0.57	150	1	1	1
3369	615505	2017	6	17:55:00	WI	0	1	0	0	325000.0	0.0	42.666	-89.621	2.21	300	1	1	1
3370	615507	2017	6	18:14:00	IA	0	2	0	0	0.0	0.0	42.2906	-91.1883	2.5	30	1	1	1
3371	615510	2017	6	18:56:00	IA	0	1	0	0	0.0	0.0	41.9657	-90.9954	2.0	15	1	1	1
3372	615511	2017	6	19:14:00	IL	0	1	0	0	0.0	0.0	42.211	-88.948	5.86	200	1	1	1
3373	615512	2017	6	19:23:00	IL	0	1	0	0	0.0	0.0	42.208	-88.81	1.64	100	1	1	1
3374	615515	2017	6	16:45:00	NE	0	1	0	0	0.0	0.0	42.7521	-97.4062	14.4	150	1	1	1
3375	615389	2017	6	17:27:00	ND	0	1	0	0	100000.0	5000.0	48.81	-98.37	1.29	600	1	1	1
3376	615390	2017	6	17:45:00	ND	0	2	0	0	1500000.0	2000000.0	48.81	-98.21	18.0	800	1	1	1
3377	615391	2017	6	18:08:00	ND	0	2	0	0	200000.0	10000.0	48.26	-99.74	8.0	600	1	1	1
3378	615392	2017	6	18:12:00	ND	0	1	0	0	200000.0	100000.0	48.68	-97.82	1.0	200	1	1	1
3379	615543	2017	7	17:53:00	IN	0	1	0	0	0.0	5000.0	40.6413	-86.3959	3.84	200	1	1	1
3380	615544	2017	7	17:58:00	IN	0	1	0	0	0.0	0.0	40.8819	-86.0083	2.95	100	1	1	1
3381	615547	2017	7	16:35:00	IA	0	1	0	0	1000.0	0.0	41.6977	-91.9896	4.58	60	1	1	1
3382	615548	2017	7	16:39:00	ND	0	1	0	0	2000.0	5000.0	48.3	-97.57	1.52	150	1	1	1
3383	615552	2017	7	17:25:00	ND	0	1	0	0	2000.0	15000.0	47.8	-97.61	5.92	150	1	1	1
3384	615553	2017	7	17:30:00	ND	0	1	0	0	4000.0	25000.0	48.47	-98.15	7.0	150	1	1	1
3385	615555	2017	7	17:58:00	ND	0	2	0	0	750000.0	500000.0	47.64	-97.31	22.0	1200	1	1	1
3386	615556	2017	7	18:07:00	MN	0	1	0	0	50000.0	150000.0	48.11	-97.05	10.0	250	1	1	1
3387	615557	2017	7	18:48:00	ND	0	2	0	0	800000.0	650000.0	47.38	-96.98	11.64	600	2	0	1
3388	615557	2017	7	18:48:00	ND	0	2	0	0	250000.0	250000.0	47.38	-96.98	6.64	600	2	1	2
3389	615557	2017	7	19:00:00	MN	0	2	0	0	550000.0	400000.0	47.3522	-96.8441	5.0	600	2	1	2
3390	615558	2017	7	19:42:00	MN	0	2	0	0	475000.0	450000.0	47.22	-96.51	12.81	500	1	1	1
3391	615560	2017	7	01:27:00	MN	0	1	0	0	0.0	0.0	45.2626	-93.1358	10.72	400	1	1	1
3392	615576	2017	7	16:07:00	MN	0	1	0	0	40000.0	0.0	43.9932	-92.3203	0.77	25	1	1	1
3393	615578	2017	7	16:25:00	MN	0	1	0	0	20000.0	10000.0	43.6942	-92.2193	2.03	30	1	1	1
3394	615580	2017	7	17:08:00	IA	0	1	2	0	840000.0	0.0	43.0096	-91.2827	5.78	400	1	1	1
3395	615585	2017	7	14:45:00	MN	0	1	0	0	100000.0	5000.0	47.94	-94.66	2.81	200	1	1	1
3396	615589	2017	7	18:19:00	IL	0	1	0	0	40000.0	2000.0	41.8722	-90.1666	3.72	150	1	1	1
3397	615591	2017	7	16:48:00	OH	0	1	0	0	25000.0	0.0	39.3022	-82.5248	0.8	230	1	1	1
3398	615531	2017	7	13:48:00	MN	0	1	0	0	0.0	0.0	48.1882	-91.0558	0.93	264	1	1	1
3399	615538	2017	7	21:30:00	MN	0	1	0	0	0.0	500000.0	44.1725	-94.2619	2.68	100	1	1	1
3400	615633	2017	8	16:33:00	MN	0	1	0	0	0.0	0.0	44.4065	-94.1975	5.22	75	1	1	1
3401	615638	2017	8	18:21:00	IL	0	1	0	0	0.0	0.0	42.2741	-89.7316	2.79	75	1	1	1
3402	615639	2017	8	18:22:00	IL	0	1	0	0	0.0	0.0	42.3414	-90.3187	0.54	60	1	1	1
3403	615644	2017	8	17:11:00	OH	0	1	0	0	50000.0	0.0	41.3121	-80.6561	1.04	100	1	1	1
3404	615649	2017	8	18:26:00	MN	0	1	0	0	500000.0	75000.0	43.65	-95.84	3.03	100	1	1	1
3405	615650	2017	8	18:37:00	MN	0	1	0	0	0.0	75000.0	43.63	-95.82	1.34	100	1	1	1
3406	615651	2017	8	18:47:00	MN	0	1	0	0	0.0	100000.0	43.5014	-95.7401	1.63	100	1	1	1
3407	615652	2017	8	18:47:00	IA	0	1	0	0	0.0	100000.0	43.5014	-95.7401	1.63	100	1	1	1
3408	615653	2017	8	19:07:00	IA	0	2	0	0	300000.0	65000.0	43.34	-95.68	5.14	250	1	1	1
3409	615656	2017	8	18:48:00	NE	0	1	0	0	50000.0	0.0	41.87	-99.6	2.3	840	1	1	1
3410	615657	2017	8	18:48:00	NE	0	1	0	0	10000.0	0.0	41.87	-99.59	0.69	330	1	1	1
3411	615659	2017	8	19:14:00	NE	0	2	0	0	100000.0	0.0	41.8294	-99.5806	0.65	540	1	1	1
3412	615755	2017	9	15:41:00	ND	0	1	0	0	30000.0	3000.0	46.66	-98.17	3.7	200	1	1	1
3413	615756	2017	9	18:46:00	SD	0	1	0	0	0.0	0.0	44.6717	-98.5656	2.75	155	1	1	1
3414	615757	2017	9	18:50:00	MN	0	1	0	0	52000.0	5000.0	47.48	-96.53	4.57	100	1	1	1
3415	615761	2017	9	23:22:00	MN	0	1	0	0	0.0	0.0	44.9213	-95.7191	0.11	80	1	1	1
3416	615762	2017	9	23:28:00	MN	0	1	0	0	1600000.0	0.0	45.255	-95.423	12.59	550	1	1	1
3417	615763	2017	9	23:32:00	MN	0	1	0	0	1300000.0	0.0	45.3909	-95.4114	9.2	880	1	1	1
3418	615765	2017	9	23:49:00	MN	0	1	0	0	0.0	0.0	45.5505	-95.0572	8.18	360	1	1	1
3419	615766	2017	9	00:04:00	MN	0	1	0	0	0.0	0.0	45.882	-94.7425	6.75	440	1	1	1
3420	615723	2017	9	20:42:00	OH	0	2	2	0	2050000.0	0.0	40.7892	-82.877	16.67	400	1	1	1
3421	616788	2018	10	18:53:00	IA	0	1	0	0	15000.0	2000.0	41.0715	-93.609	4.92	250	1	1	1
3422	616807	2018	10	16:09:00	IA	0	1	0	0	40000.0	1000.0	41.0281	-94.4204	2.3	250	1	1	1
3423	616811	2018	10	17:03:00	IA	0	1	0	0	5000.0	1000.0	41.4046	-94.3143	2.71	80	1	1	1
3424	617023	2018	12	13:43:00	IN	0	1	0	0	50000.0	0.0	38.1813	-86.8863	2.01	50	1	1	1
3425	617024	2018	12	14:38:00	IN	0	1	0	0	20000.0	0.0	38.0935	-86.0869	2.2	140	1	1	1
3426	616960	2018	12	00:30:00	MO	0	1	0	1	250000.0	0.0	36.9432	-93.7216	0.49	50	1	1	1
3427	616962	2018	12	00:41:00	MO	0	1	0	0	150000.0	0.0	37.033	-93.5611	1.24	75	1	1	1
3428	616963	2018	12	00:47:00	MO	0	1	0	0	175000.0	0.0	37.11	-93.53	2.48	60	1	1	1
3429	616964	2018	12	01:22:00	MO	0	1	0	0	90000.0	0.0	37.17	-92.76	4.16	75	1	1	1
3430	616968	2018	12	13:54:00	IL	0	1	0	0	0.0	0.0	39.4439	-90.851	1.65	25	1	1	1
3431	616971	2018	12	14:40:00	IL	0	1	0	0	0.0	0.0	39.7272	-90.6537	0.6	110	1	1	1
3432	616972	2018	12	15:00:00	IL	0	1	0	0	12000.0	0.0	40.2219	-90.7732	1.4	100	1	1	1
3433	616976	2018	12	15:25:00	IL	0	1	0	0	200000.0	0.0	40.0005	-90.4201	4.23	200	1	1	1
3434	616980	2018	12	15:51:00	IL	0	1	0	0	610000.0	0.0	40.1622	-90.2581	15.61	450	1	1	1
3435	616981	2018	12	15:59:00	IL	0	1	0	0	0.0	0.0	39.031	-89.7523	1.39	50	1	1	1
3436	616982	2018	12	16:09:00	IL	0	1	0	0	0.0	0.0	39.2315	-89.6819	8.03	75	1	1	1
3437	616983	2018	12	16:16:00	IL	0	2	0	0	0.0	0.0	39.1522	-89.6324	6.79	100	1	1	1
3438	616984	2018	12	16:32:00	IL	0	1	0	0	0.0	0.0	39.2584	-89.5486	1.97	50	1	1	1
3439	616987	2018	12	16:53:00	IL	0	1	0	0	65000.0	0.0	40.2325	-89.9335	11.68	250	1	1	1
3440	616988	2018	12	17:01:00	IL	0	3	22	0	118900000.0	0.0	39.414	-89.395	12.49	900	1	1	1
3441	616990	2018	12	17:34:00	IL	0	2	0	0	3300000.0	0.0	39.6301	-89.2008	8.39	400	1	1	1
3442	616991	2018	12	17:53:00	IL	0	1	0	0	325000.0	0.0	39.7469	-89.1378	4.27	250	1	1	1
3443	616993	2018	12	18:16:00	IL	0	1	0	0	225000.0	0.0	39.7488	-89.4999	4.57	100	1	1	1
3444	616994	2018	12	18:31:00	IL	0	1	0	0	150000.0	0.0	40.0074	-88.9441	1.13	320	1	1	1
3445	616995	2018	12	19:06:00	IL	0	1	0	0	75000.0	0.0	40.2894	-88.7791	0.21	50	1	1	1
3446	616996	2018	12	19:18:00	IL	0	2	0	0	75000.0	0.0	40.3839	-88.7228	2.44	100	1	1	1
3447	616998	2018	12	19:42:00	IL	0	1	0	0	110000.0	0.0	40.5655	-88.6713	0.49	75	1	1	1
3448	615903	2018	1	20:04:00	MO	0	1	0	0	100000.0	0.0	37.0474	-93.8293	1.25	75	1	1	1
3449	615935	2018	2	17:52:00	MO	0	2	5	0	2002000.0	0.0	36.4796	-90.1591	12.78	150	2	1	2
3450	615937	2018	2	18:30:00	MO	0	2	2	0	750000.0	0.0	36.7508	-89.5846	0.95	150	1	1	1
3451	615958	2018	2	23:03:00	OH	0	1	0	0	85000.0	0.0	38.8269	-84.1748	3.5	200	1	1	1
3452	615959	2018	2	23:13:00	OH	0	1	0	0	65000.0	0.0	38.9237	-83.9639	4.9	300	1	1	1
3453	616068	2018	4	18:13:00	MO	0	2	0	0	300000.0	0.0	37.0944	-92.4922	9.0	100	1	1	1
3454	616070	2018	4	18:35:00	MO	0	1	0	0	25000.0	0.0	37.2543	-92.3271	5.0	75	1	1	1
3455	616072	2018	4	19:00:00	MO	0	1	0	0	20000.0	0.0	37.3844	-92.1495	1.44	50	1	1	1
3456	616073	2018	4	19:20:00	MO	0	1	0	0	25000.0	0.0	37.5234	-91.9248	5.54	50	1	1	1
3457	616128	2018	4	16:16:00	OH	0	1	0	0	25000.0	0.0	41.0131	-81.5541	0.12	25	1	1	1
3458	616017	2018	4	14:45:00	OH	0	1	0	0	500000.0	0.0	39.7473	-83.971	8.75	200	1	1	1
3459	616018	2018	4	14:56:00	OH	0	1	0	0	85000.0	0.0	39.7948	-83.7592	4.3	150	1	1	1
3460	616020	2018	4	15:20:00	IL	0	2	0	0	0.0	0.0	38.8877	-88.9976	18.2	100	1	1	1
3461	616021	2018	4	15:37:00	OH	0	1	0	0	120000.0	0.0	39.8588	-83.0829	2.63	75	1	1	1
3462	616023	2018	4	16:17:00	IL	0	1	0	0	250000.0	0.0	37.7616	-89.0737	9.98	125	1	1	1
3463	616025	2018	4	16:39:00	IL	0	1	0	0	40000.0	0.0	37.7845	-88.85	1.93	150	1	1	1
3464	616026	2018	4	16:47:00	IL	0	2	0	0	507000.0	0.0	37.8071	-88.7347	12.35	350	1	1	1
3465	616028	2018	4	17:06:00	MO	0	1	0	0	1500000.0	0.0	36.0022	-90.2311	6.7	200	1	1	1
3466	616030	2018	4	17:14:00	MO	0	1	0	0	90000.0	0.0	36.7691	-89.6413	2.55	125	1	1	1
3467	616031	2018	4	17:29:00	IL	0	1	0	0	130000.0	0.0	37.1759	-88.7551	10.59	75	1	1	1
3468	616032	2018	4	17:38:00	IL	0	1	0	0	50000.0	0.0	37.9512	-88.0651	2.25	225	1	1	1
3469	616214	2018	5	20:45:00	KS	0	2	0	0	0.0	0.0	37.0601	-96.7227	0.8	75	1	1	1
3470	616215	2018	5	20:48:00	KS	0	1	0	0	0.0	0.0	37.0694	-96.7103	4.23	75	1	1	1
3471	616217	2018	5	20:56:00	KS	0	1	0	0	0.0	0.0	37.2765	-96.9021	2.31	50	1	1	1
3472	616242	2018	5	17:25:00	MO	0	1	0	0	20000.0	0.0	37.4785	-93.3062	2.3	100	1	1	1
3473	616243	2018	5	17:28:00	MO	0	1	0	0	20000.0	0.0	37.5025	-93.2799	2.0	100	1	1	1
3474	616314	2018	5	18:44:00	MO	0	1	0	0	25000.0	0.0	37.453	-89.5378	2.21	150	1	1	1
3475	616315	2018	5	18:54:00	IL	0	1	0	0	70000.0	0.0	37.481	-89.4697	3.11	150	1	1	1
3476	616151	2018	5	17:59:00	KS	0	1	0	0	0.0	0.0	39.4012	-97.7314	8.9	225	1	1	1
3477	616155	2018	5	18:41:00	KS	0	3	0	0	100000.0	0.0	38.94	-97.883	15.78	880	1	1	1
3478	616156	2018	5	18:49:00	KS	0	1	0	0	0.0	0.0	39.494	-97.348	8.13	200	1	1	1
3479	616157	2018	5	18:56:00	KS	0	1	0	0	0.0	0.0	39.2474	-97.3287	11.89	50	1	1	1
3480	616182	2018	5	20:09:00	KS	0	1	0	0	0.0	0.0	38.874	-94.6922	4.72	25	1	1	1
3481	616188	2018	5	01:10:00	MO	0	1	0	0	100000.0	0.0	37.0554	-93.2124	1.5	100	1	1	1
3482	616190	2018	5	01:45:00	MO	0	1	0	0	10000.0	0.0	36.8435	-92.6028	0.78	75	1	1	1
3483	616367	2018	6	20:18:00	ND	0	1	0	0	0.0	0.0	48.84	-99.47	3.43	200	1	1	1
3484	616368	2018	6	20:45:00	ND	0	1	0	0	0.0	0.0	48.74	-99.28	4.0	250	1	1	1
3485	616369	2018	6	21:24:00	ND	0	1	0	0	0.0	0.0	48.62	-98.94	4.0	200	1	1	1
3486	616374	2018	6	14:17:00	NE	0	1	0	0	125000.0	0.0	41.07	-102.197	2.14	162	1	1	1
3487	616378	2018	6	16:13:00	NE	0	1	0	0	60000.0	0.0	41.402	-101.263	2.13	195	1	1	1
3488	616431	2018	6	14:30:00	MO	0	1	0	0	0.0	0.0	38.0654	-93.8217	2.48	200	1	1	1
3489	616436	2018	6	17:54:00	IL	0	1	0	0	30000.0	0.0	41.4102	-87.9857	1.12	100	1	1	1
3490	616437	2018	6	18:18:00	KS	0	3	8	0	13690000.0	0.0	37.8115	-96.3084	9.15	500	1	1	1
3491	616439	2018	6	19:27:00	IL	0	1	0	0	37000.0	0.0	40.2725	-88.1022	3.88	75	1	1	1
3492	616448	2018	6	13:51:00	MN	0	1	0	0	0.0	0.0	47.46	-96.13	1.0	150	1	1	1
3493	616455	2018	6	20:20:00	SD	0	3	0	0	0.0	0.0	45.4092	-104.0405	3.59	900	1	1	1
3494	616456	2018	6	20:30:00	SD	0	2	0	0	0.0	0.0	45.4259	-103.9053	2.3	100	1	1	1
3495	616458	2018	6	21:10:00	SD	0	2	0	0	0.0	0.0	45.5562	-103.7596	7.05	300	1	1	1
3496	616459	2018	6	02:55:00	ND	0	1	0	0	0.0	0.0	47.81	-97.57	1.82	200	1	1	1
3497	616460	2018	6	03:48:00	MN	0	1	0	0	0.0	0.0	47.27	-96.26	1.21	150	1	1	1
3498	616461	2018	6	03:54:00	MN	0	2	0	0	6500000.0	500000.0	47.55	-96.02	15.38	400	1	1	1
3499	616462	2018	6	03:56:00	MN	0	1	0	0	0.0	0.0	47.64	-96.0	2.5	250	1	1	1
3500	616465	2018	6	16:20:00	SD	0	1	0	0	0.0	0.0	44.353	-104.0556	7.07	200	1	1	1
3501	616469	2018	6	17:12:00	NE	0	1	0	0	0.0	0.0	40.5384	-97.2866	1.4	200	1	1	1
3502	616324	2018	6	16:34:00	ND	0	2	0	0	175000.0	0.0	47.5	-102.75	3.49	200	1	1	1
3503	616342	2018	6	15:54:00	ND	0	1	0	0	0.0	0.0	48.01	-97.93	2.69	150	1	1	1
3504	616346	2018	6	14:07:00	IA	0	1	0	0	15000.0	500.0	43.3016	-93.63	2.75	80	1	1	1
3505	616350	2018	6	16:34:00	IN	0	1	0	0	0.0	0.0	41.6138	-85.0163	0.89	375	1	1	1
3506	616351	2018	6	20:36:00	IA	0	1	0	0	0.0	0.0	42.4419	-91.6231	0.1	20	1	1	1
3507	616486	2018	7	20:24:00	MN	0	1	0	0	20000.0	0.0	48.05	-94.85	2.0	400	1	1	1
3508	616487	2018	7	20:31:00	MN	0	1	0	0	100000.0	4000.0	47.99	-94.75	5.0	400	1	1	1
3509	616490	2018	7	15:12:00	ND	0	1	0	0	60000.0	10000.0	47.3047	-102.1931	0.33	100	1	1	1
3510	616494	2018	7	18:35:00	SD	0	1	0	0	0.0	0.0	43.6738	-99.644	0.21	20	1	1	1
3511	616500	2018	7	13:50:00	IA	0	2	0	0	35000.0	3500.0	41.7246	-93.4951	3.68	130	1	1	1
3512	616501	2018	7	13:51:00	IA	0	2	0	0	250000.0	1000.0	41.7008	-93.5037	2.95	100	1	1	1
3513	616508	2018	7	14:45:00	IA	0	1	0	0	8000.0	3000.0	41.5286	-93.0643	3.96	500	1	1	1
3514	616510	2018	7	15:01:00	IA	0	3	13	0	120080000.0	6000.0	41.4602	-92.9371	9.17	800	1	1	1
3515	616513	2018	7	15:24:00	IA	0	3	22	0	200000000.0	4000.0	42.0829	-93.0275	8.41	1200	1	1	1
3516	616515	2018	7	17:07:00	IA	0	1	0	0	0.0	0.0	40.803	-91.9699	2.14	50	1	1	1
3517	616516	2018	7	17:09:00	IA	0	1	0	0	0.0	0.0	40.7482	-91.9567	0.19	75	1	1	1
3518	616521	2018	7	12:04:00	IN	0	1	0	0	600000.0	0.0	38.1527	-86.1501	6.0	250	1	1	1
3519	616523	2018	7	13:50:00	IN	0	1	0	0	30000.0	500.0	40.1954	-85.6115	0.6	30	1	1	1
3520	616562	2018	7	20:50:00	OH	0	1	0	0	150000.0	0.0	41.6219	-83.4714	6.78	25	1	1	1
3521	616472	2018	7	01:29:00	ND	0	2	0	0	100000.0	4000.0	47.83	-98.72	3.12	400	1	1	1
3522	616473	2018	7	02:20:00	ND	0	1	0	0	200000.0	2000.0	48.32	-98.48	1.0	150	1	1	1
3523	616474	2018	7	05:18:00	MN	0	1	0	0	250000.0	0.0	47.49	-94.88	0.7	200	1	1	1
3524	616480	2018	7	17:46:00	ND	0	1	0	0	50000.0	0.0	46.26	-97.46	1.9	100	1	1	1
3525	616483	2018	7	23:45:00	ND	0	2	28	1	3500000.0	0.0	47.7814	-103.295	0.53	400	1	1	1
3526	616601	2018	8	16:57:00	MO	0	1	0	0	25000.0	0.0	37.6468	-94.2696	1.01	100	1	1	1
3527	616603	2018	8	17:42:00	MO	0	1	0	0	95000.0	0.0	36.8815	-93.738	9.44	100	1	1	1
3528	616613	2018	8	22:30:00	MN	0	1	0	0	0.0	0.0	47.46	-96.18	20.94	300	1	1	1
3529	616614	2018	8	22:51:00	MN	0	1	0	0	0.0	0.0	47.62	-95.72	25.03	200	1	1	1
3530	616615	2018	8	23:50:00	MN	0	1	0	0	0.0	0.0	48.12	-94.51	1.0	150	1	1	1
3531	616618	2018	8	19:23:00	WI	0	1	0	0	25000.0	0.0	44.0288	-90.4787	5.12	150	1	1	1
3532	616619	2018	8	14:00:00	WI	0	1	0	0	0.0	0.0	43.7691	-89.5827	0.65	50	1	1	1
3533	616620	2018	8	14:03:00	WI	0	1	0	0	0.0	0.0	43.7531	-89.4279	1.78	75	1	1	1
3534	616621	2018	8	14:17:00	WI	0	1	0	0	0.0	0.0	43.7393	-89.2448	3.12	90	1	1	1
3535	616623	2018	8	14:55:00	WI	0	1	0	0	0.0	0.0	43.6946	-88.8448	4.57	175	1	1	1
3536	616625	2018	8	15:04:00	WI	0	1	0	0	0.0	0.0	43.6823	-88.6637	4.44	100	1	1	1
3537	616627	2018	8	15:09:00	WI	0	1	0	0	0.0	0.0	43.6397	-88.5031	0.92	100	1	1	1
3538	616628	2018	8	15:11:00	WI	0	1	0	0	0.0	0.0	43.639	-88.4876	0.15	80	1	1	1
3539	616629	2018	8	15:11:00	WI	0	2	0	0	169000.0	5000.0	43.6153	-88.5222	3.91	150	1	1	1
3540	616630	2018	8	15:12:00	WI	0	1	0	0	0.0	0.0	43.6129	-88.4999	2.68	100	1	1	1
3541	616631	2018	8	15:16:00	WI	0	1	0	0	0.0	0.0	43.6386	-88.4267	2.83	100	1	1	1
3542	616632	2018	8	15:22:00	WI	0	1	0	0	0.0	0.0	43.6579	-88.3394	4.47	90	1	1	1
3543	616633	2018	8	15:27:00	WI	0	1	0	0	0.0	0.0	43.7299	-88.25	4.01	100	1	1	1
3544	616635	2018	8	15:33:00	WI	0	1	0	0	75000.0	0.0	43.951	-88.0424	0.98	75	1	1	1
3545	616636	2018	8	15:36:00	WI	0	1	0	0	0.0	0.0	43.7012	-88.106	5.33	100	1	1	1
3546	616639	2018	8	17:30:00	MI	0	1	0	0	100000.0	0.0	43.89	-85.83	1.0	500	1	1	1
3547	616642	2018	8	18:53:00	MI	0	1	0	0	65000.0	0.0	44.3221	-84.1679	0.16	40	1	1	1
3548	616644	2018	8	19:14:00	MI	0	1	0	0	70000.0	0.0	44.016	-83.7057	0.92	50	1	1	1
3549	616576	2018	8	18:27:00	IN	0	1	0	0	0.0	0.0	41.2449	-85.829	4.04	50	1	1	1
3550	616577	2018	8	18:43:00	NE	0	1	0	0	25000.0	1000000.0	40.9933	-97.7701	1.62	125	1	1	1
3551	616713	2018	9	12:23:00	OH	0	1	0	0	75000.0	0.0	41.5017	-81.068	3.18	25	1	1	1
3552	616714	2018	9	12:31:00	OH	0	1	0	0	145000.0	0.0	41.4814	-81.0206	4.11	25	1	1	1
3553	616715	2018	9	16:21:00	IA	0	1	0	0	0.0	0.0	43.4238	-94.9899	5.07	35	1	1	1
3554	616716	2018	9	16:52:00	MN	0	1	0	0	1500000.0	0.0	43.698	-94.353	6.48	220	1	1	1
3555	616719	2018	9	17:19:00	MN	0	1	1	0	0.0	0.0	44.1401	-93.7612	7.13	440	1	1	1
3556	616721	2018	9	17:20:00	MN	0	1	0	0	0.0	0.0	43.9926	-93.6634	10.88	300	1	1	1
3557	616722	2018	9	17:25:00	MN	0	1	0	0	0.0	0.0	44.1816	-93.6305	7.17	330	1	1	1
3558	616723	2018	9	17:28:00	MN	0	1	0	0	0.0	0.0	44.0797	-93.4774	11.13	350	1	1	1
3559	616724	2018	9	17:31:00	MN	0	2	0	0	0.0	0.0	44.2098	-93.4504	4.94	300	1	1	1
3560	616725	2018	9	17:35:00	MN	0	1	0	0	0.0	0.0	44.0595	-93.332	8.12	300	1	1	1
3561	616726	2018	9	17:35:00	MN	0	1	0	0	0.0	0.0	44.2527	-93.438	8.57	440	1	1	1
3562	616727	2018	9	17:37:00	MN	0	2	0	0	0.0	0.0	44.3036	-93.3448	2.95	600	1	1	1
3563	616728	2018	9	17:40:00	MN	0	1	0	0	0.0	0.0	44.3336	-93.3628	1.57	150	1	1	1
3564	616729	2018	9	17:40:00	MN	0	1	0	0	0.0	0.0	44.1965	-93.2379	9.06	500	1	1	1
3565	616730	2018	9	17:44:00	MN	0	1	0	0	0.0	0.0	44.351	-93.2657	4.66	440	1	1	1
3566	616731	2018	9	17:44:00	MN	0	1	0	0	0.0	0.0	44.2466	-93.1307	7.17	300	1	1	1
3567	616732	2018	9	17:45:00	MN	0	1	0	0	0.0	0.0	44.3649	-93.3035	5.75	440	1	1	1
3568	616734	2018	9	17:52:00	MN	0	1	0	0	0.0	0.0	44.4149	-93.1268	5.31	550	1	1	1
3569	616736	2018	9	18:01:00	MN	0	1	0	0	0.0	0.0	44.4771	-92.9206	1.86	440	1	1	1
3570	616742	2018	9	00:27:00	IA	0	1	0	0	250000.0	0.0	42.2042	-90.4678	0.3	20	1	1	1
3571	616745	2018	9	12:30:00	IA	0	1	0	0	1000.0	0.0	42.1338	-91.6186	0.12	20	1	1	1
3572	616747	2018	9	13:14:00	IA	0	1	0	0	2000.0	0.0	41.1559	-91.4563	1.05	200	1	1	1
3573	616748	2018	9	18:23:00	MI	0	1	0	0	500000.0	0.0	41.9562	-83.4321	4.32	520	1	1	1
3574	616750	2018	9	18:55:00	MI	0	1	0	0	500000.0	0.0	42.0914	-83.2059	3.27	200	1	1	1
3575	616752	2018	9	03:53:00	OH	0	1	0	0	750000.0	0.0	39.9564	-82.9702	3.73	150	1	1	1
3576	616654	2018	9	16:31:00	IA	0	1	0	0	0.0	0.0	42.1721	-91.6619	4.98	100	1	1	1
3577	616656	2018	9	20:08:00	IA	0	1	0	0	35000.0	0.0	41.9709	-91.7393	2.18	30	1	1	1
3578	616657	2018	9	14:35:00	IA	0	1	0	0	8000.0	0.0	43.0429	-94.3374	1.23	50	1	1	1
3579	616658	2018	9	20:05:00	MN	0	1	0	0	7000.0	0.0	43.8443	-91.7903	5.14	50	1	1	1
3580	618439	2019	10	00:03:00	MO	0	1	0	0	0.0	0.0	36.9363	-93.2845	11.88	150	1	1	1
3581	618441	2019	10	00:18:00	MO	0	1	0	0	100000.0	0.0	37.0573	-93.0693	6.29	250	1	1	1
3582	618442	2019	10	01:06:00	MO	0	1	0	0	25000.0	0.0	36.853	-92.4388	16.32	450	1	1	1
3583	618443	2019	10	01:13:00	MO	0	1	0	0	100000.0	0.0	36.7464	-92.3107	12.94	450	1	1	1
3584	618445	2019	10	01:46:00	MO	0	1	0	0	90000.0	0.0	37.5017	-91.8896	1.11	450	1	1	1
3585	618407	2019	10	20:42:00	WI	0	1	0	0	0.0	0.0	42.9935	-88.6273	12.83	100	1	1	1
3586	617029	2019	1	09:20:00	OH	0	1	0	0	250000.0	0.0	41.3226	-80.8153	4.5	75	1	1	1
3587	617055	2019	2	11:12:00	IN	0	1	0	0	150000.0	0.0	38.3217	-87.3756	2.5	100	1	1	1
3588	617146	2019	3	12:06:00	IN	0	1	0	0	70000.0	0.0	38.9202	-86.0382	1.24	40	1	1	1
3589	617154	2019	3	16:45:00	MI	0	2	0	0	9750000.0	0.0	42.834	-84.2384	18.2	700	1	1	1
3590	617178	2019	3	18:31:00	MO	0	1	0	0	0.0	0.0	37.4076	-90.2227	4.24	250	1	1	1
3591	617179	2019	3	19:47:00	MO	0	2	1	0	60000.0	0.0	37.4187	-90.1217	10.3	250	1	1	1
3592	617250	2019	4	14:42:00	OH	0	2	5	0	500000.0	0.0	40.8388	-82.6946	17.0	800	1	1	1
3593	617388	2019	4	17:19:00	IN	0	1	0	0	50000.0	0.0	38.9213	-85.609	0.33	30	1	1	1
3594	617390	2019	4	17:52:00	IN	0	1	0	0	3000.0	0.0	39.1322	-85.4821	0.05	30	1	1	1
3595	617410	2019	4	14:22:00	MO	0	1	0	0	150000.0	0.0	37.1961	-93.8606	3.75	100	1	1	1
3596	617411	2019	4	14:42:00	MO	0	1	0	0	650000.0	0.0	36.7077	-94.172	12.34	880	1	1	1
3597	617412	2019	4	14:50:00	MO	0	1	0	0	25000.0	0.0	36.5416	-92.7845	5.4	100	1	1	1
3598	617428	2019	4	17:44:00	MO	0	1	0	0	75000.0	0.0	36.8195	-92.6849	8.57	200	1	1	1
3599	617431	2019	4	18:06:00	MO	0	1	0	0	0.0	0.0	36.9327	-92.5663	3.05	200	1	1	1
3600	617432	2019	4	18:30:00	MO	0	1	0	0	250000.0	0.0	37.0899	-92.4868	1.43	75	1	1	1
3601	617433	2019	4	18:39:00	MO	0	1	0	0	50000.0	0.0	37.2863	-93.9114	0.6	50	1	1	1
3602	617434	2019	4	18:40:00	MO	0	1	0	0	300000.0	0.0	37.445	-93.5552	1.84	100	1	1	1
3603	617436	2019	4	19:15:00	MO	0	1	0	0	25000.0	0.0	37.328	-93.4614	1.78	200	1	1	1
3604	617437	2019	4	19:21:00	MO	0	1	0	0	300000.0	0.0	37.356	-93.3902	1.71	200	1	1	1
3605	617438	2019	4	19:28:00	MO	0	2	3	0	10700000.0	0.0	37.0688	-93.1978	10.28	400	1	1	1
3606	617440	2019	4	19:35:00	MO	0	1	0	0	125000.0	0.0	36.806	-93.5405	23.29	100	1	1	1
3607	617443	2019	4	20:35:00	MO	0	1	0	0	60000.0	0.0	37.1596	-92.4533	2.17	100	1	1	1
3608	617445	2019	4	20:51:00	MO	0	1	0	0	0.0	0.0	37.3236	-92.1228	5.64	100	1	1	1
3609	617451	2019	4	22:26:00	MO	0	1	0	0	0.0	0.0	37.7179	-90.8035	0.06	30	1	1	1
3610	617571	2019	5	16:55:00	NE	0	2	0	0	0.0	0.0	40.2034	-100.7604	6.0	350	1	1	1
3611	617576	2019	5	17:58:00	NE	0	2	0	0	12000.0	0.0	40.5812	-100.3127	0.6	178	1	1	1
3612	617577	2019	5	18:05:00	NE	0	3	0	0	100000.0	0.0	40.6119	-100.2722	2.12	400	1	1	1
3613	617579	2019	5	18:15:00	NE	0	1	0	0	250000.0	0.0	40.6992	-100.1972	4.67	400	1	1	1
3614	617581	2019	5	18:54:00	NE	0	1	0	0	900000.0	0.0	40.8606	-99.953	9.75	600	1	1	1
3615	617583	2019	5	19:30:00	NE	0	1	0	0	15000.0	0.0	41.0773	-99.6836	0.1	92	1	1	1
3616	617585	2019	5	19:37:00	KS	0	3	0	0	500000.0	0.0	37.3497	-100.1384	29.62	600	1	1	1
3617	617587	2019	5	20:30:00	KS	0	2	0	0	0.0	0.0	37.6775	-99.7119	14.86	875	1	1	1
3618	617588	2019	5	21:19:00	KS	0	2	0	0	0.0	0.0	37.9405	-99.2515	10.92	565	1	1	1
3619	617632	2019	5	18:39:00	OH	0	1	0	0	250000.0	0.0	39.7529	-84.7042	4.41	150	1	1	1
3620	617633	2019	5	18:50:00	OH	0	1	0	0	550000.0	0.0	39.7349	-84.545	7.6	120	1	1	1
3621	617634	2019	5	19:22:00	OH	0	1	0	0	150000.0	0.0	39.8509	-84.1497	0.97	150	1	1	1
3622	617647	2019	5	15:14:00	KS	0	1	0	0	25000.0	0.0	37.3325	-94.7516	2.19	440	1	1	1
3623	617649	2019	5	15:23:00	KS	0	1	0	0	1150000.0	0.0	37.3524	-94.7074	10.67	1200	2	0	1
3624	617649	2019	5	15:23:00	KS	0	1	0	0	1100000.0	0.0	37.3524	-94.7074	6.14	1200	2	1	2
3625	617649	2019	5	15:34:00	MO	0	1	0	0	50000.0	0.0	37.4053	-94.6175	4.53	440	2	1	2
3626	617689	2019	5	13:48:00	MO	0	1	0	0	35000.0	0.0	37.2722	-93.0549	7.07	100	1	1	1
3627	617690	2019	5	14:17:00	MO	0	1	0	0	5000000.0	0.0	37.0797	-92.6268	23.75	200	1	1	1
3628	617691	2019	5	15:18:00	MO	0	1	0	0	0.0	0.0	37.627	-91.8774	5.87	800	1	1	1
3629	617692	2019	5	15:32:00	KS	0	1	0	0	0.0	0.0	38.8433	-97.1004	7.48	100	1	1	1
3630	617695	2019	5	16:05:00	MO	0	1	0	0	0.0	0.0	38.8542	-91.728	0.56	250	1	1	1
3631	617696	2019	5	16:58:00	MO	0	1	0	0	0.0	0.0	38.5319	-90.8934	5.94	250	1	1	1
3632	617698	2019	5	17:38:00	KS	0	2	0	0	0.0	0.0	39.3281	-95.7311	17.13	75	1	1	1
3633	617701	2019	5	18:08:00	KS	0	1	0	0	0.0	0.0	39.5411	-95.4228	5.39	30	1	1	1
3634	617702	2019	5	18:20:00	KS	0	3	0	0	0.0	0.0	39.9243	-95.9335	5.9	300	1	1	1
3635	617706	2019	5	00:04:00	IA	0	1	0	0	15000.0	0.0	41.4087	-94.7524	1.09	50	1	1	1
3636	617707	2019	5	00:29:00	IA	0	2	1	1	500000.0	0.0	41.4557	-94.6249	4.75	150	1	1	1
3637	617722	2019	5	18:34:00	KS	0	1	0	0	0.0	0.0	36.9989	-94.8707	2.82	1000	2	1	2
3638	617723	2019	5	19:05:00	KS	0	3	0	0	5275000.0	0.0	37.1096	-94.6244	9.22	440	2	0	1
3639	617723	2019	5	19:05:00	KS	0	1	0	0	25000.0	0.0	37.1096	-94.6244	0.45	400	2	1	2
3640	617723	2019	5	19:06:00	MO	0	3	0	0	5250000.0	0.0	37.1136	-94.618	8.77	440	2	1	2
3641	617725	2019	5	19:17:00	IL	0	1	0	0	0.0	0.0	40.3319	-91.3222	0.53	30	1	1	1
3642	617731	2019	5	19:51:00	MO	0	3	1	3	1015000.0	0.0	37.308	-94.2343	11.29	880	1	1	1
3643	617733	2019	5	21:07:00	MO	0	1	0	0	0.0	0.0	36.606	-94.6178	0.09	250	2	1	2
3644	617736	2019	5	21:56:00	MO	0	3	33	0	174010000.0	0.0	38.3344	-92.6132	32.68	1500	1	1	1
3645	617737	2019	5	23:15:00	IL	0	1	0	0	0.0	0.0	39.9199	-89.6909	15.25	150	1	1	1
3646	617738	2019	5	23:33:00	IL	0	1	0	0	0.0	0.0	40.1719	-89.3926	2.7	100	1	1	1
3647	617741	2019	5	00:10:00	IL	0	1	0	0	0.0	0.0	40.0116	-88.7367	1.34	200	1	1	1
3648	617742	2019	5	00:49:00	MO	0	1	0	0	155000.0	0.0	37.7132	-92.435	11.05	440	1	1	1
3649	617743	2019	5	01:06:00	IL	0	1	0	0	0.0	0.0	40.1133	-87.8552	1.56	200	1	1	1
3650	617746	2019	5	15:15:00	IN	0	1	0	0	0.0	0.0	40.595	-85.5741	0.09	50	1	1	1
3651	617760	2019	5	02:40:00	KS	0	1	0	0	0.0	0.0	39.8254	-96.6876	9.6	50	1	1	1
3652	617761	2019	5	03:19:00	KS	0	1	0	0	0.0	0.0	39.8863	-96.0678	5.94	50	1	1	1
3653	617762	2019	5	11:33:00	IL	0	1	0	0	0.0	0.0	40.3624	-90.7368	7.75	50	1	1	1
3654	617763	2019	5	11:41:00	IL	0	1	0	0	0.0	0.0	40.3674	-90.5595	1.85	30	1	1	1
3655	617765	2019	5	15:19:00	KS	0	1	0	0	0.0	0.0	37.5093	-97.0107	1.35	75	1	1	1
3656	617767	2019	5	16:24:00	ND	0	1	0	0	0.0	0.0	47.11	-98.31	4.08	150	1	1	1
3657	617771	2019	5	17:36:00	IA	0	1	0	0	0.0	0.0	41.5689	-91.7208	10.76	75	1	1	1
3658	617774	2019	5	18:30:00	MN	0	1	0	0	0.0	0.0	47.21	-95.98	3.5	200	1	1	1
3659	617781	2019	5	16:42:00	OH	0	1	0	0	60000.0	0.0	40.58	-81.09	0.54	50	1	1	1
3660	617794	2019	5	22:14:00	IL	0	1	0	0	0.0	0.0	40.4188	-89.7073	1.15	200	1	1	1
3661	617795	2019	5	22:19:00	IL	0	1	0	0	0.0	0.0	40.4198	-89.6378	0.72	150	1	1	1
3662	617802	2019	5	00:23:00	IL	0	1	0	0	0.0	0.0	40.0948	-88.2679	0.9	250	1	1	1
3663	617803	2019	5	00:27:00	IL	0	1	0	0	0.0	0.0	40.0866	-88.2083	0.85	250	1	1	1
3664	617804	2019	5	00:35:00	IL	0	1	0	0	0.0	0.0	40.0986	-88.0571	1.01	250	1	1	1
3665	617820	2019	5	18:21:00	NE	0	1	0	0	125000.0	0.0	40.2632	-98.9848	1.9	500	1	1	1
3666	617831	2019	5	21:49:00	KS	0	1	0	0	60000.0	0.0	37.8213	-100.3394	0.74	25	1	1	1
3667	617832	2019	5	21:51:00	KS	0	1	0	0	0.0	0.0	37.7905	-100.1806	1.86	25	1	1	1
3668	617833	2019	5	21:52:00	KS	0	1	0	0	0.0	0.0	37.7626	-100.1106	1.83	25	1	1	1
3669	617834	2019	5	22:07:00	KS	0	1	0	0	0.0	0.0	37.7297	-99.7239	3.09	50	1	1	1
3670	617836	2019	5	22:28:00	KS	0	1	0	0	60000.0	0.0	38.1601	-99.6583	1.27	25	1	1	1
3671	617837	2019	5	23:00:00	KS	0	1	0	0	0.0	0.0	37.7483	-98.9294	8.88	100	1	1	1
3672	617842	2019	5	11:23:00	IA	0	1	0	0	625000.0	0.0	43.0486	-92.7366	9.83	105	1	1	1
3673	617845	2019	5	12:25:00	IA	0	3	0	0	0.0	0.0	40.667	-91.9983	7.27	100	1	1	1
3674	617846	2019	5	12:25:00	IA	0	1	0	0	1300000.0	0.0	43.2975	-92.4343	12.62	95	1	1	1
3675	617848	2019	5	12:36:00	IA	0	1	0	0	0.0	0.0	40.7793	-91.61	0.53	20	1	1	1
3676	617867	2019	5	17:34:00	IN	0	1	0	0	0.0	0.0	40.685	-86.042	0.58	50	1	1	1
3677	617869	2019	5	17:51:00	IN	0	3	0	0	0.0	0.0	40.981	-86.1276	13.72	800	1	1	1
3678	617870	2019	5	18:05:00	IN	0	2	1	0	150000.0	0.0	39.9985	-85.7549	5.89	100	1	1	1
3679	617871	2019	5	18:10:00	IN	0	2	0	0	0.0	0.0	40.637	-85.846	4.09	150	1	1	1
3680	617872	2019	5	18:26:00	IN	0	1	0	0	0.0	0.0	41.025	-85.792	1.9	50	1	1	1
3681	617873	2019	5	18:29:00	IN	0	1	0	0	20000.0	0.0	40.033	-85.531	0.17	50	1	1	1
3682	617875	2019	5	18:39:00	IN	0	1	0	0	40000.0	0.0	40.0523	-85.4825	2.45	200	1	1	1
3683	617877	2019	5	18:59:00	IN	0	3	2	0	0.0	0.0	40.577	-85.392	12.76	1200	1	1	1
3684	617878	2019	5	19:23:00	NE	0	1	0	0	200000.0	0.0	40.59	-101.73	5.51	250	1	1	1
3685	617880	2019	5	19:48:00	OH	0	1	0	0	100000.0	0.0	39.9705	-84.8105	1.42	100	1	1	1
3686	617881	2019	5	20:02:00	OH	0	3	8	1	15000000.0	0.0	40.5515	-84.6911	10.84	250	1	1	1
3687	617882	2019	5	20:04:00	OH	0	1	0	0	500000.0	0.0	39.9675	-84.7152	0.45	200	1	1	1
3688	617884	2019	5	20:25:00	OH	0	3	1	0	10050000.0	0.0	39.9759	-84.4679	10.49	1320	1	1	1
3689	617885	2019	5	20:33:00	OH	0	1	0	0	500000.0	0.0	40.5597	-84.2593	1.31	150	1	1	1
3690	617886	2019	5	20:41:00	OH	0	4	166	0	500000000.0	0.0	39.8243	-84.4632	18.17	1050	1	1	1
3691	617891	2019	5	21:12:00	OH	0	3	0	0	50500000.0	0.0	39.769	-84.1092	9.92	1230	1	1	1
3692	617894	2019	5	21:34:00	OH	0	2	0	0	1000000.0	0.0	39.8618	-84.2506	7.57	440	1	1	1
3693	617896	2019	5	21:48:00	OH	0	1	0	0	53000.0	0.0	39.7068	-83.7342	5.77	250	1	1	1
3694	617898	2019	5	22:57:00	OH	0	1	0	0	1000000.0	0.0	39.5491	-82.935	3.77	150	1	1	1
3695	617899	2019	5	23:09:00	OH	0	1	0	0	1500000.0	0.0	39.5157	-82.7965	1.64	75	1	1	1
3696	617900	2019	5	23:17:00	OH	0	2	0	0	1500000.0	0.0	39.5128	-82.7271	5.31	400	1	1	1
3697	617901	2019	5	23:35:00	OH	0	1	0	0	120000.0	0.0	39.8137	-82.1023	1.98	750	1	1	1
3698	617911	2019	5	16:20:00	KS	0	2	0	0	150000.0	0.0	39.1135	-98.8505	24.41	880	1	1	1
3699	617912	2019	5	16:49:00	KS	0	2	12	0	0.0	0.0	38.7541	-95.5186	10.69	200	1	1	1
3700	617914	2019	5	17:05:00	KS	0	4	4	0	26000000.0	0.0	38.8381	-95.3665	29.07	1760	1	1	1
3701	617917	2019	5	18:58:00	MO	0	2	0	0	0.0	0.0	39.3416	-94.3335	5.85	400	1	1	1
3702	617918	2019	5	07:44:00	MO	0	1	0	0	50000.0	0.0	36.9167	-89.5213	0.97	75	1	1	1
3703	617949	2019	5	18:01:00	IA	0	1	1	0	10000.0	0.0	41.5295	-92.4557	3.52	50	1	1	1
3704	617497	2019	5	16:38:00	NE	0	2	0	0	0.0	0.0	40.7842	-96.7583	0.55	200	1	1	1
3705	617499	2019	5	17:15:00	KS	0	1	0	0	0.0	0.0	37.4045	-100.4331	1.08	100	1	1	1
3706	617500	2019	5	17:25:00	KS	0	1	0	0	40000.0	0.0	38.2814	-98.5543	0.57	75	1	1	1
3707	617507	2019	5	18:34:00	KS	0	1	0	0	0.0	0.0	38.1083	-98.1058	0.14	300	1	1	1
3708	617508	2019	5	18:35:00	KS	0	1	0	0	100000.0	0.0	38.0951	-98.1052	0.4	100	1	1	1
3709	618029	2019	6	16:29:00	IN	0	1	0	0	100000.0	0.0	39.2038	-86.8726	8.11	200	1	1	1
3710	618030	2019	6	16:48:00	IN	0	2	0	0	110000.0	0.0	39.2473	-86.6671	3.68	400	1	1	1
3711	618031	2019	6	16:56:00	IN	0	2	0	0	250000.0	0.0	39.0456	-86.7965	3.52	400	1	1	1
3712	618033	2019	6	17:26:00	IN	0	1	0	0	1080000.0	0.0	39.7071	-86.0971	1.86	200	1	1	1
3713	618036	2019	6	18:48:00	IN	0	2	0	0	275000.0	0.0	39.5451	-85.5457	14.48	200	1	1	1
3714	618039	2019	6	19:20:00	IA	0	2	0	0	0.0	0.0	41.0576	-91.0716	1.82	260	1	1	1
3715	618040	2019	6	19:24:00	IA	0	2	0	0	0.0	0.0	41.0551	-91.052	1.3	300	1	1	1
3716	618041	2019	6	19:38:00	IL	0	1	0	0	0.0	0.0	41.1133	-90.9042	0.68	40	1	1	1
3717	618043	2019	6	19:42:00	IN	0	1	0	0	35000.0	0.0	39.6998	-84.9239	2.11	35	1	1	1
3718	618049	2019	6	21:19:00	IL	0	1	0	0	60000.0	0.0	40.4648	-89.6351	2.43	200	1	1	1
3719	618050	2019	6	22:36:00	IL	0	1	0	0	40000.0	0.0	40.3591	-88.5289	1.94	50	1	1	1
3720	618054	2019	6	13:23:00	OH	0	1	0	0	10000.0	0.0	41.3591	-81.4981	2.2	150	1	1	1
3721	618057	2019	6	14:11:00	OH	0	1	0	0	275000.0	0.0	41.2807	-81.024	13.47	250	1	1	1
3722	618088	2019	6	16:18:00	MN	0	1	0	0	0.0	0.0	44.4525	-95.2105	5.39	550	1	1	1
3723	618117	2019	6	16:10:00	IL	0	1	0	0	40000.0	0.0	37.402	-88.523	2.8	120	1	1	1
3724	618125	2019	6	14:50:00	OH	0	1	0	0	5000.0	0.0	40.134	-81.931	0.14	50	1	1	1
3725	618127	2019	6	15:55:00	OH	0	1	0	0	55000.0	0.0	39.0436	-83.3705	9.22	300	1	1	1
3726	618128	2019	6	16:28:00	OH	0	1	0	0	75000.0	0.0	39.0468	-82.9083	4.3	200	1	1	1
3727	618137	2019	6	14:35:00	SD	0	1	0	0	0.0	0.0	43.243	-101.97	5.82	720	1	1	1
3728	617974	2019	6	16:48:00	MN	0	1	0	0	40000.0	0.0	43.9867	-92.4923	1.25	75	1	1	1
3729	617979	2019	6	16:26:00	OH	0	1	0	0	0.0	0.0	40.1462	-82.1611	2.82	50	1	1	1
3730	618007	2019	6	18:34:00	MN	0	2	0	0	0.0	0.0	47.5	-96.21	3.6	400	1	1	1
3731	618181	2019	7	21:24:00	ND	0	1	0	0	1600000.0	0.0	46.4003	-102.3448	2.9	200	1	1	1
3732	618189	2019	7	04:22:00	SD	0	1	0	0	100000.0	0.0	43.2559	-97.9773	1.69	50	1	1	1
3733	618191	2019	7	15:40:00	MN	0	1	0	0	0.0	0.0	48.55	-94.95	15.0	100	1	1	1
3734	618195	2019	7	18:49:00	MN	0	1	0	0	0.0	0.0	48.5411	-92.9993	3.43	600	1	1	1
3735	618196	2019	7	19:01:00	MN	0	1	0	0	0.0	0.0	47.996	-92.8542	5.73	420	1	1	1
3736	618199	2019	7	13:29:00	WI	0	1	0	0	0.0	0.0	46.3076	-91.6082	1.3	160	1	1	1
3737	618205	2019	7	16:28:00	WI	0	1	0	0	0.0	0.0	45.4482	-92.3575	13.9	600	1	1	1
3738	618208	2019	7	18:24:00	WI	0	1	0	0	30000.0	0.0	44.9858	-90.6116	0.28	40	1	1	1
3739	618210	2019	7	19:20:00	WI	0	1	0	0	25000.0	0.0	44.7499	-89.7883	8.97	100	1	1	1
3740	618213	2019	7	09:55:00	WI	0	1	0	0	150000.0	0.0	44.3332	-89.0561	7.55	80	1	1	1
3741	618216	2019	7	10:10:00	WI	0	1	0	0	25000.0	0.0	44.3627	-88.7372	6.24	90	1	1	1
3742	618217	2019	7	10:18:00	WI	0	1	0	0	75000.0	0.0	44.3294	-88.5767	3.51	75	1	1	1
3743	618231	2019	7	13:23:00	ND	0	1	0	0	0.0	0.0	48.02	-98.25	3.82	100	1	1	1
3744	618234	2019	7	14:36:00	MN	0	1	0	0	0.0	0.0	44.8828	-94.1691	2.63	440	1	1	1
3745	618235	2019	7	15:28:00	MN	0	1	0	0	2000000.0	10000.0	45.2478	-92.902	8.16	440	1	1	1
3746	618150	2019	7	20:17:00	SD	0	1	0	0	0.0	0.0	43.86	-103.945	1.66	250	1	1	1
3747	618151	2019	7	20:21:00	SD	0	1	0	0	0.0	0.0	44.138	-103.86	0.3	200	1	1	1
3748	618152	2019	7	20:29:00	SD	0	1	0	0	0.0	0.0	44.034	-103.742	1.22	200	1	1	1
3749	618169	2019	7	16:19:00	ND	0	1	0	0	0.0	0.0	46.57	-97.01	1.5	100	1	1	1
3750	618171	2019	7	16:57:00	MN	0	1	0	0	0.0	0.0	46.31	-96.59	2.0	100	1	1	1
3751	618173	2019	7	17:20:00	MN	0	1	0	0	0.0	0.0	46.37	-96.42	0.95	150	1	1	1
3752	618175	2019	7	17:45:00	MN	0	1	0	0	0.0	0.0	46.47	-96.14	2.0	150	1	1	1
3753	618270	2019	8	18:47:00	KS	0	1	0	0	50000.0	0.0	39.6813	-101.6576	1.23	175	1	1	1
3754	618272	2019	8	10:44:00	IN	0	1	0	0	5000.0	10000.0	39.1347	-87.6159	1.72	100	1	1	1
3755	618275	2019	8	20:08:00	IL	0	1	0	0	75000.0	630000.0	39.6475	-89.3382	6.25	200	1	1	1
3756	618286	2019	8	19:34:00	KS	0	1	0	0	0.0	0.0	38.9226	-96.3442	6.73	150	1	1	1
3757	618289	2019	8	21:34:00	IA	0	1	0	0	200000.0	0.0	43.4212	-96.2725	6.95	75	1	1	1
3758	618290	2019	8	21:54:00	MN	0	1	0	0	200000.0	0.0	43.9877	-95.8831	3.94	75	1	1	1
3759	618297	2019	8	04:21:00	IA	0	1	0	0	5000.0	500.0	41.4857	-93.9316	1.24	150	1	1	1
3760	618298	2019	8	04:55:00	IA	0	3	0	0	350000.0	1000.0	41.2582	-93.5239	5.4	710	1	1	1
3761	618299	2019	8	05:21:00	IA	0	1	0	0	15000.0	200.0	41.2693	-92.9008	1.58	120	1	1	1
3762	618312	2019	8	18:39:00	MN	0	1	0	0	200000.0	0.0	45.7307	-93.5849	2.31	50	1	1	1
3763	618315	2019	8	16:25:00	NE	0	1	0	0	0.0	0.0	40.56	-101.16	0.1	20	1	1	1
3764	618244	2019	8	21:07:00	IA	0	1	0	0	0.0	0.0	42.3863	-90.7796	0.3	50	1	1	1
3765	618245	2019	8	15:20:00	OH	0	1	0	0	0.0	0.0	41.2226	-82.6106	1.5	50	1	1	1
3766	618246	2019	8	21:25:00	SD	0	1	2	0	7000000.0	0.0	43.1833	-99.2911	3.82	75	1	1	1
3767	618366	2019	9	22:24:00	SD	0	2	0	0	1200000.0	0.0	43.4752	-96.7471	0.9	50	1	1	1
3768	618367	2019	9	22:24:00	SD	0	2	8	0	6800000.0	0.0	43.4904	-96.7875	0.63	50	1	1	1
3769	618368	2019	9	22:28:00	SD	0	2	0	0	3000000.0	0.0	43.516	-96.7611	0.7	75	1	1	1
3770	618369	2019	9	05:22:00	MN	0	1	0	0	175000.0	0.0	44.0347	-91.6605	0.17	80	1	1	1
3771	618382	2019	9	17:12:00	KS	0	1	0	0	5000.0	0.0	37.38	-96.12	1.2	75	1	1	1
3772	618394	2019	9	17:45:00	WI	0	3	3	0	3250000.0	0.0	44.8649	-91.6908	6.97	725	1	1	1
3773	618397	2019	9	20:26:00	WI	0	1	0	0	255000.0	0.0	44.711	-90.6427	4.69	60	1	1	1
3774	618321	2019	9	20:47:00	MN	0	1	0	0	250000.0	0.0	45.0516	-94.1122	1.04	90	1	1	1
3775	618322	2019	9	21:08:00	MN	0	1	0	0	275000.0	0.0	44.9632	-93.7922	3.87	210	1	1	1
3776	618323	2019	9	17:39:00	IL	0	1	1	0	0.0	0.0	42.4113	-87.8624	3.1	200	1	1	1
3777	618359	2019	9	19:03:00	SD	0	1	0	0	0.0	0.0	45.4083	-97.7402	1.56	80	1	1	1
3778	619573	2020	11	13:45:00	IL	0	1	0	0	0.0	0.0	41.1699	-90.8965	20.34	50	1	1	1
3779	619574	2020	11	14:02:00	IL	0	1	0	0	0.0	0.0	41.1233	-90.6691	0.54	30	1	1	1
3780	619576	2020	11	14:38:00	IL	0	1	0	0	0.0	0.0	41.7506	-90.2019	0.26	100	1	1	1
3781	619577	2020	11	14:42:00	IL	0	1	0	0	0.0	0.0	41.4094	-90.0609	0.32	30	1	1	1
3782	619578	2020	11	14:50:00	IL	0	1	0	0	0.0	0.0	41.7479	-89.8849	3.47	100	1	1	1
3783	619579	2020	11	15:00:00	IL	0	1	0	0	0.0	0.0	41.8512	-89.9391	4.28	100	1	1	1
3784	618546	2020	1	14:27:00	MO	0	1	0	0	500000.0	0.0	37.6057	-93.6194	8.7	50	1	1	1
3785	618549	2020	1	15:20:00	MO	0	1	0	0	45000.0	0.0	38.0057	-93.1863	1.57	100	1	1	1
3786	618565	2020	1	00:52:00	MO	0	1	0	0	30000.0	0.0	37.5175	-89.9968	0.2	45	1	1	1
3787	618568	2020	1	01:46:00	MO	0	2	0	0	750000.0	0.0	37.35	-89.6118	9.13	300	1	1	1
3788	618569	2020	1	02:02:00	IL	0	1	0	0	80000.0	0.0	37.446	-89.4021	0.86	50	1	1	1
3789	618707	2020	3	14:44:00	IL	0	1	1	0	300000.0	0.0	38.0649	-89.2442	3.17	125	1	1	1
3790	618708	2020	3	15:22:00	IL	0	1	0	0	128000.0	0.0	38.191	-88.712	2.9	300	1	1	1
3791	618717	2020	3	12:59:00	IA	0	1	0	0	125000.0	0.0	41.1507	-94.6368	7.47	115	1	1	1
3792	618726	2020	3	17:15:00	IA	0	1	0	0	0.0	0.0	42.5086	-92.0809	7.38	50	1	1	1
3793	618727	2020	3	17:30:00	IA	0	1	0	0	165000.0	5000.0	42.648	-91.9414	3.93	140	1	1	1
3794	618731	2020	3	19:01:00	IL	0	1	0	0	100000.0	0.0	40.3361	-90.319	2.06	100	1	1	1
3795	618732	2020	3	19:19:00	IN	0	2	2	0	2000000.0	0.0	37.9421	-87.4036	4.2	575	2	1	2
3796	618733	2020	3	19:20:00	IL	0	1	0	0	0.0	0.0	41.6003	-89.8725	2.17	20	1	1	1
3797	618734	2020	3	19:25:00	IA	0	1	0	0	0.0	0.0	42.5947	-90.8138	3.8	50	1	1	1
3798	618735	2020	3	19:35:00	WI	0	1	0	0	180000.0	0.0	42.706	-90.7067	6.22	120	1	1	1
3799	618736	2020	3	19:58:00	IL	0	1	0	0	300000.0	0.0	40.6571	-89.6754	3.27	50	1	1	1
3800	618737	2020	3	20:13:00	IL	0	1	0	0	0.0	0.0	42.0178	-89.2964	7.03	400	1	1	1
3801	618754	2020	4	21:25:00	OH	0	1	0	0	80000.0	0.0	41.2387	-82.0136	11.45	100	1	1	1
3802	618755	2020	4	21:52:00	OH	0	1	0	0	500000.0	0.0	41.0334	-81.6023	9.81	100	1	1	1
3803	618757	2020	4	22:33:00	OH	0	1	0	0	0.0	0.0	40.827	-80.63	5.48	250	1	1	1
3804	618762	2020	4	18:43:00	IN	0	1	0	0	500000.0	0.0	39.6133	-86.3771	0.97	35	1	1	1
3805	618765	2020	4	19:59:00	IN	0	1	0	0	50000.0	0.0	39.0631	-85.2627	2.49	450	1	1	1
3806	618785	2020	4	22:33:00	OH	0	1	0	0	200000.0	0.0	39.0794	-82.3565	0.25	125	1	1	1
3807	619034	2020	5	21:16:00	IL	0	1	0	0	0.0	0.0	41.3179	-90.0762	4.26	100	1	1	1
3808	619095	2020	5	11:30:00	IA	0	1	0	0	0.0	0.0	41.7552	-91.4271	7.05	50	1	1	1
3809	619096	2020	5	11:57:00	IA	0	1	0	0	0.0	0.0	41.8598	-91.2901	6.86	30	1	1	1
3810	619101	2020	5	13:29:00	IL	0	1	0	0	0.0	0.0	41.8314	-89.8794	12.25	30	1	1	1
3811	619104	2020	5	15:30:00	IL	0	1	0	0	0.0	0.0	41.9673	-89.2434	0.3	100	1	1	1
3812	619118	2020	5	17:26:00	IA	0	1	0	0	0.0	0.0	41.66	-93.706	1.56	50	1	1	1
3813	619127	2020	5	14:38:00	IA	0	1	0	0	70000.0	0.0	42.5622	-93.8903	5.14	250	1	1	1
3814	619018	2020	5	12:56:00	MO	0	1	0	0	500000.0	0.0	36.523	-89.6631	5.84	150	1	1	1
3815	619198	2020	6	16:33:00	MN	0	1	0	0	5000.0	0.0	48.65	-96.26	2.03	300	1	1	1
3816	619200	2020	6	19:49:00	MN	0	1	0	0	5000.0	0.0	48.39	-96.65	3.8	400	1	1	1
3817	619201	2020	6	20:10:00	MN	0	1	0	0	150000.0	5000.0	48.98	-95.99	1.09	200	1	1	1
3818	619229	2020	6	20:14:00	MO	0	1	0	0	0.0	0.0	37.85	-90.461	0.74	125	1	1	1
3819	619234	2020	6	20:05:00	ND	0	1	0	0	150000.0	0.0	48.9261	-100.4515	1.0	100	1	1	1
3820	619168	2020	6	17:05:00	SD	0	1	0	0	0.0	0.0	44.7771	-99.5698	0.36	50	1	1	1
3821	619169	2020	6	17:17:00	SD	0	1	0	0	0.0	0.0	44.911	-99.4527	0.99	70	1	1	1
3822	619170	2020	6	17:25:00	SD	0	1	0	0	0.0	0.0	45.0408	-99.3989	0.65	150	1	1	1
3823	619176	2020	6	15:30:00	ND	0	1	0	0	35000.0	0.0	47.65	-97.9	7.0	250	1	1	1
3824	619179	2020	6	18:17:00	MN	0	1	0	0	6000.0	0.0	48.38	-96.16	9.0	300	1	1	1
3825	619184	2020	6	19:45:00	MN	0	1	0	0	10000.0	0.0	48.58	-95.27	1.2	100	1	1	1
3826	619274	2020	7	15:35:00	SD	0	1	0	0	0.0	0.0	44.379	-104.03	14.81	250	1	1	1
3827	619276	2020	7	12:06:00	MN	0	1	0	0	20000.0	1000.0	46.74	-96.17	1.5	30	1	1	1
3828	619295	2020	7	22:40:00	IN	0	1	0	0	95000.0	10000.0	38.0116	-87.7395	4.33	80	1	1	1
3829	619300	2020	7	14:47:00	ND	0	1	0	0	20000.0	2000.0	48.27	-99.26	0.25	40	1	1	1
3830	619301	2020	7	15:54:00	MN	0	1	0	0	350000.0	5000.0	48.35	-96.86	3.16	150	1	1	1
3831	619302	2020	7	23:59:00	MN	0	1	0	0	0.0	0.0	45.7097	-93.3828	2.96	150	1	1	1
3832	619304	2020	7	00:48:00	WI	0	1	0	0	0.0	0.0	46.6036	-91.6702	0.42	50	1	1	1
3833	619305	2020	7	01:51:00	WI	0	1	0	0	0.0	0.0	46.4429	-90.9128	0.6	50	1	1	1
3834	619307	2020	7	20:54:00	MN	0	1	0	0	100000.0	0.0	44.8167	-92.8458	9.46	400	2	0	1
3835	619307	2020	7	20:54:00	MN	0	1	0	0	100000.0	0.0	44.8167	-92.8458	3.23	400	2	1	2
3836	619308	2020	7	23:50:00	WI	0	1	0	0	120000.0	3000.0	44.55	-91.2933	3.62	200	1	1	1
3837	619312	2020	7	15:05:00	IL	0	1	0	0	300000.0	50000.0	39.5972	-89.813	4.36	100	1	1	1
3838	619325	2020	7	17:31:00	MN	0	1	0	0	0.0	0.0	44.5851	-94.2473	1.89	50	1	1	1
3839	619236	2020	7	18:33:00	KS	0	1	0	0	200000.0	0.0	37.3238	-100.9475	6.2	100	1	1	1
3840	619244	2020	7	17:30:00	NE	0	2	0	0	0.0	0.0	42.45	-103.25	3.4	250	1	1	1
3841	619248	2020	7	18:35:00	SD	0	2	0	0	0.0	0.0	45.6688	-98.798	2.66	150	1	1	1
3842	619251	2020	7	18:44:00	SD	0	2	0	0	0.0	0.0	44.289	-104.055	5.05	770	1	1	1
3843	619255	2020	7	22:30:00	ND	0	1	0	0	10000.0	0.0	47.2208	-100.9934	0.22	50	1	1	1
3844	619256	2020	7	03:20:00	MN	0	1	0	0	550000.0	15000.0	46.3	-96.33	12.45	200	1	1	1
3845	619257	2020	7	03:38:00	MN	0	1	0	0	750000.0	50000.0	46.41	-95.96	18.69	250	1	1	1
3846	619258	2020	7	04:10:00	MN	0	2	0	0	200000.0	10000.0	46.29	-95.49	2.0	300	1	1	1
3847	619260	2020	7	16:08:00	MN	0	4	2	1	1600000.0	255000.0	46.09	-95.94	8.86	650	1	1	1
3848	619404	2020	8	10:39:00	IA	0	1	0	0	20000.0	1500.0	42.0907	-92.9778	2.88	100	1	1	1
3849	619410	2020	8	13:47:00	IL	0	1	0	0	0.0	0.0	42.2806	-89.022	9.18	300	1	1	1
3850	619412	2020	8	13:59:00	IL	0	1	0	0	0.0	0.0	41.3534	-88.8448	0.9	150	1	1	1
3851	619413	2020	8	14:05:00	IL	0	1	0	0	0.0	0.0	42.1808	-88.6548	5.73	200	1	1	1
3852	619414	2020	8	14:12:00	IL	0	1	0	0	0.0	0.0	41.9173	-88.5605	1.21	40	1	1	1
3853	619415	2020	8	14:15:00	IL	0	1	0	0	0.0	0.0	41.6212	-88.455	14.45	250	1	1	1
3854	619416	2020	8	14:35:00	IL	0	1	0	0	0.0	0.0	41.8673	-88.1038	0.36	100	1	1	1
3855	619418	2020	8	14:39:00	IL	0	1	0	0	0.0	0.0	41.8851	-88.0166	2.15	200	1	1	1
3856	619419	2020	8	14:41:00	IL	0	1	0	0	250000.0	0.0	42.475	-88.1895	6.25	150	2	0	1
3857	619419	2020	8	14:41:00	IL	0	1	0	0	0.0	0.0	42.475	-88.1895	1.75	150	2	1	2
3858	619419	2020	8	14:45:00	WI	0	1	0	0	250000.0	0.0	42.4954	-88.1691	4.5	150	2	1	2
3859	619420	2020	8	14:54:00	IL	0	1	0	0	0.0	0.0	41.618	-87.7868	4.84	300	1	1	1
3860	619422	2020	8	14:59:00	IL	0	1	0	0	0.0	0.0	42.0087	-87.724	3.19	300	1	1	1
3861	619426	2020	8	16:32:00	IN	0	1	0	0	0.0	0.0	41.5076	-86.1222	2.41	100	1	1	1
3862	619427	2020	8	16:55:00	IN	0	1	0	0	0.0	0.0	41.3434	-85.713	3.1	100	1	1	1
3863	619431	2020	8	19:04:00	MN	0	1	0	0	0.0	0.0	48.07	-96.04	2.0	120	1	1	1
3864	619437	2020	8	14:42:00	MN	0	2	0	0	0.0	0.0	45.91	-96.08	13.4	150	1	1	1
3865	619438	2020	8	14:50:00	MN	0	1	0	0	0.0	0.0	45.85	-95.85	1.71	150	1	1	1
3866	619444	2020	8	15:53:00	MN	0	1	0	0	25000.0	0.0	46.15	-94.6929	5.91	200	1	1	1
3867	619454	2020	8	16:49:00	MN	0	1	0	0	250000.0	0.0	45.2463	-94.8289	3.5	50	1	1	1
3868	619455	2020	8	16:50:00	MN	0	1	0	0	250000.0	0.0	44.7853	-94.2479	2.44	250	1	1	1
3869	619460	2020	8	17:57:00	MN	0	1	0	0	0.0	0.0	46.53	-93.18	1.5	100	1	1	1
3870	619461	2020	8	18:10:00	MN	0	1	0	0	0.0	0.0	46.42	-92.84	2.7	150	1	1	1
3871	619497	2020	8	23:56:00	SD	0	1	0	0	0.0	0.0	44.8688	-98.5052	2.83	40	1	1	1
3872	619499	2020	8	00:27:00	SD	0	1	0	0	75000.0	0.0	44.3302	-97.5791	0.61	25	1	1	1
3873	619503	2020	8	01:11:00	SD	0	1	0	0	0.0	0.0	44.774	-96.7732	0.91	40	1	1	1
3874	619514	2020	8	17:03:00	SD	0	2	0	1	0.0	0.0	44.709	-98.9875	1.6	300	1	1	1
3875	619515	2020	8	15:30:00	MI	0	1	0	0	150000.0	0.0	45.7392	-87.1611	0.61	200	1	1	1
3876	619387	2020	8	19:05:00	MN	0	1	0	0	0.0	0.0	46.97	-94.9	6.18	250	1	1	1
3877	619390	2020	8	13:02:00	ND	0	1	0	0	225000.0	15000.0	46.3662	-98.5613	0.87	100	1	1	1
3878	619392	2020	8	13:13:00	MN	0	1	0	0	0.0	0.0	48.11	-96.44	22.0	200	1	1	1
3879	619393	2020	8	13:17:00	ND	0	1	0	0	0.0	0.0	46.85	-97.84	2.87	150	1	1	1
3880	619396	2020	8	14:20:00	MN	0	1	0	0	0.0	0.0	48.34	-95.34	0.25	100	1	1	1
3881	619398	2020	8	18:44:00	WI	0	1	0	0	0.0	0.0	46.0266	-89.4719	6.18	400	1	1	1
3882	619399	2020	8	19:28:00	WI	0	1	0	0	0.0	0.0	45.906	-89.4044	5.89	250	1	1	1
3883	619400	2020	8	20:12:00	WI	0	1	0	0	70000.0	0.0	45.982	-88.741	4.59	250	2	0	1
3884	619400	2020	8	20:12:00	WI	0	1	0	0	0.0	0.0	45.982	-88.741	3.56	250	2	1	2
3885	619401	2020	8	20:56:00	MI	0	1	0	0	100000.0	0.0	46.0242	-88.2304	3.8	250	1	1	1
3886	620551	2021	10	17:10:00	MN	0	2	0	0	0.0	0.0	48.044	-90.296	4.0	500	1	1	1
3887	620569	2021	10	00:08:00	MO	0	1	0	0	75000.0	0.0	36.7894	-94.4301	3.34	90	1	1	1
3888	620571	2021	10	13:37:00	IL	0	2	0	0	100000.0	0.0	39.3547	-90.3002	5.83	75	1	1	1
3889	620589	2021	10	20:23:00	KS	0	1	0	0	0.0	0.0	37.3983	-100.802	12.89	150	1	1	1
3890	620591	2021	10	21:02:00	KS	0	1	0	0	0.0	0.0	37.7074	-100.3277	1.94	75	1	1	1
3891	620592	2021	10	21:12:00	KS	0	1	0	0	0.0	0.0	37.7411	-100.1814	7.14	75	1	1	1
3892	620593	2021	10	21:39:00	KS	0	1	0	0	110000.0	0.0	37.888	-99.7807	10.72	75	1	1	1
3893	620594	2021	10	22:22:00	KS	0	1	0	0	0.0	0.0	37.6303	-99.6789	2.05	75	1	1	1
3894	620595	2021	10	22:38:00	KS	0	1	0	0	0.0	0.0	37.584	-99.5728	0.89	50	1	1	1
3895	620597	2021	10	22:49:00	KS	0	1	0	0	0.0	0.0	37.6611	-99.3871	3.48	75	1	1	1
3896	620598	2021	10	22:59:00	KS	0	1	0	0	0.0	0.0	37.763	-99.2557	6.32	100	1	1	1
3897	620599	2021	10	23:05:00	KS	0	1	0	0	0.0	0.0	37.7538	-99.1067	6.58	100	1	1	1
3898	620611	2021	10	15:18:00	MN	0	1	0	0	0.0	0.0	45.9346	-96.5524	2.8	20	1	1	1
3899	620617	2021	10	19:10:00	IN	0	1	0	0	45000.0	5000.0	38.0852	-87.0117	1.0	50	1	1	1
3900	620621	2021	10	23:03:00	OH	0	1	0	0	100000.0	0.0	39.2454	-83.5936	3.06	70	1	1	1
3901	620623	2021	10	23:28:00	OH	0	2	0	0	300000.0	0.0	39.3375	-83.3086	0.86	100	1	1	1
3902	620625	2021	10	23:59:00	OH	0	1	0	0	200000.0	0.0	39.489	-82.9518	2.72	80	1	1	1
3903	620626	2021	10	01:44:00	OH	0	1	0	0	0.0	0.0	39.9006	-81.8391	1.37	350	1	1	1
3904	620631	2021	10	14:36:00	OH	0	1	0	0	0.0	0.0	41.2182	-81.7679	2.57	50	1	1	1
3905	620633	2021	10	14:49:00	OH	0	1	0	0	0.0	0.0	41.6079	-81.4525	0.18	50	1	1	1
3906	620635	2021	10	15:10:00	OH	0	1	0	0	0.0	0.0	40.8632	-81.4877	2.96	50	1	1	1
3907	620637	2021	10	16:15:00	OH	0	1	0	0	0.0	0.0	41.3796	-80.736	0.66	50	1	1	1
3908	620640	2021	10	17:03:00	OH	0	1	0	0	150000.0	0.0	40.1652	-80.8291	0.43	70	1	1	1
3909	620641	2021	10	17:06:00	OH	0	1	0	0	525000.0	0.0	40.029	-81.0045	7.86	50	1	1	1
3910	620651	2021	10	14:27:00	MO	0	1	0	0	10000.0	0.0	39.6181	-94.2138	4.64	40	1	1	1
3911	620654	2021	10	15:31:00	MO	0	2	0	0	250000.0	0.0	39.8778	-93.4205	31.37	150	1	1	1
3912	620657	2021	10	17:34:00	MO	0	1	0	0	225000.0	0.0	37.49	-91.45	8.16	400	1	1	1
3913	620658	2021	10	17:53:00	MO	0	1	0	0	80000.0	0.0	37.8961	-92.4145	2.17	100	1	1	1
3914	620659	2021	10	18:43:00	MO	0	1	0	0	0.0	0.0	37.5267	-90.8578	1.17	100	1	1	1
3915	620660	2021	10	19:23:00	MO	0	3	1	0	0.0	0.0	37.7049	-90.4095	16.74	450	1	1	1
3916	620661	2021	10	19:29:00	MO	0	1	0	0	0.0	0.0	37.449	-90.609	10.23	250	1	1	1
3917	620662	2021	10	19:47:00	MO	0	3	1	0	200000.0	0.0	37.5425	-90.3921	18.84	880	1	1	1
3918	620663	2021	10	20:02:00	MO	0	2	0	0	3040000.0	0.0	37.858	-89.98	16.47	400	2	0	1
3919	620663	2021	10	20:02:00	MO	0	2	0	0	0.0	0.0	37.858	-89.98	2.44	400	2	1	2
3920	620663	2021	10	20:06:00	IL	0	2	0	0	3040000.0	0.0	37.8773	-89.9425	14.03	100	2	1	2
3921	620664	2021	10	20:42:00	MO	0	1	0	0	10000.0	0.0	37.61	-90.06	2.3	25	1	1	1
3922	620666	2021	10	22:04:00	MO	0	1	0	0	420000.0	0.0	37.0968	-90.32	24.49	400	1	1	1
3923	620549	2021	10	21:35:00	MN	0	1	0	0	0.0	0.0	46.9	-95.06	0.21	25	1	1	1
3924	620726	2021	12	18:13:00	MO	0	1	0	0	350000.0	0.0	37.345	-92.75	6.34	75	1	1	1
3925	620733	2021	12	19:35:00	MO	0	3	2	1	3400000.0	0.0	38.598	-90.907	24.77	150	1	1	1
3926	620732	2021	12	19:37:00	MO	0	4	9	2	2750000.0	0.0	35.998	-90.137	34.07	1800	3	1	2
3927	620734	2021	12	19:37:00	MO	0	1	0	0	500000.0	0.0	36.708	-93.387	0.62	75	1	1	1
3928	620735	2021	12	19:47:00	IL	0	2	0	0	0.0	0.0	39.8954	-90.2398	12.75	200	1	1	1
3929	620736	2021	12	19:49:00	MO	0	1	0	0	120000.0	0.0	36.761	-93.224	1.57	100	1	1	1
3930	620738	2021	12	20:07:00	IL	0	2	0	0	0.0	0.0	40.0607	-89.9153	4.56	250	1	1	1
3931	620740	2021	12	20:27:00	IL	0	3	1	6	5000000.0	0.0	38.757	-90.058	4.22	300	1	1	1
3932	620749	2021	12	20:53:00	IL	0	2	1	0	10000.0	0.0	38.985	-89.57	41.54	690	1	1	1
3933	620752	2021	12	21:50:00	IL	0	2	0	0	0.0	0.0	39.419	-88.59	15.86	200	1	1	1
3934	620754	2021	12	22:05:00	MO	0	2	0	0	0.0	0.0	37.272	-90.887	6.86	300	1	1	1
3935	620755	2021	12	22:18:00	IL	0	1	0	0	0.0	0.0	39.6	-88.1	6.33	100	1	1	1
3936	620757	2021	12	22:41:00	IL	0	2	0	0	0.0	0.0	39.8494	-87.6693	3.65	200	1	1	1
3937	620769	2021	12	02:06:00	OH	0	1	0	0	300000.0	0.0	40.7305	-83.8264	1.6	150	1	1	1
3938	620799	2021	12	13:44:00	NE	0	1	0	0	400000.0	0.0	40.3214	-98.5025	14.84	180	1	1	1
3939	620800	2021	12	13:53:00	NE	0	1	0	0	400000.0	0.0	40.6551	-98.4578	8.58	150	1	1	1
3940	620802	2021	12	14:11:00	NE	0	1	0	0	500000.0	0.0	40.724	-98.1115	12.9	400	1	1	1
3941	620803	2021	12	14:26:00	NE	0	1	0	0	500000.0	0.0	40.9688	-97.9153	12.0	400	1	1	1
3942	620804	2021	12	14:35:00	NE	0	1	0	0	400000.0	0.0	41.061	-97.7318	7.54	350	1	1	1
3943	620805	2021	12	15:03:00	NE	0	1	0	0	0.0	0.0	41.53	-97.49	0.79	30	1	1	1
3944	620806	2021	12	15:04:00	NE	0	2	2	0	0.0	0.0	41.44	-97.38	2.72	50	1	1	1
3945	620807	2021	12	15:11:00	NE	0	2	0	0	0.0	0.0	40.62	-97.07	23.74	70	1	1	1
3946	620808	2021	12	15:27:00	NE	0	1	0	0	0.0	0.0	41.72	-97.0	1.5	30	1	1	1
3947	620809	2021	12	15:31:00	NE	0	2	0	0	0.0	0.0	41.77	-96.98	6.25	100	1	1	1
3948	620810	2021	12	15:37:00	NE	0	1	0	0	0.0	0.0	41.82	-96.84	1.82	50	1	1	1
3949	620811	2021	12	15:37:00	NE	0	1	0	0	0.0	0.0	41.78	-96.81	4.85	50	1	1	1
3950	620812	2021	12	15:41:00	NE	0	1	0	0	0.0	0.0	41.89	-96.79	0.36	50	1	1	1
3951	620813	2021	12	15:41:00	NE	0	1	0	0	0.0	0.0	41.06	-96.56	16.6	100	1	1	1
3952	620814	2021	12	15:44:00	NE	0	2	0	0	0.0	0.0	41.91	-96.75	11.22	200	1	1	1
3953	620815	2021	12	15:46:00	NE	0	1	0	0	0.0	0.0	41.18	-96.55	0.72	100	1	1	1
3954	620816	2021	12	15:51:00	NE	0	1	0	0	0.0	0.0	41.98	-96.61	11.24	20	1	1	1
3955	620817	2021	12	15:55:00	NE	0	2	0	0	0.0	0.0	40.6361	-96.1585	3.3	20	1	1	1
3956	620818	2021	12	16:05:00	NE	0	1	0	0	0.0	0.0	40.75	-95.93	0.1	200	1	1	1
3957	620819	2021	12	16:05:00	NE	0	1	0	0	0.0	0.0	40.04	-96.25	0.18	20	1	1	1
3958	620821	2021	12	16:06:00	NE	0	2	0	0	0.0	0.0	40.86	-95.95	3.59	150	1	1	1
3959	620822	2021	12	16:07:00	NE	0	1	0	0	0.0	0.0	40.12	-96.09	0.8	100	1	1	1
3960	620823	2021	12	16:09:00	NE	0	2	0	0	0.0	0.0	40.92	-95.88	2.6	200	1	1	1
3961	620824	2021	12	16:14:00	IA	0	1	0	0	0.0	0.0	40.92	-95.75	9.97	100	1	1	1
3962	620827	2021	12	16:20:00	IA	0	1	0	0	250000.0	0.0	42.366	-96.302	4.56	75	1	1	1
3963	620828	2021	12	16:24:00	IA	0	2	0	0	0.0	0.0	41.31	-95.77	2.3	50	1	1	1
3964	620829	2021	12	16:25:00	IA	0	2	0	0	500000.0	0.0	42.429	-96.182	8.44	100	1	1	1
3965	620830	2021	12	16:31:00	IA	0	1	0	0	0.0	0.0	41.08	-95.44	0.63	50	1	1	1
3966	620831	2021	12	16:31:00	IA	0	2	0	0	0.0	0.0	41.39	-95.64	6.7	75	1	1	1
3967	620832	2021	12	16:34:00	IA	0	1	0	0	0.0	0.0	41.18	-95.36	9.57	50	1	1	1
3968	620833	2021	12	16:35:00	IA	0	1	0	0	200000.0	0.0	42.505	-95.992	4.28	75	1	1	1
3969	620834	2021	12	16:39:00	IA	0	1	0	0	50000.0	0.0	42.561	-95.956	3.72	75	1	1	1
3970	620835	2021	12	16:42:00	IA	0	1	0	0	200000.0	0.0	42.293	-95.667	13.0	75	1	1	1
3971	620837	2021	12	16:49:00	IA	0	2	0	0	350000.0	0.0	41.333	-95.107	27.11	100	1	1	1
3972	620839	2021	12	16:59:00	IA	0	1	0	0	1000000.0	0.0	42.635	-95.489	11.16	250	1	1	1
3973	620840	2021	12	17:00:00	IA	0	1	0	0	100000.0	0.0	41.4876	-94.8961	11.44	80	1	1	1
3974	620842	2021	12	17:01:00	IA	0	1	0	0	200000.0	0.0	42.585	-95.388	6.37	75	1	1	1
3975	620843	2021	12	17:05:00	IA	0	1	0	0	250000.0	0.0	42.858	-95.541	3.84	75	1	1	1
3976	620844	2021	12	17:07:00	IA	0	1	0	0	100000.0	0.0	42.776	-95.388	6.94	150	1	1	1
3977	620845	2021	12	17:08:00	IA	0	1	0	0	50000.0	0.0	42.91	-95.514	3.85	100	1	1	1
3978	620846	2021	12	17:10:00	IA	0	1	0	0	100000.0	0.0	41.6206	-94.6906	11.45	70	1	1	1
3979	620847	2021	12	17:13:00	IA	0	2	0	0	150000.0	0.0	42.1842	-95.0694	17.6	100	1	1	1
3980	620848	2021	12	17:14:00	IA	0	2	0	0	450000.0	0.0	41.6998	-94.7044	19.67	100	1	1	1
3981	620849	2021	12	17:18:00	IA	0	2	0	0	250000.0	0.0	42.834	-95.171	4.77	100	1	1	1
3982	620850	2021	12	17:19:00	IA	0	1	0	0	80000.0	0.0	42.0088	-94.8095	9.65	80	1	1	1
3983	620851	2021	12	17:21:00	IA	0	2	0	0	470000.0	0.0	41.7522	-94.4961	29.99	300	1	1	1
3984	620852	2021	12	17:27:00	IA	0	2	0	0	801000.0	0.0	41.8432	-94.4015	23.4	150	1	1	1
3985	620853	2021	12	17:29:00	IA	0	2	0	0	1200000.0	0.0	41.943	-94.5058	5.49	100	1	1	1
3986	620854	2021	12	17:32:00	IA	0	2	0	0	500000.0	0.0	41.9863	-94.4796	5.83	100	1	1	1
3987	620856	2021	12	17:34:00	IA	0	2	0	0	20000.0	0.0	42.081	-94.4866	2.74	70	1	1	1
3988	620857	2021	12	17:35:00	IA	0	1	0	0	20000.0	0.0	42.2211	-94.583	19.01	100	1	1	1
3989	620858	2021	12	17:39:00	IA	0	2	0	0	30000.0	0.0	42.0405	-94.2019	17.69	125	1	1	1
3990	620859	2021	12	17:39:00	IA	0	1	0	0	200000.0	0.0	43.265	-95.088	3.96	50	1	1	1
3991	620860	2021	12	17:40:00	IA	0	2	0	0	100000.0	0.0	42.2902	-94.476	17.97	80	1	1	1
3992	620861	2021	12	17:41:00	IA	0	1	0	0	60000.0	0.0	43.0586	-94.8102	11.16	90	1	1	1
3993	620862	2021	12	17:42:00	IA	0	2	0	0	225000.0	0.0	42.1489	-94.282	18.83	150	1	1	1
3994	620864	2021	12	17:49:00	IA	0	2	0	0	105000.0	0.0	42.1272	-94.0157	16.25	125	1	1	1
3995	620866	2021	12	17:55:00	IA	0	2	0	0	180000.0	0.0	42.2374	-93.9463	12.1	100	1	1	1
3996	620867	2021	12	17:58:00	IA	0	1	0	0	30000.0	0.0	42.7841	-94.3105	4.23	80	1	1	1
3997	620868	2021	12	18:00:00	IA	0	2	0	0	75000.0	0.0	42.4239	-94.0578	5.55	80	1	1	1
3998	620871	2021	12	18:19:00	IA	0	2	0	0	150000.0	0.0	42.6557	-93.6664	5.91	70	1	1	1
3999	620872	2021	12	18:25:00	IA	0	2	0	0	105000.0	0.0	42.7555	-93.5566	16.69	100	1	1	1
4000	620873	2021	12	18:26:00	IA	0	1	0	0	5000.0	0.0	42.5306	-93.3697	12.96	125	1	1	1
4001	620874	2021	12	18:27:00	IA	0	1	0	0	35000.0	0.0	42.482	-93.2841	22.16	140	1	1	1
4002	620876	2021	12	18:38:00	IA	0	1	0	0	100000.0	0.0	42.8225	-93.2513	6.01	80	1	1	1
4003	620877	2021	12	18:40:00	IA	0	2	0	0	250000.0	0.0	42.7153	-93.114	7.49	90	1	1	1
4004	620879	2021	12	18:48:00	IA	0	1	0	0	50000.0	0.0	43.4643	-93.6889	2.85	90	2	0	1
4005	620879	2021	12	18:48:00	IA	0	1	0	0	50000.0	0.0	43.4643	-93.6889	2.62	90	2	1	2
4006	620880	2021	12	18:53:00	IA	0	1	0	0	10000.0	0.0	42.8866	-92.9117	4.17	200	1	1	1
4007	620882	2021	12	18:58:00	MN	0	1	0	0	0.0	0.0	43.6155	-93.6294	3.61	75	1	1	1
4008	620884	2021	12	18:59:00	IA	0	1	0	0	490000.0	0.0	42.9847	-92.8534	6.7	80	1	1	1
4009	620886	2021	12	19:03:00	MN	0	1	0	0	0.0	0.0	43.6725	-93.5453	1.64	25	1	1	1
4010	620887	2021	12	19:06:00	IA	0	1	0	0	1150000.0	0.0	43.1117	-92.925	1.79	65	1	1	1
4011	620890	2021	12	19:10:00	MN	0	1	0	0	0.0	0.0	43.5373	-93.1981	6.34	100	1	1	1
4012	620891	2021	12	19:11:00	MN	0	2	0	0	0.0	0.0	43.7976	-93.4927	2.17	55	1	1	1
4013	620892	2021	12	19:11:00	MN	0	1	0	0	0.0	0.0	43.508	-93.0741	4.26	75	1	1	1
4014	620893	2021	12	19:15:00	IA	0	1	0	0	255000.0	0.0	43.0974	-92.483	3.99	180	1	1	1
4015	620900	2021	12	19:37:00	MN	0	1	0	0	210000.0	0.0	43.7419	-92.4836	3.32	85	1	1	1
4016	620903	2021	12	19:50:00	MN	0	1	0	0	10000.0	0.0	44.1934	-92.9007	4.33	75	1	1	1
4017	620904	2021	12	19:51:00	MN	0	1	0	0	230000.0	0.0	43.6878	-92.0736	1.77	75	1	1	1
4018	620905	2021	12	19:51:00	MN	0	1	0	0	0.0	0.0	44.2085	-92.9385	4.39	75	1	1	1
4019	620906	2021	12	20:01:00	MN	0	1	0	0	40000.0	0.0	43.8184	-91.9031	1.19	250	1	1	1
4020	620907	2021	12	20:02:00	MN	0	1	0	0	95000.0	0.0	43.7464	-91.7757	2.35	75	1	1	1
4021	620908	2021	12	20:03:00	MN	0	1	0	0	65000.0	0.0	44.1342	-92.1343	4.03	40	1	1	1
4022	620909	2021	12	20:06:00	MN	0	1	0	0	300000.0	0.0	43.7582	-91.6525	7.31	250	1	1	1
4023	620911	2021	12	20:17:00	MN	0	1	0	0	125000.0	0.0	43.9965	-91.58	4.85	40	2	0	1
4024	620911	2021	12	20:17:00	MN	0	1	0	0	100000.0	0.0	43.9965	-91.58	2.3	40	2	1	2
4025	620911	2021	12	20:19:00	WI	0	1	0	0	25000.0	0.0	44.023	-91.552	2.55	40	2	1	2
4026	620913	2021	12	20:53:00	WI	0	1	0	0	110000.0	0.0	44.4995	-91.1829	2.68	70	1	1	1
4027	620916	2021	12	21:05:00	WI	0	2	0	0	60000.0	0.0	44.5039	-90.804	3.13	250	1	1	1
4028	620917	2021	12	21:07:00	WI	0	2	0	0	200000.0	0.0	44.511	-90.7491	2.8	250	1	1	1
4029	620918	2021	12	21:16:00	WI	0	2	0	0	200000.0	0.0	44.5975	-90.5799	1.13	50	1	1	1
4030	620919	2021	12	21:16:00	WI	0	2	0	0	120000.0	0.0	44.901	-90.9834	7.41	75	1	1	1
4031	620920	2021	12	21:22:00	WI	0	1	0	0	160000.0	0.0	44.7667	-90.6642	0.9	50	1	1	1
4032	620707	2021	12	22:02:00	MO	0	1	0	0	150000.0	0.0	36.951	-93.253	3.43	100	1	1	1
4033	620708	2021	12	22:21:00	IL	0	1	0	0	80000.0	0.0	37.9	-88.97	3.88	175	1	1	1
4034	619674	2021	3	21:22:00	KS	0	2	0	0	10000.0	0.0	37.4986	-100.2752	12.15	100	1	1	1
4035	619705	2021	3	16:30:00	MO	0	1	0	0	60000.0	0.0	36.6	-93.82	23.73	75	1	1	1
4036	619771	2021	3	18:08:00	IL	0	1	0	0	0.0	0.0	38.7323	-89.7697	5.29	700	1	1	1
4037	619863	2021	4	13:50:00	MO	0	1	0	0	0.0	0.0	37.4361	-90.0159	3.37	225	1	1	1
4038	620030	2021	5	19:17:00	MN	0	1	0	0	0.0	0.0	44.4328	-93.3115	1.17	25	1	1	1
4039	620052	2021	5	15:55:00	SD	0	1	0	0	0.0	0.0	43.67	-103.6	6.6	20	1	1	1
4040	620054	2021	5	16:04:00	SD	0	1	0	0	0.0	0.0	43.78	-103.58	5.86	10	1	1	1
4041	620064	2021	5	17:06:00	KS	0	1	0	0	0.0	0.0	39.5314	-100.6375	5.87	850	1	1	1
4042	620070	2021	5	15:39:00	NE	0	2	0	0	0.0	0.0	40.1613	-101.5333	8.29	575	1	1	1
4043	620087	2021	5	10:51:00	MO	0	1	0	0	300000.0	0.0	37.6	-93.44	0.08	50	1	1	1
4044	620088	2021	5	11:08:00	MO	0	1	0	0	75000.0	0.0	37.59	-93.29	1.17	50	1	1	1
4045	619927	2021	5	02:19:00	MO	0	1	0	0	85000.0	0.0	36.623	-89.262	3.71	400	1	1	1
4046	620167	2021	6	10:50:00	IL	0	1	0	0	150000.0	100000.0	40.7871	-90.3382	10.26	250	1	1	1
4047	620168	2021	6	13:50:00	IN	0	2	0	0	0.0	0.0	40.5214	-84.9178	5.38	500	1	1	1
4048	620169	2021	6	14:12:00	OH	0	2	0	0	1000000.0	50000.0	40.4327	-84.7917	5.6	200	1	1	1
4049	620170	2021	6	18:38:00	OH	0	1	0	0	60000.0	0.0	39.6181	-84.4696	2.75	100	1	1	1
4050	620171	2021	6	18:51:00	IN	0	1	0	0	100000.0	0.0	39.1663	-85.1963	6.2	150	1	1	1
4051	620172	2021	6	19:01:00	IN	0	1	0	0	50000.0	0.0	39.0595	-85.0532	0.49	150	1	1	1
4052	620188	2021	6	17:40:00	IA	0	1	0	0	10000.0	0.0	41.4284	-92.9735	1.47	150	1	1	1
4053	620189	2021	6	19:06:00	IA	0	1	0	0	0.0	0.0	42.28	-90.85	3.38	30	1	1	1
4054	620190	2021	6	19:23:00	MI	0	1	0	0	250000.0	0.0	41.8144	-83.8363	2.69	125	1	1	1
4055	620192	2021	6	22:02:00	IL	0	3	11	0	0.0	0.0	41.7451	-88.1947	17.6	600	1	1	1
4056	620195	2021	6	00:07:00	IN	0	1	0	0	20000.0	0.0	41.55	-86.18	1.05	100	1	1	1
4057	620196	2021	6	00:52:00	IN	0	1	0	0	0.0	0.0	41.7307	-85.003	10.0	100	1	1	1
4058	620204	2021	6	20:18:00	MO	0	1	0	0	0.0	0.0	40.056	-93.4581	4.88	75	1	1	1
4059	620213	2021	6	18:18:00	IN	0	1	0	0	115500.0	0.0	40.4338	-86.7088	2.17	50	1	1	1
4060	620214	2021	6	19:06:00	IL	0	1	0	0	0.0	0.0	40.808	-88.0024	1.5	250	1	1	1
4061	620221	2021	6	13:33:00	MI	0	1	0	0	100000.0	0.0	43.53	-85.27	2.86	100	1	1	1
4062	620225	2021	6	14:40:00	MI	0	1	0	0	250000.0	0.0	42.806	-85.158	4.95	50	1	1	1
4063	620228	2021	6	15:49:00	MI	0	2	6	0	1900000.0	0.0	44.0149	-83.0386	6.84	400	1	1	1
4064	620149	2021	6	17:12:00	IN	0	1	0	0	3000.0	0.0	38.4728	-87.2592	2.5	30	1	1	1
4065	620259	2021	7	12:55:00	IL	0	1	0	0	0.0	0.0	39.8658	-90.4488	0.9	75	1	1	1
4066	620262	2021	7	13:44:00	IL	0	1	0	0	0.0	0.0	40.0071	-90.1816	2.42	75	1	1	1
4067	620266	2021	7	19:18:00	MO	0	2	0	0	2000000.0	0.0	36.8101	-89.9985	5.8	175	1	1	1
4068	620271	2021	7	14:52:00	IA	0	3	0	0	2500000.0	5000.0	42.2605	-94.7834	10.81	505	1	1	1
4069	620273	2021	7	15:21:00	IA	0	1	0	0	10000.0	4000.0	42.3179	-93.7623	8.87	160	1	1	1
4070	620277	2021	7	16:16:00	IA	0	2	0	0	1300000.0	3000.0	42.6877	-92.6161	12.88	630	1	1	1
4071	620278	2021	7	16:34:00	IA	0	1	0	0	60000.0	10000.0	43.0951	-92.9656	12.02	60	1	1	1
4072	620284	2021	7	18:05:00	IA	0	1	0	0	25000.0	1000.0	42.1661	-92.3193	5.65	590	1	1	1
4073	620287	2021	7	18:50:00	IA	0	1	0	0	0.0	0.0	42.457	-91.527	1.39	40	1	1	1
4074	620288	2021	7	18:54:00	IA	0	1	0	0	0.0	0.0	42.467	-91.491	1.12	30	1	1	1
4075	620294	2021	7	20:44:00	IA	0	1	0	0	0.0	0.0	42.21	-91.29	1.8	40	1	1	1
4076	620295	2021	7	21:02:00	IA	0	1	0	0	0.0	0.0	42.21	-91.14	8.0	30	1	1	1
4077	620296	2021	7	21:30:00	IA	0	1	0	0	0.0	0.0	42.15	-90.96	3.13	30	1	1	1
4078	620303	2021	7	16:21:00	MI	0	1	0	0	1000000.0	0.0	43.022	-83.847	1.88	200	1	1	1
4079	620304	2021	7	17:54:00	MI	0	1	0	0	8500000.0	0.0	42.6699	-83.4966	1.65	400	1	1	1
4080	620305	2021	7	17:54:00	MI	0	1	0	0	4500000.0	0.0	42.8355	-82.9075	3.45	700	1	1	1
4081	620306	2021	7	16:13:00	MN	0	1	0	0	1200000.0	0.0	47.88	-95.02	0.83	300	1	1	1
4082	620307	2021	7	16:16:00	MN	0	1	0	0	500000.0	0.0	47.89	-94.87	4.06	300	1	1	1
4083	620310	2021	7	19:40:00	WI	0	1	0	0	0.0	0.0	45.14	-89.6	2.7	300	1	1	1
4084	620312	2021	7	20:48:00	WI	0	1	0	0	175000.0	0.0	45.0818	-92.4822	5.66	100	1	1	1
4085	620314	2021	7	23:10:00	WI	0	1	0	0	500000.0	0.0	43.4968	-89.489	2.25	100	1	1	1
4086	620317	2021	7	23:41:00	WI	0	1	0	0	0.0	0.0	43.1136	-89.6289	2.76	250	1	1	1
4087	620318	2021	7	23:47:00	WI	0	1	0	0	0.0	0.0	43.0759	-89.5869	2.44	125	1	1	1
4088	620322	2021	7	00:07:00	WI	0	1	0	0	0.0	0.0	43.1208	-88.6687	7.69	200	1	1	1
4089	620323	2021	7	00:23:00	WI	0	1	0	0	0.0	0.0	43.0154	-88.5471	4.67	150	1	1	1
4090	620324	2021	7	00:26:00	WI	0	1	0	0	0.0	0.0	43.0358	-88.4904	1.03	75	1	1	1
4091	620326	2021	7	00:38:00	WI	0	1	0	0	0.0	0.0	42.985	-88.3078	0.88	95	1	1	1
4092	620333	2021	7	14:50:00	OH	0	2	0	0	200000.0	0.0	40.19	-81.01	2.73	220	1	1	1
4093	620334	2021	7	14:59:00	OH	0	2	0	0	500000.0	10000.0	40.627	-80.995	6.16	150	1	1	1
4094	620336	2021	7	15:15:00	OH	0	1	0	0	250000.0	0.0	40.542	-80.908	2.17	300	1	1	1
4095	620342	2021	7	15:45:00	OH	0	1	0	0	250000.0	0.0	40.372	-80.743	2.31	300	1	1	1
4096	620351	2021	7	17:58:00	IN	0	1	0	0	43000.0	5000.0	39.484	-85.7357	2.5	50	1	1	1
4097	620352	2021	7	18:14:00	IN	0	1	0	0	15000.0	500.0	39.4265	-85.6784	0.71	50	1	1	1
4098	620353	2021	7	18:20:00	IL	0	1	0	0	0.0	0.0	38.9471	-87.6053	0.39	75	1	1	1
4099	620395	2021	8	16:58:00	WI	0	1	0	0	0.0	0.0	44.5383	-88.5296	2.05	40	1	1	1
4100	620397	2021	8	12:40:00	OH	0	1	0	0	0.0	0.0	41.6664	-84.3284	0.21	70	1	1	1
4101	620398	2021	8	12:45:00	WI	0	1	0	0	40000.0	9000.0	43.8562	-90.6415	5.91	80	1	1	1
4102	620400	2021	8	12:55:00	WI	0	1	0	0	3000.0	8000.0	43.8608	-90.5112	2.77	75	1	1	1
4103	620467	2021	8	16:57:00	IA	0	1	0	0	280000.0	40000.0	42.9635	-92.8968	6.38	300	1	1	1
4104	620470	2021	8	15:22:00	SD	0	1	0	0	200000.0	0.0	43.344	-96.9246	2.25	150	1	1	1
4105	620361	2021	8	15:29:00	WI	0	3	0	0	430000.0	25000.0	43.1305	-90.7199	9.38	1100	1	1	1
4106	620362	2021	8	16:09:00	WI	0	1	0	0	0.0	0.0	43.0799	-90.3937	7.72	50	1	1	1
4107	620363	2021	8	14:52:00	WI	0	1	0	0	0.0	0.0	43.983	-89.5544	3.48	350	1	1	1
4108	620375	2021	8	15:44:00	IL	0	1	0	0	0.0	0.0	42.0628	-88.8742	1.8	80	1	1	1
4109	620376	2021	8	15:45:00	IL	0	1	0	0	0.0	0.0	42.3622	-88.2786	0.4	70	1	1	1
4110	620377	2021	8	16:24:00	IL	0	1	0	0	0.0	0.0	42.0472	-88.5905	3.8	100	1	1	1
4111	620381	2021	8	17:13:00	IL	0	1	0	0	0.0	0.0	41.9623	-88.6706	1.5	150	1	1	1
4112	620385	2021	8	17:57:00	IL	0	1	0	0	0.0	0.0	41.47	-89.3	3.0	525	1	1	1
4113	620386	2021	8	18:16:00	ND	0	1	0	0	2000.0	2000.0	48.45	-98.99	4.97	200	1	1	1
4114	620389	2021	8	20:20:00	ND	0	2	0	0	150000.0	4000.0	47.67	-97.87	2.88	300	1	1	1
4115	620390	2021	8	20:42:00	ND	0	1	0	0	1000.0	0.0	47.76	-97.67	1.09	150	1	1	1
4116	620391	2021	8	21:55:00	MN	0	1	0	0	120000.0	10000.0	47.86	-96.85	3.65	200	1	1	1
4117	620535	2021	9	16:56:00	WI	0	1	1	0	450000.0	0.0	44.423	-91.4507	8.49	100	1	1	1
4118	620522	2021	9	17:45:00	MI	0	1	0	0	0.0	0.0	41.8982	-84.6931	5.33	450	1	1	1
4119	621039	2022	3	18:06:00	IN	0	1	0	0	0.0	0.0	38.556	-86.178	5.5	200	1	1	1
4120	621129	2022	3	18:56:00	KS	0	1	0	0	0.0	0.0	39.28	-95.43	9.86	10	1	1	1
4121	621130	2022	3	19:54:00	MO	0	1	0	0	0.0	0.0	39.7806	-94.7842	0.3	40	1	1	1
4122	621166	2022	3	17:11:00	IL	0	1	0	0	200000.0	0.0	38.0077	-88.2352	6.62	400	1	1	1
4123	621171	2022	3	17:59:00	IN	0	1	0	0	10000.0	0.0	38.0666	-87.7176	1.01	75	1	1	1
4124	620989	2022	3	16:26:00	IA	0	4	5	6	220000000.0	0.0	41.2334	-94.2013	70.57	900	1	1	1
4125	620990	2022	3	17:07:00	IA	0	2	0	0	600000.0	0.0	40.7595	-93.708	19.42	300	1	1	1
4126	620993	2022	3	17:33:00	IA	0	3	1	1	1500000.0	0.0	40.9405	-93.3854	11.28	350	1	1	1
4127	620994	2022	3	17:38:00	IA	0	2	0	0	300000.0	0.0	40.6834	-93.3892	9.87	300	1	1	1
4128	620996	2022	3	18:04:00	IA	0	2	0	0	505500.0	0.0	41.7455	-92.9727	17.31	500	1	1	1
4129	620997	2022	3	18:33:00	IA	0	2	0	0	200000.0	0.0	41.9024	-92.6332	8.54	200	1	1	1
4130	620998	2022	3	19:10:00	IA	0	1	0	0	0.0	0.0	42.1106	-92.1864	13.98	400	1	1	1
4131	621000	2022	3	20:37:00	IA	0	1	0	0	0.0	0.0	41.5355	-90.7032	4.09	300	1	1	1
4132	621001	2022	3	21:13:00	IL	0	1	0	0	0.0	0.0	41.6757	-90.0558	3.98	50	1	1	1
4133	621002	2022	3	21:48:00	WI	0	1	0	0	50000.0	0.0	42.871	-89.1947	5.98	50	1	1	1
4134	621004	2022	3	22:57:00	IL	0	1	0	0	50000.0	0.0	39.403	-89.664	3.89	40	1	1	1
4135	621316	2022	4	17:15:00	IA	0	2	1	0	150000.0	0.0	42.6492	-94.5437	7.17	450	1	1	1
4136	621317	2022	4	17:28:00	IA	0	1	0	0	100000.0	0.0	42.7158	-94.3539	3.34	300	1	1	1
4137	621319	2022	4	17:39:00	IA	0	2	0	0	75000.0	0.0	42.7912	-94.3335	4.85	250	1	1	1
4138	621323	2022	4	19:08:00	IA	0	1	0	0	0.0	0.0	41.5351	-95.8569	9.55	140	1	1	1
4139	621324	2022	4	19:24:00	NE	0	1	0	0	0.0	0.0	40.6818	-96.2706	0.09	40	1	1	1
4140	621330	2022	4	21:26:00	IA	0	1	0	0	125000.0	0.0	43.1113	-93.2045	4.49	100	1	1	1
4141	621331	2022	4	21:34:00	IA	0	1	0	0	50000.0	0.0	43.2796	-93.0667	1.19	70	1	1	1
4142	621334	2022	4	21:46:00	MN	0	2	2	0	1600000.0	0.0	43.5406	-92.6601	3.93	475	1	1	1
4143	621335	2022	4	21:57:00	IA	0	1	0	0	110000.0	0.0	43.3244	-92.7049	2.8	250	1	1	1
4144	621336	2022	4	21:57:00	IA	0	1	0	0	550000.0	0.0	43.2574	-92.6427	9.09	325	1	1	1
4145	621337	2022	4	22:08:00	MN	0	1	0	0	650000.0	0.0	43.651	-92.4214	2.3	180	1	1	1
4146	621390	2022	4	22:42:00	KS	0	1	0	0	0.0	0.0	38.8851	-101.7555	3.02	350	1	1	1
4147	621393	2022	4	00:20:00	KS	0	1	0	0	0.0	0.0	39.5062	-100.558	5.62	125	1	1	1
4148	621394	2022	4	00:28:00	KS	0	1	0	0	0.0	0.0	39.1473	-100.5375	7.76	125	1	1	1
4149	621397	2022	4	17:21:00	IA	0	1	0	0	27500.0	0.0	41.8472	-93.8058	9.09	80	1	1	1
4150	621406	2022	4	16:49:00	IL	0	1	0	0	0.0	0.0	39.6236	-89.2993	0.89	50	1	1	1
4151	621417	2022	4	18:52:00	KS	0	1	0	0	0.0	0.0	38.62	-97.23	4.17	50	1	1	1
4152	621418	2022	4	19:00:00	KS	0	1	0	0	0.0	0.0	38.68	-97.05	21.76	50	1	1	1
4153	621419	2022	4	19:02:00	NE	0	1	0	0	0.0	0.0	41.46	-97.11	3.35	20	1	1	1
4154	621421	2022	4	19:03:00	KS	0	1	0	0	0.0	0.0	39.19	-96.38	11.05	100	1	1	1
4155	621422	2022	4	19:03:00	KS	0	1	0	0	0.0	0.0	38.4493	-97.2048	0.91	50	1	1	1
4156	621424	2022	4	19:10:00	NE	0	1	0	0	0.0	0.0	40.53	-96.39	0.84	100	1	1	1
4157	621425	2022	4	19:10:00	KS	0	3	3	0	41500000.0	0.0	37.6262	-97.193	12.65	250	1	1	1
4158	621426	2022	4	19:18:00	NE	0	1	0	0	0.0	0.0	40.6072	-96.3882	0.05	100	1	1	1
4159	621428	2022	4	19:37:00	KS	0	1	0	0	0.0	0.0	39.32	-95.88	3.28	40	1	1	1
4160	621430	2022	4	20:05:00	KS	0	1	0	0	0.0	0.0	37.79	-96.72	8.13	100	1	1	1
4161	621431	2022	4	20:44:00	KS	0	1	0	0	0.0	0.0	37.84	-96.41	0.03	60	1	1	1
4162	621506	2022	5	16:33:00	MN	0	1	0	0	0.0	1000.0	43.9142	-95.504	3.47	75	1	1	1
4163	621508	2022	5	16:47:00	MN	0	1	0	0	0.0	0.0	44.0338	-95.3368	0.88	50	1	1	1
4164	621513	2022	5	16:39:00	SD	0	2	0	0	0.0	0.0	44.5731	-96.8389	0.44	40	1	1	1
4165	621514	2022	5	16:40:00	SD	0	1	1	0	0.0	0.0	44.7388	-97.2897	0.52	20	1	1	1
4166	621517	2022	5	16:45:00	SD	0	2	1	0	0.0	0.0	44.717	-97.0279	1.96	80	1	1	1
4167	621518	2022	5	16:58:00	SD	0	2	1	0	0.0	0.0	44.7733	-96.4598	0.43	60	1	1	1
4168	621519	2022	5	16:59:00	SD	0	1	0	0	0.0	0.0	44.8163	-96.4886	2.05	10	1	1	1
4169	621520	2022	5	17:02:00	SD	0	1	0	0	0.0	0.0	45.0011	-97.5774	0.49	20	1	1	1
4170	621521	2022	5	17:02:00	SD	0	1	0	0	0.0	0.0	45.0048	-97.1902	0.2	50	1	1	1
4171	621522	2022	5	17:05:00	SD	0	1	0	0	0.0	0.0	44.8841	-96.652	0.24	50	1	1	1
4172	621523	2022	5	17:09:00	MN	0	1	0	0	0.0	0.0	45.0059	-96.1859	0.89	50	1	1	1
4173	621524	2022	5	17:13:00	SD	0	1	0	0	0.0	0.0	45.2348	-97.4948	0.12	35	1	1	1
4174	621525	2022	5	17:15:00	SD	0	1	0	0	0.0	0.0	45.0884	-96.4798	0.55	20	1	1	1
4175	621526	2022	5	17:19:00	SD	0	1	0	0	0.0	0.0	45.2177	-96.7813	1.3	10	1	1	1
4176	621527	2022	5	17:19:00	MN	0	1	0	0	0.0	0.0	45.1481	-96.1252	1.08	50	1	1	1
4177	621529	2022	5	17:51:00	MN	0	1	0	0	0.0	0.0	45.7151	-96.3072	1.81	20	1	1	1
4178	621534	2022	5	18:07:00	MN	0	1	0	0	0.0	0.0	45.95	-96.26	2.94	50	1	1	1
4179	621535	2022	5	18:10:00	ND	0	1	0	0	0.0	0.0	45.96	-96.72	3.39	150	1	1	1
4180	621536	2022	5	18:12:00	MN	0	1	0	0	0.0	0.0	45.9062	-95.3967	2.52	200	1	1	1
4181	621537	2022	5	18:16:00	MN	0	2	0	0	0.0	0.0	46.0263	-96.483	9.77	100	1	1	1
4182	621539	2022	5	18:31:00	MN	0	1	0	0	0.0	0.0	46.26	-95.75	3.6	100	1	1	1
4183	621540	2022	5	18:33:00	MN	0	1	0	0	0.0	0.0	46.1046	-94.9627	3.28	100	1	1	1
4184	621543	2022	5	18:50:00	MN	0	2	0	0	0.0	0.0	46.3581	-95.0453	18.2	500	1	1	1
4185	621544	2022	5	18:51:00	MN	0	1	0	0	750000.0	0.0	46.1664	-94.5196	3.59	100	1	1	1
4186	621561	2022	5	13:54:00	MO	0	1	0	0	40000.0	0.0	37.63	-92.01	2.96	200	1	1	1
4187	621562	2022	5	14:19:00	MO	0	1	0	0	0.0	0.0	37.85	-91.7488	0.97	100	1	1	1
4188	621564	2022	5	15:23:00	MO	0	1	0	0	30000.0	0.0	38.378	-91.224	1.27	100	1	1	1
4189	621571	2022	5	16:57:00	IL	0	1	0	0	70000.0	0.0	38.663	-89.519	16.65	250	1	1	1
4190	621573	2022	5	20:31:00	IL	0	2	0	0	705000.0	0.0	38.3439	-87.8778	26.85	300	2	0	1
4191	621573	2022	5	20:31:00	IL	0	2	0	0	500000.0	0.0	38.3439	-87.8778	8.52	300	2	1	2
4192	621573	2022	5	20:39:00	IN	0	1	0	0	205000.0	0.0	38.41	-87.745	18.33	300	2	1	2
4193	621574	2022	5	13:35:00	MI	0	3	44	2	50175000.0	0.0	44.9743	-84.8794	17.54	200	1	1	1
4194	621579	2022	5	13:57:00	IN	0	1	0	0	150000.0	0.0	39.388	-85.951	14.6	100	1	1	1
4195	621580	2022	5	13:58:00	IN	0	1	0	0	20000.0	0.0	39.375	-85.907	0.23	25	1	1	1
4196	621603	2022	5	14:06:00	IL	0	1	0	0	0.0	0.0	42.23	-89.584	1.83	30	1	1	1
4197	621628	2022	5	00:20:00	NE	0	1	0	0	0.0	0.0	42.72	-97.28	3.02	100	1	1	1
4198	621629	2022	5	00:51:00	SD	0	1	0	0	0.0	0.0	43.5161	-96.751	0.51	50	1	1	1
4199	621630	2022	5	01:05:00	SD	0	1	0	0	0.0	0.0	43.5868	-96.5389	0.54	50	1	1	1
4200	621631	2022	5	01:17:00	IA	0	1	0	0	0.0	0.0	43.4479	-96.2736	1.94	100	1	1	1
4201	621637	2022	5	13:23:00	SD	0	1	0	0	0.0	0.0	44.2771	-96.9578	0.8	50	1	1	1
4202	621639	2022	5	13:41:00	SD	0	2	0	0	0.0	0.0	44.6822	-96.8239	12.43	150	1	1	1
4203	621640	2022	5	13:46:00	SD	0	3	0	0	0.0	0.0	44.7958	-96.8255	13.31	100	1	1	1
4204	621641	2022	5	13:50:00	SD	0	1	0	0	0.0	0.0	44.7731	-96.7557	0.42	20	1	1	1
4205	621642	2022	5	14:05:00	SD	0	1	0	0	0.0	0.0	44.9994	-96.7118	10.67	40	1	1	1
4206	621643	2022	5	14:10:00	SD	0	1	0	0	0.0	0.0	45.1068	-96.5618	4.45	20	1	1	1
4207	621646	2022	5	14:36:00	MN	0	1	0	0	0.0	0.0	45.2984	-96.1441	2.4	30	1	1	1
4208	621647	2022	5	14:39:00	MN	0	1	0	0	0.0	0.0	45.1454	-95.9201	1.77	100	1	1	1
4209	621648	2022	5	14:40:00	MN	0	1	0	0	0.0	0.0	45.2212	-95.8281	18.34	350	1	1	1
4210	621649	2022	5	14:49:00	MN	0	1	0	0	0.0	0.0	45.2994	-95.9205	7.17	100	1	1	1
4211	621650	2022	5	15:04:00	MN	0	1	0	0	0.0	0.0	45.5151	-95.6965	5.39	100	1	1	1
4212	621651	2022	5	15:13:00	MN	0	1	0	0	0.0	0.0	45.6047	-95.6081	3.16	200	1	1	1
4213	621652	2022	5	15:14:00	MN	0	2	0	0	2000000.0	0.0	45.88	-96.0	6.84	350	1	1	1
4214	621653	2022	5	15:15:00	MN	0	2	0	0	1000000.0	0.0	45.96	-96.12	11.01	400	1	1	1
4215	621654	2022	5	15:27:00	MN	0	2	0	0	0.0	0.0	45.7261	-95.3956	19.63	800	1	1	1
4216	621655	2022	5	15:34:00	MN	0	1	0	0	50000.0	0.0	46.1245	-95.5393	4.48	200	1	1	1
4217	621656	2022	5	15:58:00	MN	0	1	0	0	150000.0	0.0	46.5795	-95.5402	5.39	300	1	1	1
4218	621657	2022	5	16:00:00	MN	0	1	0	0	0.0	0.0	46.1318	-95.0461	15.04	800	1	1	1
4219	621658	2022	5	16:20:00	MN	0	2	0	0	1150000.0	0.0	46.3614	-94.8706	10.47	450	1	1	1
4220	621659	2022	5	16:27:00	MN	0	1	0	0	50000.0	0.0	46.3965	-94.8277	2.49	150	1	1	1
4221	621660	2022	5	16:37:00	MN	0	1	0	0	0.0	0.0	46.56	-94.72	4.3	500	1	1	1
4222	621661	2022	5	17:12:00	MN	0	1	0	0	0.0	0.0	44.7379	-94.0892	18.49	400	1	1	1
4223	621663	2022	5	17:46:00	MN	0	1	0	0	0.0	0.0	47.33	-93.79	2.5	150	1	1	1
4224	621664	2022	5	18:50:00	MN	0	1	0	0	0.0	0.0	46.0119	-92.9299	3.3	300	1	1	1
4225	621676	2022	5	21:34:00	IL	0	1	0	0	0.0	0.0	40.3714	-90.6477	1.6	60	1	1	1
4226	621457	2022	5	16:36:00	OH	0	1	0	0	50000.0	0.0	41.2123	-82.7489	0.43	50	1	1	1
4227	621505	2022	5	18:32:00	WI	0	1	0	0	0.0	0.0	44.9192	-91.8256	9.3	50	1	1	1
4228	621725	2022	6	16:40:00	NE	0	1	0	0	0.0	0.0	40.02	-96.69	4.24	150	2	0	1
4229	621725	2022	6	16:40:00	NE	0	1	0	0	0.0	0.0	40.02	-96.69	2.03	150	2	1	2
4230	621725	2022	6	16:43:00	KS	0	1	0	0	0.0	0.0	40.0011	-96.67	2.21	150	2	1	2
4231	621726	2022	6	16:53:00	KS	0	1	0	0	0.0	0.0	39.9212	-96.597	6.25	30	1	1	1
4232	621727	2022	6	17:02:00	KS	0	1	0	0	0.0	0.0	39.8611	-96.5953	0.71	30	1	1	1
4233	621728	2022	6	17:26:00	KS	0	1	0	0	0.0	0.0	39.7259	-96.64	1.71	100	1	1	1
4234	621729	2022	6	18:04:00	KS	0	1	0	0	0.0	0.0	39.44	-96.558	11.25	50	1	1	1
4235	621730	2022	6	18:20:00	KS	0	2	0	0	10000000.0	0.0	39.1971	-96.5765	0.32	50	1	1	1
4236	621734	2022	6	14:48:00	MN	0	1	0	0	0.0	0.0	48.4021	-96.2736	2.66	300	1	1	1
4237	621737	2022	6	21:15:00	SD	0	2	0	0	0.0	0.0	43.8954	-100.9405	0.48	30	1	1	1
4238	621738	2022	6	21:28:00	SD	0	2	0	0	0.0	0.0	43.9379	-100.83	3.89	80	1	1	1
4239	621740	2022	6	17:08:00	OH	0	1	0	0	250000.0	0.0	39.0942	-83.2835	1.87	200	1	1	1
4240	621744	2022	6	21:17:00	OH	0	1	0	0	45000.0	0.0	40.5985	-82.7479	3.08	25	1	1	1
4241	621745	2022	6	21:23:00	OH	0	1	0	0	30000.0	0.0	40.4807	-82.6829	7.05	25	1	1	1
4242	621746	2022	6	21:32:00	OH	0	1	0	0	2000.0	0.0	40.6266	-82.416	5.67	100	1	1	1
4243	621747	2022	6	22:27:00	NE	0	1	0	0	0.0	0.0	40.96	-96.3	2.16	150	1	1	1
4244	621748	2022	6	23:16:00	NE	0	2	2	0	1200000.0	5000000.0	40.7081	-97.7613	7.12	400	1	1	1
4245	621750	2022	6	14:57:00	WI	0	2	2	0	800000.0	0.0	43.8935	-90.5149	22.86	250	1	1	1
4246	621751	2022	6	15:07:00	WI	0	1	0	0	300000.0	0.0	43.5848	-90.5438	5.43	200	1	1	1
4247	621752	2022	6	15:43:00	WI	0	1	0	0	775000.0	0.0	43.7794	-90.0921	8.2	100	1	1	1
4248	621753	2022	6	16:34:00	WI	0	1	0	0	0.0	0.0	44.8141	-89.1262	9.5	125	1	1	1
4249	621754	2022	6	16:41:00	WI	0	1	0	0	645000.0	0.0	44.1799	-89.0045	4.81	100	1	1	1
4250	621755	2022	6	16:46:00	WI	0	1	0	0	0.0	0.0	44.9245	-88.9435	0.58	50	1	1	1
4251	621756	2022	6	16:52:00	WI	0	1	0	0	0.0	0.0	44.4673	-88.94	3.1	120	1	1	1
4252	621757	2022	6	17:09:00	WI	0	1	0	0	0.0	0.0	44.5712	-88.5323	8.22	80	1	1	1
4253	621759	2022	6	17:31:00	WI	0	2	0	0	4000000.0	0.0	45.391	-88.2852	1.9	375	1	1	1
4254	621760	2022	6	17:34:00	WI	0	1	0	0	0.0	0.0	45.2945	-88.013	6.6	200	1	1	1
4255	621761	2022	6	17:45:00	WI	0	1	0	0	0.0	0.0	45.5032	-88.1329	8.5	120	1	1	1
4256	621762	2022	6	18:00:00	WI	0	1	0	0	0.0	0.0	45.6787	-87.7955	0.65	115	1	1	1
4257	621768	2022	6	05:36:00	IL	0	1	0	0	0.0	0.0	38.7746	-88.2455	3.31	60	1	1	1
4258	621772	2022	6	18:17:00	MN	0	1	0	0	0.0	0.0	47.22	-96.2	4.87	150	1	1	1
4259	621773	2022	6	19:20:00	MN	0	1	0	0	15000.0	0.0	47.4758	-95.1275	3.65	150	1	1	1
4260	621774	2022	6	20:30:00	SD	0	1	0	0	0.0	0.0	44.43	-97.858	3.65	50	1	1	1
4261	621775	2022	6	20:31:00	SD	0	1	0	0	0.0	0.0	44.45	-97.897	0.5	50	1	1	1
4262	621787	2022	6	14:27:00	ND	0	1	0	0	0.0	0.0	48.45	-97.96	2.24	100	1	1	1
4263	621795	2022	6	20:16:00	MN	0	1	0	0	0.0	0.0	47.25	-95.68	3.82	400	1	1	1
4264	621796	2022	6	20:58:00	MN	0	2	0	0	0.0	0.0	46.86	-95.69	30.9	600	1	1	1
4265	621701	2022	6	21:15:00	KS	0	1	0	0	0.0	0.0	39.9613	-97.4249	3.06	75	1	1	1
4266	621703	2022	6	22:02:00	KS	0	1	0	0	0.0	0.0	39.7999	-96.713	2.79	75	1	1	1
4267	621704	2022	6	00:10:00	KS	0	1	0	0	0.0	0.0	38.964	-94.7853	14.36	125	2	0	1
4268	621704	2022	6	00:10:00	KS	0	1	0	0	0.0	0.0	38.964	-94.7853	9.53	125	2	1	2
4269	621704	2022	6	00:23:00	MO	0	1	0	0	0.0	0.0	38.956	-94.6072	4.83	125	2	1	2
4270	621707	2022	6	00:37:00	MO	0	2	0	0	0.0	0.0	39.121	-94.3091	9.56	200	1	1	1
4271	621708	2022	6	14:08:00	IN	0	1	0	0	185000.0	0.0	39.6405	-85.6188	9.69	100	1	1	1
4272	621709	2022	6	15:42:00	OH	0	1	0	0	100000.0	0.0	39.9384	-84.4772	2.45	125	1	1	1
4273	621710	2022	6	15:53:00	OH	0	2	0	0	1000000.0	0.0	39.9692	-84.362	13.75	150	1	1	1
4274	621712	2022	6	16:23:00	OH	0	1	0	0	500000.0	0.0	39.9734	-83.9863	16.92	200	1	1	1
4275	621715	2022	6	17:16:00	OH	0	2	0	0	50500.0	0.0	39.3748	-82.7371	9.1	700	1	1	1
4276	621716	2022	6	17:45:00	OH	0	1	0	0	1500.0	0.0	39.3316	-82.3533	0.42	200	1	1	1
4277	621824	2022	7	14:22:00	MN	0	1	0	0	0.0	0.0	46.3647	-92.4202	4.63	75	1	1	1
4278	621836	2022	7	18:55:00	OH	0	1	0	0	117000.0	0.0	40.67	-82.0292	2.24	100	1	1	1
4279	621846	2022	7	23:31:00	ND	0	1	0	0	0.0	0.0	47.71	-97.46	1.18	150	1	1	1
4280	621850	2022	7	08:45:00	OH	0	1	0	0	100000.0	0.0	40.0421	-84.23	1.8	200	1	1	1
4281	621854	2022	7	22:44:00	IA	0	1	0	0	60000.0	0.0	43.2628	-91.5287	1.46	90	1	1	1
4282	621801	2022	7	23:51:00	NE	0	1	0	0	500000.0	200000.0	40.8661	-98.3346	9.56	200	1	1	1
4283	621809	2022	7	12:57:00	OH	0	1	0	0	100000.0	0.0	39.2387	-84.2781	2.24	100	1	1	1
4284	621810	2022	7	13:05:00	OH	0	2	2	0	3000000.0	0.0	39.2431	-84.1829	4.81	500	1	1	1
4285	621811	2022	7	13:17:00	OH	0	1	0	0	500000.0	0.0	39.1675	-83.9993	3.34	250	1	1	1
4286	621877	2022	8	16:10:00	ND	0	1	0	0	25000.0	0.0	47.81	-100.93	2.24	100	1	1	1
4287	621878	2022	8	16:30:00	ND	0	2	0	0	250000.0	10000.0	47.7564	-100.9677	2.27	100	1	1	1
4288	621866	2022	8	04:12:00	IL	0	1	0	0	0.0	0.0	40.1441	-89.1966	1.88	60	1	1	1
