93.8765312388173 108.20078392209886 1765.5321859344265 6310.123216058047
67.97743441792922 93.25357058016435 2369.906192066804 5113.778913051908
79.74454835155092 100.85608068407274 1324.0936447318852 5299.014486317085
85.90160700924295 91.12335932355143 1385.7936068285733 4572.388096226848
94.75943025493382 76.72257316410906 2000.2549364326635 2841.2044819794382
77.76257763775855 81.46520254519099 2901.640321260966 6287.1042990333535
75.95859437188652 114.27128210807722 270.4313072345074 2638.830953820263
105.20370284202141 74.99594659641848 678.9469670522227 2571.238063141823
105.31554983331262 74.84116957079334 669.4554404630888 2571.2250682823815
85.76866615619669 75.83177889548628 3118.3359461970067 6572.1490086719705
117.56043651860419 92.80292409331688 2333.248954418737 1831.3317308956862
67.2329358848814 77.85982970554633 714.438937737093 1077.0201038605799
76.24401715398619 115.5604661712341 689.2981040891248 6682.738089604312
104.16002016563567 88.08922371380694 1195.5237351534402 6279.7870213667
90.20003941685005 114.0524970815886 2451.827479369874 7335.750838933239
107.25254282999558 61.90629934820445 2640.7940467571802 7291.320600291592
113.85954964692587 78.39531197143242 2229.15183424095 6387.881571053633
119.36388541851791 83.05155536850818 995.6028192571629 4345.046134696027
73.26899179356869 106.23733148986345 3380.6159834637483 3416.7957561967132
85.9102903223421 72.86785290947238 2241.575417574312 1809.1183877342294
82.10750463907462 81.56072193195165 353.33053055121064 3101.6428422190916
104.92038860164226 100.94592999431126 974.0801263959471 5962.186395539934
62.87796693609872 96.12402757437975 242.09895928416276 1832.7184998498212
69.23965534958941 105.52288756674022 165.10806461722837 2765.8074025133355
73.43478026199635 94.85383198897846 1604.4929725533239 7022.5035600823685
67.03454857811118 83.1030813882855 967.5877949888186 6174.608718938817
61.69175265757942 74.08244279992446 2000.6579352065144 1269.6823016225421
116.10033323640405 78.9252059829449 699.3071695887054 4521.832913417731
111.49974710519609 99.63099423343506 2970.3751900696293 2051.0615928448383
72.90455957798194 100.59372846523443 1958.3660633742236 2246.8595349256525
77.06289098131327 74.28298917099077 1735.3287651690339 7471.5004770733685
72.50661342109089 65.24615606092138 1985.7484352388476 7776.493970127666
102.47472725680774 83.94701278293375 598.3060798335364 1346.2824009437793
71.67965754888444 119.88679272960091 2512.2999331324877 4685.550308148843
80.22844588638155 118.6435396290417 1260.57503000679 4396.726994803267
63.00492091437506 105.6086543867477 2964.97668758041 4537.356266427343
73.8903355257654 63.707713183251144 126.42120973756975 4349.608229802294
85.37156524073667 100.78454955574564 2960.3126734872935 6778.72813720048
63.332589381685594 98.908557780481 2474.5410499866216 4021.518713350295
95.89513539670332 88.82473486015348 2815.706756423678 3358.1315319832224
107.39469235267013 107.87837765863759 2460.791978656674 5018.372483679477
64.58475210065404 81.45155882596697 2198.7150909126544 4837.541103924211
60.55673112757144 108.41052041783759 2039.1557165614097 3325.158260386451
89.46628374664009 84.42051506657894 897.8495288390843 3475.480315321615
72.42024323903223 68.61440822142336 109.57521260924352 5360.608571697381
77.72101885441788 112.83261206735902 1344.547327684529 4462.070047912278
96.62056805312127 115.89513159251368 838.5639218594532 3002.5282552286594
82.29708237723989 88.36832435840051 3079.9961405522577 3974.8844834458055
61.67314478273609 62.55246900496418 3248.3848306134514 5502.348318619815
73.84053816786147 103.08380944681322 3261.1737650800624 7310.534442679393
117.00282587627981 84.60570955229322 3489.240949739474 6395.889485391281
98.75900869712021 98.31993749223382 3302.6501200609227 3386.2001713125046
68.78659006000768 78.46181028327089 3555.183577816088 2275.6713257954257
64.01088227069195 69.27080069707418 508.8848169287204 7412.902183343356
116.48096397016602 83.04561458473303 2771.76664351882 5401.222448101841
84.23313600922964 65.99089639831472 1945.0701431726004 6977.409057793366
115.24683118763518 116.24348401672556 2243.8226429839715 4119.028075772188
77.66353257665732 84.16140436915136 547.8076858868911 5226.927561801951
89.83597385131841 101.57247256086049 1012.8379907800269 2068.9799403521247
87.00292685147248 91.2730064906336 2083.410856843478 7735.050247576734
111.08589109229433 105.33605208396618 1182.1971456201713 3611.0314286746707
72.28531395688653 99.39425861798985 2758.224121573301 6314.20925196454
65.93086787917166 100.15833445168863 3206.878694005002 4660.133026801501
69.85762507103297 117.76340711509877 1066.7572657797114 1064.4028345781242
95.45829288736459 113.53843675366186 1393.8647737210345 1386.60056072523
111.71566347216043 86.51458151095807 1906.650444577785 1588.1713125610124
87.81428968271763 63.64796398986382 1554.7310044484757 6840.035177638066
113.72503967079278 112.44280716737218 641.8423816234954 3874.8611436588276
93.62340468387967 100.38080393416737 2937.7381682270757 4375.301908695827
63.000109998994205 116.7610210738089 2696.5555654356713 5819.445287182502
88.57983750465235 63.88095086213312 2783.7434732052493 2197.867435238775
67.14812731587652 82.83707225546597 2026.1512608872238 6043.772306058493
70.09974553265812 114.39436350001095 391.7544647957746 3314.0579011162395
116.41039900505271 83.25090103168448 3084.7914867838026 1911.219451992878
79.92399492366205 110.71144480881911 2624.832242431854 3486.658392864292
113.5024637005773 115.36603754223506 1710.3265873564185 2013.4366846929577
104.33512535790742 105.71694752906518 610.0577602970537 4176.172023444188
91.57724455556762 116.534529607183 2122.3113092260696 1219.742590870474
82.77783354162581 98.13084770487905 415.65759538230867 1245.5888522894054
110.22826546999953 85.20085615861967 2365.067646569427 2851.813185033998
75.06916510581605 82.54351860235427 1754.4390922493112 7543.384271411631
69.61355454453421 102.4448421467484 715.3866026875212 3284.709916150913
65.7701314387362 82.62617579015371 1161.1104954945965 7592.453461538434
83.13737444778411 70.48645372417256 2338.302760753311 3326.0396604564603
93.86402765100678 110.95621662020076 2921.7871693737065 5879.044794932877
94.92687291131232 108.08976477195141 2938.8396254988666 4856.510385931606
119.42046233843068 96.1360175986123 2622.3349763420156 4146.53564213749
85.8136636698554 70.57226626299061 1198.6223386645752 5146.122828342123
86.77032035415282 71.97770513673697 627.6488964435151 3568.4785051059835
63.357936907036105 86.80177312226643 1265.5084284569073 2265.6138724872626
101.61607882857025 104.16133324434176 1715.7559228143887 5658.299065696928
93.60136301400456 99.79317841775968 1492.947150009936 5600.677141999571
106.76010367252726 116.24381407378903 1596.8991577284603 6607.813032370003
73.64568940320753 80.16940544329871 3415.3159123017494 3483.7581784902095
81.86215139713178 109.94701800234989 1725.9335002154114 5402.39525927771
86.24933622496994 81.35195810197241 2415.1960521521437 5811.462589332931
99.05817014850345 83.73636937769054 1495.7823118898773 6390.30345791439
112.02988851684255 98.76392862318633 1362.46126832738 5265.111363400218
66.63682529007124 73.69339670272531 2898.532816625963 4770.595518256469
75.83755092842975 118.37831495610097 3581.5414664708487 7179.523139221159
94.46574548653322 95.27431630365473 2506.160902928365 1705.1583081696083
65.00155762202542 87.98501859842085 2363.976330216283 7932.160875923037
71.59075541618213 88.23623065410946 3381.600028821183 2121.3573228604073
95.29255503016476 115.0962897479733 490.87358346042646 2301.315606408482
65.63104296348777 97.78387971819515 166.6296632686727 2349.300560815893
78.4066134010068 118.16935146468211 3330.282185223246 2523.8694509982433
93.07875439777152 76.37403883992806 902.3163297206512 3251.6435092302554
80.1198388973419 70.36349881614073 2851.3714621593276 6348.875085374437
84.49206604294133 100.27665647893743 968.1840258706156 1994.701287452129
63.8215677457272 118.68199704950031 2099.6593185964157 5709.497473300179
66.64192910835928 98.31477730580215 1084.6311136138595 7377.28230009953
97.86671775970164 95.63608517857807 3114.4476551991966 7768.270654360352
85.28947314199165 65.64233209464435 668.9267384571809 5840.855711345059
66.45150360814236 104.60067006859553 1401.9779507650376 6427.164035313462
69.27056375828285 102.05931895683254 2151.2174308107365 5066.348945079194
109.22070239655731 118.04292890220545 790.1112472961144 5365.392829496919
97.87853151619908 95.90537529741749 2400.8456983775027 7691.863699389171
87.88594585325136 100.01466777484971 1821.2672457310634 7626.83486499218
72.87163345650231 96.90041683406781 3215.9873379167416 5637.025829593997
94.31277241267063 102.48059255621165 1236.9710600812548 5778.294220167363
89.88594959987982 65.66760896826375 1442.8379489454787 5941.656982296551
65.42013318718791 61.756925948055084 3534.271106409439 1431.1121340999841
108.72045645340535 110.67909940019972 2901.9690508368235 2370.11688650688
64.21904080993097 86.638235613039 1056.26477090821 7459.790432927717
88.979359795531 88.14497671978044 1286.8662688524837 1566.7425440826285
84.21542393575676 65.89103274868147 1832.6195920214525 5379.3371770158865
77.67068923485247 102.18973608292431 1619.6511867361965 4774.488356058643
60.22041165348304 84.47478081702543 2192.787179151788 1270.5841067640386
108.15877623889277 117.43248623204052 2254.3241902795253 3092.9289636827843
100.10354749720972 74.4368439870715 686.7138898593033 2193.4351851171446
63.75582702902924 92.93591666397168 2070.5760443045574 3370.7152595694133
114.73656300735598 119.03724913231572 1467.79615365532 4032.873574942493
78.89063073142017 60.417760974233204 3337.953048323154 1912.5427541215333
119.60865455255725 93.62124786945475 1069.9329395665966 2758.3535609996015
72.3357852687293 117.22039509807797 834.3110086097089 3029.933144798833
75.54722293540793 65.54018790726471 1718.7280751176231 1368.5782014600188
118.52976392074571 96.54201070629634 3206.1214714999783 5182.361251641493
95.76882120890023 85.24018201652893 2014.348653401682 5579.68554549439
81.78698434561045 88.79637724564707 359.46792445965724 7766.5481828127795
69.66677748591228 102.46410473537456 3391.4930105780345 5618.975539579633
118.49762705745644 84.44393026503043 2049.649313660075 4663.457512016659
83.91351835101628 78.28796097770669 1685.5746603570237 1226.805203640884
65.20134006518728 118.43244478887445 11.492891540620102 5604.509511806886
104.09077838370793 93.51472811031633 2814.7012540702344 4974.076261123831
63.99713389559418 99.64419805406516 1157.7183717370408 4719.212879129856
85.9983068730969 108.40589430984906 1740.1499318924039 2499.0847980231697
66.97189939204915 86.64187937940633 3007.5180949219134 3819.21961706921
73.42159884016492 111.75534962574507 2135.8993648742353 7954.668038821244
65.22534678184022 86.20720452980365 1029.4045004149164 1350.3078557199487
75.9259097264717 63.52670596548018 2734.091120413413 6496.812983904293
75.0592932823889 72.12972997280201 2269.1087591413557 5250.917560686284
62.06986784826468 107.31398149779592 2269.9405906343495 7373.230228168206
70.9375677091508 89.23417736569635 526.0662161552772 1678.589312895133
89.09021245434553 100.92295617058606 3506.680402187609 3640.5125738928123
100.9113290437951 96.88579700964283 3443.3196692467795 4196.680481130223
97.07377659403278 65.70384046210168 3494.0976632579186 5006.211400995587
116.18951066149958 94.8254729665119 2546.940869736829 7456.765590617794
96.95266597578916 96.34963176100035 948.6895252311601 2569.623343258044
80.6544249363412 74.65813950658311 2844.3896294204183 2311.552159941005
72.40910687580286 89.74211831796678 1059.432554954048 1969.144795243267
96.16269168821624 96.48314793692391 3357.8130768053193 7884.666076306088
98.11649755431755 91.77382439310107 1103.9696675275475 1886.0374879106066
72.84814324779747 63.922369465991174 1899.0641891553507 2517.7548118856234
99.3696602822447 106.19770791954616 317.573681442834 3161.3069972614608
81.66978941452672 109.10607429602135 1596.206074438916 2985.0615906951593
72.98541664123967 64.33246563805076 2781.1745026243057 6254.6333977155155
98.98274915340335 80.51828454605635 2670.4309244572 5078.99473688395
66.21369125294294 78.64684408824239 1632.5797528864503 4966.119320976989
90.72314854048449 90.54925409190989 3134.6085260219425 1788.3887921956618
76.95490368592955 68.42632659762748 1441.538500201576 4923.969147268267
119.72256715613528 61.266666370716536 2052.9802824620824 5306.7234224171725
96.4313645729852 74.16398164293689 1914.721840832866 6406.493570453088
98.26339446171869 106.85968087370273 1021.8930802170809 3566.504033209309
109.89299569154149 100.8734976574404 936.3851697687651 4932.199257493456
94.15308110628496 81.03785219409058 3205.6568045102304 7064.82282169719
71.68288604838854 71.4105024624421 1118.564271631699 3620.3127767154774
101.85441520919012 105.48145570751478 1255.832627758688 3402.243877139194
79.61777528790476 65.65409630004284 1901.5551131075026 6492.213076249833
61.3760972856941 110.02355526305104 1083.6109837824283 4760.6592118641465
67.62837975193128 93.1840717287228 2366.730066259314 5113.452388925288
113.01276774623693 63.6291055940953 3120.042159795619 7227.041201817979
106.3876648365648 70.30669814830652 2134.19225834859 1552.4538614451856
95.3853055045198 92.45053825519153 121.44632120060668 6554.850182221606
61.94351287581224 96.69116203806806 341.3584250854366 3375.5184707842454
80.74216028115119 66.60292735520784 1205.227066154993 2998.48348271481
77.40212168883075 74.12027691487978 2299.3706422024356 6835.86221333749
74.88761425872136 103.59427645599656 2754.119403974202 4615.702143881894
68.0441437334037 89.49245401338858 3097.465695284487 7470.420863246608
116.4692394127381 72.13670243288652 2069.111334637857 4344.861672390214
63.80843829919543 101.26145607586771 1010.5948732395478 5215.262228932449
97.81685676677981 95.97780684355892 2397.4813564768233 7691.758153029451
83.19056200886823 67.45821583432809 2805.266076836711 2308.833074778375
118.16685055593099 65.62856001797024 3482.160087611885 5799.578005501633
112.33505177253795 69.60630971247126 236.71140048630934 6034.948506160576
77.96335564989614 87.38367880994375 3132.3012292647763 1468.4934609870027
92.15374002086143 113.14568628727507 677.4938953340621 4320.110216455299
113.85372212582394 92.47226139167904 1356.133360894692 6077.80473433266
80.31852136275424 67.15845588266906 2469.3149892385645 1963.0667126190908
113.60990770378223 117.27724380656852 1939.492692244179 6024.105131745688
92.71624885842914 88.45891776704771 3568.456921837508 4921.688827467377
104.07499404099765 103.02306649276876 588.0690896391283 5705.41960479365
111.76832210675316 112.86325243484129 1704.315330341747 1648.3697259277424
118.96027527238432 103.21289021634112 756.5390829175567 7400.690437477625
109.30578647000077 71.28482185647074 986.5524582289889 2653.4028441165183
117.26752887166955 68.38041696847998 1907.6722264959226 2284.1552349320605
72.50191364575532 99.92189255143647 2470.699753412948 6972.75828180144
116.28919026660432 94.81726989814372 2545.3960205989133 7456.960424908626
77.84117574006136 66.96270360548634 1724.4488492465744 6161.326086257024
62.71567777967862 102.99555190698241 235.7652812642645 6784.016530413785
80.78868634962059 70.21235285649534 879.0504175790364 2254.8898876492017
82.0690482329061 112.76912623484951 1907.442510170203 1307.389005897005
98.28064505994556 63.8645817151625 93.05233151278384 3341.6460950364367
84.36250129719114 70.00960224474353 1963.3349772861961 5715.743928681025
68.49555997863867 100.03166646023065 1287.7591217492168 5610.750344498412
114.66619889269333 70.31789969210381 3135.2806777364876 3937.3643705964223
67.2687705962893 72.93400501522187 1294.1562475888727 5274.79808226365
104.9054804381964 67.71227857062472 1994.4916281539697 1577.498303287715
66.22324661965526 83.38222345793713 3382.9430845970546 1953.9076916696793
93.6128853450884 63.508447019639064 1254.1491852160984 6773.5067280106805
109.83552894662792 116.88872026656168 3605.044267878528 7069.473711075067
116.34126910105248 84.01376922114606 1843.262329932835 6838.981844523782
114.16067466376211 102.52668584644218 1071.7829931565682 7208.499838945539
102.44487229742266 97.52819452901667 3158.3548531196593 1800.6570423276373
115.17383691548541 109.87866369505663 1865.5123323170285 3770.9323568086943
69.9875291656959 61.12784408636056 1841.2444057971252 5608.304458315918
114.27987210792793 60.83189271867924 2879.4751002581474 5587.722584291259
106.11509931262522 95.30578091020011 3500.205637719033 6443.946428576388
105.96324024301943 97.07874316180664 2355.3181908208185 7142.831674830589
74.08098021348965 86.57562308348759 1501.2522516395195 7409.012258039516
77.12007094908064 103.01131168098712 1850.9544619284018 1327.5783048938536
72.68337513502794 105.62482617522244 2104.692954841158 7183.105231456391
74.51238977823002 69.70844941624111 1483.9018130991071 5180.3853436730615
78.86245610519207 107.11463985391386 189.3918080845125 6916.710295697432
77.45460061630328 78.07530545083995 1622.7858796279986 5182.405697364632
90.94652478032445 66.49717622797705 2265.557270804328 1506.0410509906728
85.3704726284646 81.31120667768614 308.4964148330074 7575.5164648531945
68.82407255257215 94.33080312834967 1585.0430231897233 2540.8232324652363
74.56977019683393 85.28287936749454 374.71481250919396 7978.793742987751
100.92392872018557 100.31034009801849 2626.328125492513 7961.95660079803
69.57584373119563 107.46132272017397 769.7564594439374 2651.5875841532998
76.57907215815999 63.640448564923005 2470.29978037378 2128.2708975784385
73.73244899873158 113.47564224822496 2700.2104162332757 4797.636972734147
94.1809365885097 80.75589902339281 3437.6985825134184 4019.752976840917
65.31260519571262 111.66406590551648 842.1433022215078 1490.5926658754886
61.35918883550796 70.94270741266052 1342.6622341040284 6704.455201470408
104.18810633316274 96.47230609355069 145.04396339772924 6309.327833734625
88.22205839573415 104.3290028274935 3350.6825144466507 1148.9202605351209
102.03190216108226 81.02173112168475 3175.079455204045 6010.610609648391
118.49666201991073 107.06517782754469 1600.8601367049373 2798.752400036664
118.20235109605069 117.68294508359453 301.785168167095 2664.375724520324
77.20579525942604 79.30098999704691 343.7895968523105 5247.849257647152
111.55997114887329 72.06214388054659 2388.85421799767 3712.19833291917
74.4681523210391 92.37604589854936 967.7643654874448 1830.0646357313096
72.96225741866446 107.29455060085219 3469.7526580573845 7831.857649322638
83.04662854556703 86.03450647977056 2945.6105897194793 6269.215282924688
98.69796592856024 104.64298788250605 2432.159955015596 3199.4352347193917
111.40923999787903 70.43921885820298 2541.400386512825 5805.044363633018
85.88275342240573 70.62156655890841 1200.2407820387107 5146.066928702862
93.00046605741075 67.4589960196819 2182.1961553303368 7664.634588951772
107.34511204202363 115.42983617369117 428.986520483443 6826.942547114648
94.43703059492587 98.04426195541826 868.1467583150246 3659.529205590868
87.18136582982432 99.40598142765806 1763.2422397106925 6751.90427737374
77.882954430063 116.23273911570307 1051.5487127428153 6306.662977120393
68.37339242507949 82.68384578311968 2311.416478769743 4993.178105522813
102.3007384887918 86.13103175502415 2346.317328896929 6810.340819895614
71.00011129559327 83.42200229038524 1142.0791484268095 3184.444859259208
78.66749573605955 79.95850053748573 3467.0326153425126 2266.457662892391
115.97660487364601 99.08422244618922 1206.4351652481153 5153.768648519717
65.24766569307813 69.45645873648766 1304.9927393071036 3401.333019050001
109.64618023340326 93.53515417800658 924.4107416557987 2750.382343416581
91.2552987002139 76.77199847725377 1298.9265467305036 4573.62054585881
104.97117472918153 113.68440922931462 3142.3788948615766 2235.962535856852
91.3717451678972 68.56020116259394 1682.7855041764774 6009.3554508878415
108.00744573190673 62.87800997718389 2087.172513404377 4999.412279935951
118.0684136906049 105.4798410769997 2784.8303624156756 3599.741674592682
94.92237328021501 78.05989797622459 2032.0795040099856 5619.699557566802
114.64382927715423 92.93196732836617 407.15053588900236 7900.3613898482745
113.4524212763071 100.50695839683672 2312.7836122334043 7986.417567709082
101.89410818070155 93.97918116305794 13.290096140140015 3367.792380533753
68.07171211314918 100.0076758069984 1090.693844043872 1152.7507187734348
117.38792164557867 97.94842114322594 35.298395770988016 6505.547403526254
117.82800252358713 71.43690397867935 603.5709558302872 6641.236481822912
72.9680186123717 79.37340581228393 1113.4070357612904 6217.025691951493
73.32984521046916 78.656939880572 2669.3764530546805 7670.971074751821
94.09548107148392 97.87795904780731 519.1962451201172 1834.928643584817
76.9923706915537 118.11101714353332 420.1304175296229 1032.0992757009221
111.93444061319681 113.21309339108203 993.2576902136741 1200.867556993684
105.66747291418217 88.47145238631705 2426.4034593342917 2017.8284053038974
88.13587815182993 81.2662775414565 2883.371476356349 4242.318652854212
63.770405961302686 79.99310373550054 944.8802705981273 6213.310071859387
91.50490458188997 76.1632014343439 2057.326424653714 3137.887368150327
102.7791438852327 119.04193306139805 2737.213574332811 5709.983734620366
70.41686708215643 60.64103094765458 175.23005068490716 1936.0098151886261
102.55923678576852 69.55561609550074 3358.587705915166 4853.926472146939
62.27118894206498 92.13720101652011 1930.6203555825296 2046.533608758539
82.77682388376276 106.09824466710343 1426.0942088765353 3643.7166553883817
118.31830536106548 113.78354998844638 1195.1390249466285 3831.563436858203
118.77729047563835 62.89456979462981 475.08238126888233 3171.789157635192
100.61791899240903 73.8818749469241 595.3302732031599 2480.885419582248
101.35189152823054 113.39284970201 3545.8281811046268 3506.6803376542985
103.83327695605487 66.21534930470074 3591.048945089355 2173.783332779768
82.7424017675166 78.56197008294184 338.1959165601816 3902.681113830152
86.34470452961578 80.34335830361753 1405.1587891786733 7080.27372740808
102.48685240118449 89.53487249787406 2459.7945668459747 7890.186845588127
113.73157399016792 116.8821934783101 1651.4621184677771 2641.808325734387
114.60508723892939 80.88278315534455 1419.6908319494892 7110.457082218181
119.3600535998059 87.7758741321822 2567.958029057511 2555.727377148764
78.51014385923293 82.29510380434242 1287.572587161902 4231.16441444482
63.39306465290367 86.92670905150595 1270.979709982515 2265.4988726662214
97.52111295441362 111.9004660299489 3118.8529825278724 3017.555580840046
77.41494096626464 94.26179510119081 760.1532337513357 2029.3488596354682
109.67338964010433 68.66094341749965 1868.025970706957 2523.8582680612044
98.81275243497893 114.01856332508605 407.54216934699764 2726.0155812352186
77.66217067853437 96.05460150575436 2901.432148387746 7050.6571692626285
82.57889188714955 107.73833024237204 2403.6604578144006 4357.576631792314
101.45640615604232 87.13929284228028 467.14288514567636 1676.745576572199
71.72312133139118 113.61704832355284 2664.9439305312817 2173.764656003771
100.09455348932805 64.07099622549072 476.002547163278 5114.596822471424
68.2158642097517 119.57004597634882 743.5106938901141 3466.618018663449
84.06426297144681 106.81547508632403 2223.9527311523448 4485.79198428715
112.8644001762334 101.67732707546112 317.2718500004122 3345.5547399060392
95.40188502815161 80.59401722726264 1029.0158724942303 5634.388222572727
119.80467761241206 108.26383880965474 2390.3307007074636 4089.992468981918
110.80212577639342 90.28082603639008 69.23396229777096 6477.169491825927
72.50353271583961 100.50383250797957 2594.780738851525 3716.4112263830066
85.97189421032938 92.70626231212285 678.2545827462826 2142.416987098663
97.34238078108628 100.07427779841022 3482.783084884261 2041.2118519607138
103.84178186840907 112.14470768199169 1279.35832289472 2584.9887308216025
68.55789867372313 90.36108163943445 1794.4781454862398 7300.862323510004
108.56639511607372 77.61310784338201 1934.2677900011304 5753.337199695007
66.77365102058091 62.01700328213621 829.212027049063 7489.209277902686
96.0663613887958 68.52878677049242 1238.3531242661916 1473.6361998449274
119.09220807835662 113.6629861332424 3529.5166043961217 4638.570530621142
115.50648319065172 82.45413226332687 1462.904762986286 3624.218305375795
67.77198964064078 78.58059607079917 267.8091364754349 1339.2521051358071
67.43384894681799 68.14861139234877 3095.8179154332734 4138.219211384781
81.59474541047224 100.48165252027823 2651.0128657787213 2188.2831688186643
105.3139744366342 99.11782381864361 1581.673923334883 7500.080747921638
102.71264980494468 102.11623702352367 774.5576077958964 4953.822711340179
86.32938164711221 102.58831968427273 2480.1052122362335 1088.9467864002122
84.55924526755888 76.84137507384862 2766.941104227223 2885.0473246003794
79.00258730832351 104.59775715322185 124.59981678411796 3263.873802938086
86.37530458174352 80.14128998982648 766.9093680598697 4382.170939806808
62.4260754680165 99.7389467978557 556.4717875041715 2765.778098057411
67.20955662445188 117.69517510716842 2593.002885241872 5338.711295883744
98.50021765343715 97.21825370153773 3371.1150546670333 6564.625588358975
75.88510678132131 110.06864455651053 3450.009036953073 6828.515963657558
81.35223921322125 79.24450538851404 243.9472523776248 3697.3264104112936
96.3019793794043 72.20234059800123 881.9446523389475 5176.415224887511
69.833828086716 88.18850478272309 903.2270423213135 7472.093597915569
105.63867552688095 77.29598955493523 455.21298612203907 3245.4540879253036
106.17387529280866 100.1187436304437 3595.624885359221 5705.666597571115
96.4685930162471 64.78542826626659 3172.478479000689 1694.511251482366
114.90964350167373 97.41027457359866 1123.6329810694879 6231.938925735012
93.36202189722286 79.47053704025416 2379.976356511667 4138.603604759014
88.65925343748188 94.95796875742488 3270.6579520673286 5822.614564685679
73.50427723852418 91.74396276663006 639.2145724028177 6271.399627452091
89.82488145684252 70.53431689257003 2836.24594841854 2588.8979068827975
84.4561267548078 117.3089982098334 3569.2838841893504 5624.757684337845
72.71599208548149 100.39754935127996 2589.859353689675 3716.602125682594
63.49796506228852 81.30193319269885 1519.775200816036 7010.765073935607
82.73482928754014 89.53242276400259 2285.7257904721773 5812.003392606592
71.0606532047801 105.18230417321504 932.4808901543573 4944.189489951855
102.2696211468452 108.5835970120946 806.3559200643296 2389.1763998524193
106.27078536721811 60.062168627941986 696.5833129888543 6196.171320521599
63.19840051378765 116.72630062979248 934.1467343796313 6613.329430990565
84.50733981340626 94.1081558420695 1126.876189039116 3604.996331559569
118.90777502583438 64.28713903224256 1584.359267480904 5785.364907200507
95.52194773680736 67.41557187488739 3223.8112666094175 6471.939856328277
104.04483090936249 74.3664675743624 2800.0257961224684 1356.2092488226035
92.10288474475408 65.94907321036096 1271.7151921022896 6026.481036013805
114.05162642423761 75.44202928635455 2244.206103983927 1364.7050863448817
92.7715666201995 106.8565511803559 2207.943113038667 1651.1664519867447
112.49239192094284 93.58587715843231 3551.9241016423903 7025.784239327933
66.62215426278333 93.16592605382367 1173.6059384832224 2437.7341658743303
92.21146991139847 95.82356903822475 1156.08736665074 7494.179728889368
91.12149201633137 101.949322063422 68.37433064603681 3553.710746808557
76.24705974851842 119.73045145258496 2555.1457006445853 5980.079679468171
63.86782597690318 75.38828397721018 1466.8995610482848 1359.4961026688975
69.63158702669125 67.8922726233844 3170.6527698322343 5853.5178906451465
98.08216100877254 95.99247114294124 2055.3664209904146 5237.479613994963
114.17964282328451 77.58383248960637 1236.907514468786 6217.885202234936
67.4785408815376 86.44257641766943 1866.0393108192914 7042.350643689924
73.65212972724052 89.18792150132363 1649.2624168935001 4292.04106050825
93.46391353195861 91.80573428963987 915.3398668552353 3270.266619014322
79.76327664291327 74.12655641601128 3294.6561983359893 6156.185343739469
82.76083474078992 91.99757732396044 79.50708981162762 2235.8304374254444
80.40932704581266 75.31008916788406 2272.8905091068086 5797.74889182632
109.60939304427093 106.38157879117627 2497.573787757964 5592.365365484282
106.20700949737875 93.81029813877393 2263.2501591900805 3810.7879488711283
116.77287281664023 118.63976578371842 577.0312471611046 5838.353303385857
117.29146282805655 112.49405739192994 2793.9331635138533 2734.241095695007
66.71642335398022 117.80931367594994 2565.176700716971 6449.510820953926
88.22827954089335 63.32803365453108 2018.7846915140394 7712.2065396447515
85.72711461248308 63.49972772718531 1453.681045658565 1687.724501328563
118.64689982756818 96.44132078278089 3220.7666267843792 5182.316476531364
113.91050818396913 81.24352699534053 2368.2952859492293 3481.829862649819
108.75935043942286 115.29419308851216 2793.781922095597 5145.571135479362
82.86305583718183 88.64573907489853 2914.8946145728046 2157.514497618067
98.65456824494953 117.81897703675575 3280.7822120087285 2690.6337411631007
65.51023661769574 74.7245406011407 2936.1992224147384 5304.6253304570355
107.45662622775343 92.59367098340395 663.9160610064955 1378.779316264772
60.124648616610415 68.68724100945718 3431.5800822820547 1650.1766517345652
68.02533585954693 101.1642956421397 1779.9659469674493 7038.2926544135335
71.25424452154775 100.08966297951338 2663.0483509483797 4500.583336162753
118.30888586691114 115.56000228983851 301.062380481361 2595.017083287636
90.7523645917707 68.36049336491243 471.6868319430406 6238.393986817802
64.27990672641238 92.19911955488033 806.6785267714536 5646.663450629438
66.52076919018988 99.83534084121862 2833.4152261319323 7731.0427107376345
61.878188085506196 112.60246751946474 3430.0359863945614 6274.183494034634
60.076806027592134 79.81531344452885 2187.2706925862544 3832.9059076012722
81.02425510451873 111.32773520341668 3249.4545870966076 3464.4088477141927
117.82322668783338 108.63424250480057 1047.6285559864164 1038.476128948504
119.37884100086865 107.76455476836458 1894.3933220250692 2044.422219560228
61.749440462425774 110.35414548774098 1958.595591371199 1004.4025331512144
103.0394419989962 92.5631217706405 2477.388867500389 1566.4489398998376
103.92168268481142 60.781601991027514 101.47662991279645 3958.7039860017735
108.30371266768198 109.49373144426325 826.3309514301227 7169.65701144464
95.68796469829194 85.29779474854976 2008.8235189623695 5579.529389282333
69.40703986821264 65.4067454989213 547.044001671728 1734.1422019631266
105.73468011864777 98.91205001418341 558.175213880581 2551.5237064673943
61.577026688833115 98.03871762856578 1727.65460622554 6833.00304946069
74.00554558037867 62.395106328633055 1087.1301520481084 7537.521354526398
90.5762942997126 101.295331520089 1060.559642470553 3570.1182988788796
100.49673365669364 104.01180961669014 791.8398213440034 4828.210302521782
84.50200989220227 108.37030157550791 2723.1611542041464 5108.698756380446
64.85170515653832 94.85731687233223 3148.1899549770596 4751.751315916988
110.1310549002757 85.47346470425782 1631.9177462444627 4356.388831808724
111.05442969654754 60.062282822720825 3537.164767795812 4642.4359019879175
95.18903301635736 93.96476529139578 581.3710438702202 5068.076317876444
72.9437875382927 80.90304985632692 1089.7273666633453 5759.667635722591
68.62515712218183 104.3243190206688 1336.4877705444114 6434.167769797631
83.3063509919577 96.80838868399269 508.4454188922184 7551.755220140943
109.58624096380326 65.79983466347981 410.2602466248673 6838.861035400365
83.33116598530151 86.90368782127412 10.154587867772765 4320.536610236814
76.10891801492781 65.3392770213416 556.9638717181939 5006.59728946457
110.39415779975225 73.93781144458579 3302.918947158275 5572.2958944000075
66.37123690974403 84.51188274007421 1116.1594118881874 7706.182161371132
78.81768948658008 90.56675855374726 3109.735880198498 7489.201102683269
100.52471716921475 104.0929780493665 783.5422795352617 4828.214549997859
103.97280922778222 93.24144853943831 5.832724424068422 2690.1398539005795
64.91425458773253 98.4441826970666 2831.1912440313818 7893.862125574808
77.36789020742833 111.7373239734865 2239.0870646454923 7590.485270884439
88.77839387728805 92.77947812553361 2842.2218089162275 1464.103096202367
84.86116357141069 98.29494281735676 751.4375622167246 1901.8479337278832
84.57016234438701 76.8565246586998 2768.9259103376044 2884.960805912108
83.34237239076762 90.57571643380604 3323.3656557920644 1913.0677743385836
90.48933792467729 97.33276310334033 1163.3704122336053 3914.400410037478
104.82999977728296 90.6756419917207 2987.577279833699 6808.242034688528
68.52529026825795 90.71837566560559 2885.3762304379798 4048.1029557796196
66.86879261119601 62.44523455034906 2389.2161238954145 1749.6585917090918
109.12603310983172 61.27292258437311 73.47104015970515 4479.529265195608
64.14635875925806 75.56256022642512 3101.6075072020803 3771.4330230417067
109.06136780290332 63.02412550561304 75.43271504785302 5659.447819808295
78.19543648120974 70.2644344767698 111.19803714963692 6782.3128229578915
106.0070701281215 88.3296310536964 2840.6816856930946 4754.811861278019
95.64916543103197 91.85026702604458 2821.2690157949055 5384.854841028999
98.48761857551682 112.83631826008175 1366.2233583355933 3465.5873879001847
117.39926502923286 89.75285852192236 1379.292589199089 3434.3659546005983
118.16694451101769 72.4181029057608 1407.7110160709992 3195.936546063803
83.9503694095323 97.09383649469068 472.8182156306325 7451.597102595977
104.56538144751993 99.29607736600076 3293.478838899665 7806.462648502178
79.78576508077805 76.85626222890936 1729.4282970144748 3025.5712479120452
85.73675085362494 63.292486788655495 1450.403047387616 1687.6044177453173
108.57793308189125 103.92816323865998 2441.152999164898 5701.499381685723
89.50055913519138 87.8271521335402 95.18819393141116 3336.528966497934
70.76925417771312 86.8879581042165 892.365929898912 2455.5116272838663
104.37979374787092 92.18604014005255 1238.6786011432225 7742.590365576304
87.2623257757266 86.02577696192452 2326.7071004726504 3328.420199726745
86.22906845816345 62.03518389266735 1239.234370695962 6156.75038289968
106.57275254027786 65.10361303389747 3398.7545085173915 1433.1440503269719
77.61615909509558 100.00812213295522 1838.3560185866966 7498.5439693046055
65.0845904316384 96.17776001006999 1532.9462691770498 2312.6091053795667
77.98603859461925 113.65054692270627 1025.4806098359818 4467.292531619817
114.88511751418417 108.3383084908403 2711.785114590652 3155.6430085825396
77.24002767811996 74.31656674531305 2295.824193271347 6835.922155797389
62.31194260172875 76.85719276644562 3132.3068064927434 2078.470264624465
106.97407664017207 119.99556876343159 2505.628204500817 1784.7845859649244
60.615215560902165 74.25290801007979 588.4483088494684 2162.128960269221
105.72254000643723 101.05780272487033 416.83377939820394 2519.0696254280333
112.48992768252518 116.64970415743969 3561.936195887039 1490.9876437821035
90.78220053108228 63.501095056525465 1936.0141516736398 7643.780757523061
69.14634994144039 75.20018560293649 2579.2118211088537 2629.8243076222943
87.77991531378491 100.43496147772511 3317.7463652103875 2772.163446937878
77.243028558657 102.87187253895077 1584.7832474019747 3013.4271310563263
74.94863588796966 82.5372190526873 1757.3013447691922 7543.340461141365
118.09120598209982 85.52985741272708 1113.0838045535886 5277.923922598668
110.50639750333748 116.38895050221672 3157.805614837133 6202.679371216292
70.96582816735352 78.520115009265 1947.835375955164 2531.3738685029625
100.6258886684652 105.44207628437975 40.02034662804412 3283.7301228995248
118.5441925645707 72.16623180055508 2435.1923937887245 1481.9724001216507
117.13243581459466 80.72859030839395 2276.738671153162 2619.7097589153573
107.24974006888536 84.2242154205693 894.1541631563135 7122.645844036902
89.06799063634031 67.97480226814363 2132.7931266115706 6052.106943195017
63.28422662724424 84.11089157613075 505.0726062746723 6692.383451944633
66.08658556776204 91.1422679579577 3079.228495062103 7558.165576552146
77.05791460650077 108.51699476243726 1350.6131713196016 6010.770880634868
88.28842454927894 81.19377578931085 2892.0325410060127 4242.496376962039
110.33505807401795 105.16252558237751 759.7701610261781 1210.8362976011872
71.92528673927876 69.90591257723543 210.45236884849913 3709.298707887521
82.3653515999623 86.07574960929576 814.8102652116519 7807.112966427863
88.12715761450433 85.00180782374446 1765.1126212147913 7955.7869847183965
116.93607097168876 86.48417785688292 2058.7757508934606 6704.226872227457
60.55793253510842 78.65220240742525 1676.5495917082833 7356.024077773657
72.57534431688302 99.2234688680617 121.04616902552056 6423.753348366302
89.69509203289365 87.06564870875394 405.139788391617 1667.028426397851
77.7719162335208 102.98928903164281 2329.2065575766555 7130.230985383749
108.72075026390169 77.14818287620118 2563.319178694332 6556.843331290999
113.36791485451084 74.37398085708378 495.6641729865459 7977.442268031289
61.633872996592714 63.81573297312806 1136.1330060327473 1024.6538399104863
81.89311310677333 98.25456975485078 115.09097910878276 6842.588870301801
105.29710428354991 104.59270497786345 1021.8543625278985 2842.7644635145184
102.79822310587099 66.84609960542475 1493.268469429832 6829.898282687052
69.64044796765717 65.90955270242945 1827.773550488331 1441.5994560723634
60.30170480395463 70.39788625313135 713.2376075130237 1789.3110187829368
116.80443953476309 100.5832169411237 2276.705428110191 3491.553425703521
61.15424019056872 82.60684283375618 1629.3969672512897 6964.088687020148
72.18053834390362 64.4571560959115 1164.1909453766787 2951.5707505598784
96.08543055318306 88.9860942309733 2824.8717816012027 3358.0756882333367
88.35553689071847 110.87067551218585 805.3029061851485 7550.032045403964
80.60290288480319 92.31829296717324 1669.6210478365813 6786.908321040938
109.73026109048776 67.43794791260882 2557.166452733939 6201.682763475733
73.73008840887763 84.54087173898357 3597.654903950691 3888.907464076216
105.72110269307865 79.70097742748199 748.2377247618422 3817.0414743248834
84.88265120229036 84.46171788958462 723.8180203961302 5472.187672519184
116.32423047117854 107.57917405956387 2874.0608945876124 2645.6118562301554
82.85893303503946 70.27455902156304 2342.546757213551 3326.087556320066
61.75574994157044 64.820711679799 401.57466427468734 1175.7794937292563
102.39160308505843 71.79392270116982 2245.0055222544443 3009.548676662216
61.62261141004319 110.14937709594926 1063.6473861894046 4760.644414075291
117.78758654817983 81.6505001963186 2972.785580501924 7902.039752710049
107.81993384963066 68.27042280170832 3444.6714318326212 3455.2345715728825
99.80360035199803 65.91251139166772 3047.232491147062 4653.534316838065
91.00422313730098 119.52350587289395 1263.6597454811044 3797.9656710715803
86.64663552665195 85.6881837276709 1182.5098399618457 6502.668373832031
118.4456841410227 61.834484074726625 785.4696642302556 2855.2410840059038
111.52585709678101 97.88796776160028 3197.9875494856533 6578.144294443156
94.93990457783833 97.18009126211867 332.66492553367453 7696.527482615861
84.91240611752171 100.74854370486186 2877.942845258459 6623.514145392797
68.60360666487792 89.57459110204407 2073.041486310013 7690.353338253693
97.82121103178864 108.17466233983666 263.9130318687846 7455.4538630671195
62.90016508486925 102.60625345944229 244.999968974601 6783.941144404208
118.92138135025277 95.27649376564457 102.74921901219605 5048.809904076919
97.69355464324315 69.75081405337978 1442.2324043961996 6820.880493539191
102.04572673135046 113.48495532924316 2907.2276921000675 6004.618884753042
63.40158545129524 84.2681684933409 507.5425990022701 6692.278170829973
100.66847282005882 98.39795384326536 2113.1854126685357 1260.1911538284407
76.06938946120161 63.882295885015644 1510.1367124018443 5225.073689684687
100.52651266736144 99.47295487593738 1342.4983660558328 7034.430632166799
91.04966866939517 83.82328633009017 24.814330440588684 3670.7599697113537
86.56214099771739 115.52359055947768 2429.5350644769205 6870.020948346755
60.89115303360255 111.15122371915251 3543.662345951068 4559.956181661515
106.51667828929811 103.55067416722027 1246.06670128146 6906.387647958103
63.95736613842496 117.17957423393457 98.60800952550468 2225.8932135469554
108.89719737870756 105.14195866893382 21.703232332490636 6439.83866215333
68.07022459501233 74.02549772743369 606.493683916327 3932.102788579074
74.3897044826185 119.14696866547438 2494.993165396292 4738.574959509545
69.89483419265052 99.03238156018332 2418.648170973424 2130.1856540056883
112.61222001548829 66.87956275484937 2440.306455195434 1122.845964155373
116.69259131779711 66.27429383823973 3469.8614595971644 4215.756863315495
94.48370150928652 78.21327241255601 2336.742939828326 3017.051122838088
65.0508595733154 96.06457159864978 1523.7926793898716 2312.5915385047933
102.91636292876086 106.35853616679529 922.4213309716266 2621.7208609880972
96.90674909549854 80.98544937638792 847.8167224915467 1867.8160270887481
73.9944401265936 65.93234675608535 0.5947308467048876 2042.6293986316748
104.80038798795309 76.91812083412457 1807.9152287438383 2494.6120184143715
113.82031453779719 92.53832088014855 1375.5009689774702 6077.732995794128
60.44080746268715 92.74081524419732 2507.198464897664 3205.598536495635
112.96049710962608 64.30482454532563 0.9501141791244695 5711.790947160572
115.13347595467798 79.24332783636747 3203.483414664955 5118.570541979838
102.71595837769276 77.89911900524729 3362.447694205952 4099.682489167132
88.58568365309024 69.13628393638888 2987.729696591726 4117.952607687217
105.31324380853201 93.57694003440903 970.3325405219545 1599.6343882471415
62.405639226223094 76.15857562995001 2712.939901841675 3535.4968231921866
102.77309849514164 69.11620306791922 385.6452540745511 7255.187008236993
110.97344177909078 110.90190066107375 1022.8669189514653 4680.238768690338
76.34332708370775 89.26171284137789 2949.949409580333 5353.110219060518
117.04955913583065 101.42727756257231 1160.305233967279 6957.5451680294955
82.66038176757993 61.97669697784783 185.95099380078256 1109.329084205635
106.58466509709636 107.08086422111829 3583.8810807537625 4427.9531186114555
106.31271143688876 63.16023855523592 1071.2694088124776 2696.715403273987
63.00231859044525 65.15257120354883 2661.376886271079 7070.775715578813
93.31846726855433 100.67937404882149 927.447082856001 4915.489245511573
63.87424343059561 116.70705734809782 2381.060879119882 6862.894806913086
69.41072971655032 65.93184410048269 3337.4643956278733 1178.8850153057415
75.58452235358746 103.12748432460364 2358.771949968788 3582.0182866444743
111.97793402272069 100.87141382238559 3405.031797294276 4897.2053869274105
117.82498302674479 62.31416001579796 2999.6237613240683 2452.986242431471
104.53060969925971 96.86172813994993 3005.2586226664716 4969.790014009794
68.02004134868075 82.85715703989311 2116.884457383188 5780.910087146642
110.08589527739821 72.3519270830346 1256.0718866910574 6725.361993255519
93.75189100720229 72.39635754770768 2091.306032145396 3472.2840424300884
116.06332046097599 102.8223109844514 2725.097981590637 6002.595319788621
96.98396651686456 71.95357566337799 1102.7562569021095 6794.428065493808
94.96154526176382 100.16590347992768 346.1746977268512 6279.347618199537
119.03151443379943 108.38986314962973 2019.9274736638044 7444.097177207765
111.27739891197626 76.6513812289516 486.4402018625327 3245.622083745544
98.58714725385285 81.96193727792632 1659.3276977031667 3732.9259907513856
67.8840286096316 90.78006649375546 2124.7263155142723 4041.296149653998
116.75702187900347 73.63763962782343 657.2881832204088 1345.4109400439113
109.55001732383333 60.96176493432331 1094.4080544310718 7051.85334920332
82.33747743859819 88.49246943195975 668.3789720576345 6734.093289142348
111.28975443006962 119.9396971901012 2298.2797191032437 2427.2509826546766
86.34669530945621 103.50104285459636 1964.9597385334682 1593.818683140423
119.9313090697342 97.23447519073302 2420.7728214128324 5140.064569893764
71.88816489714578 79.16510783070456 774.6434012540345 3352.953123362657
64.95267930398306 66.56459195429832 2378.2816754438277 6229.833125697938
90.19218736066284 102.3571727296997 421.33476110066994 3246.272017051523
76.64241352155881 66.45608702843758 2197.816825391922 6606.102916083853
66.24575756313659 74.27995113512392 2722.6691463109714 4591.58079727033
85.55947150910839 97.88867252706457 121.92329647724152 6162.681546837562
86.02021966868254 81.53828977008429 975.9843343020306 6489.232954019366
95.9760585718875 108.6181041743806 150.70085313245465 3732.718392211695
102.88445237873454 86.71946356035433 1103.4891380572444 4403.612494852344
109.77085555239637 72.32634115828859 3400.8492399849124 4079.0774106367858
113.75194863883537 84.7144690827349 2990.2711388595258 5072.751486673537
65.69310623424646 89.82308452540232 2381.294002858902 2987.858546736468
66.38599754913173 97.81601293052485 1487.1665901098118 1241.2477268468876
88.6437802515117 73.58987783990176 3500.0556756328515 5943.115316654682
68.8471909775053 71.43832379765188 3017.6994875777377 4194.751928954891
92.67354051110276 82.93894793233657 3367.9572671517735 7792.474826622922
61.23440382771177 112.46752720548304 590.5944805804504 1758.6229365647764
72.45344156736878 108.46757339111518 489.74464489520375 2687.2582240947204
89.30596551025067 100.81129032977135 3516.2879785546957 3640.295087503869
77.82199990616279 69.67014693497372 3200.1168936700283 5049.832915282995
107.66023872371773 89.59685523953965 1256.5298809166384 4454.477322408066
98.1195085415939 101.51717174218592 917.6375572218401 1752.7037083177586
108.84576841884838 114.17316790448477 477.82502455363976 4619.267677042097
62.3994585873178 108.42019599196318 3449.062181251577 6768.1128791062365
111.28640550521352 73.19749711430576 2599.011852553669 2887.8319380508756
116.27578296029729 62.771058492526784 1420.6290660497798 5444.414647036192
81.47140082954502 113.80555492544894 40.058111793495726 7147.025728424738
85.52303262626795 72.38827079504514 1852.771063050351 3672.533722012938
75.03555547048967 67.91353665265596 782.409649352958 2977.583436476327
113.68280599366746 115.93111925801243 2052.746040815229 3600.9575910323547
61.61199931791534 70.81675616086535 3204.722081850639 6011.039471353544
108.32766494268438 74.56966469650555 816.5612371809149 6732.821879473989
118.0347559577385 105.61212319743208 2780.117591969404 3599.6567863951846
102.07672438689443 80.13481539572376 760.054784026714 5757.8672344408815
62.95453651793074 106.75117377823187 1614.2781082287984 1258.4897427721012
103.62440411609374 88.8326407797588 180.17290401014836 3326.257419952478
110.89853216915519 66.81644960622728 597.2363890171662 7659.766234337837
81.40885943797372 82.41401852780821 1780.0018257206932 7781.289516374867
81.72019125704173 72.22538061009573 1122.6741111433425 6615.038917242039
115.96436460527042 67.53159592818811 1304.1812525683015 1699.3118380604078
65.02943880010494 92.30413140825823 2497.387666329117 5791.87540226653
80.97850983142878 90.45120908329524 3525.634764145843 3475.1951872079617
78.09116077328603 62.746020046964645 2155.5102046520506 6556.373790558186
101.08779544507213 105.13025296644017 2841.1190310225797 1418.981098245031
97.45379807543972 115.70283932596487 3294.3345055539285 4091.018305379391
97.47408494189357 68.2791077816615 939.1039436882155 1687.2413271976425
81.1515591216801 81.42828569495404 2317.756263986405 5056.074075483274
96.34502350845712 92.4379014051462 3136.783790379082 5401.8841710666375
86.11907267030121 62.06477118565448 1242.8561308272954 6156.7819563910025
96.33803944345968 117.14008718117859 1363.7496393022363 5927.750783343271
81.61474771059572 75.35840595528103 2974.1622978001933 6608.151177510343
101.12100142721714 85.09734777489992 2074.662545642515 6804.017546248547
110.64382368927225 91.8930281215706 1414.129832844061 7412.682000035247
101.80967767287342 106.35836832872494 2805.5261925376212 7442.792938167037
64.4855990314461 101.02228087277126 1342.1974909797143 4597.235645011599
101.14519888115329 99.10338725754607 898.4317819179307 1635.4108523652599
93.76132132170319 109.14585519204059 2426.7999924769147 2863.236393752959
119.25091365810181 89.72280962232846 2332.804759197701 5336.865388991816
109.97977451863005 68.37926379465885 1538.4385380652443 1762.0026749089504
119.71802725714527 95.86039919436183 3221.5091660069984 1921.5981121074778
116.59697259702831 84.19180862826735 938.9142516736417 7022.95622963087
114.31098637125938 79.5011986543831 2932.896541820836 6812.633357505143
83.17052651845357 102.75388112870816 3331.5847279431923 4972.093003727445
78.3134805366472 72.66035022471046 1990.777339954881 4211.701942289324
74.82498906112387 103.75149950482896 2752.0556972476875 4615.898143832815
78.02782175562024 117.78266025358819 772.1131726660449 7065.80790523365
113.8540831577717 104.3073091667764 481.5909541145549 5199.605011602415
75.52437458698691 115.74494730958942 2483.3733224966722 1132.3443693839292
106.74258080461077 102.05798371468768 1952.9506931850788 4375.268106002119
109.76225495305108 101.68739173961947 169.64739858360437 1676.1332992071648
69.12552996301318 96.11927469130367 2308.6510422315764 5468.432301009354
74.65437816673088 91.59635332049615 1746.257437907324 7736.020383657006
112.52878637295083 115.72662039959724 3113.6106749980618 5393.807038487605
90.07003896761654 74.52021932979329 667.1625231346574 5617.703917421582
91.98530702313332 111.96484627433958 1577.641237990996 4083.6906134668743
67.21326887964051 76.05615425273753 2458.8240076826532 4287.407136400593
61.697547564188056 109.671675934427 1073.6301517388606 4760.579372909232
65.01407433335824 69.58332802120181 183.68726597710193 4449.376653451051
115.1305656667244 109.87752210981125 1868.5131190938628 3770.7360388585194
60.172669071926656 79.98718491977233 2176.4774137337313 3832.9310258349215
71.76289064451832 119.26615896630236 1122.4475014078344 1456.9938176650799
72.9455395476941 72.33026386012756 1369.339386724556 7367.7241883106335
101.99165364063651 82.5867205966118 409.8215436780105 5970.4652164593745
104.90616270473954 109.97891413901347 2683.451885217666 6850.474926865633
81.89459647222226 76.79105266175145 2554.708402235765 3314.9243561506446
98.56627440218972 89.67570584254784 1250.4875533848945 6856.523253442751
72.73381667361762 99.83371460919332 2442.003948596213 6972.52462144724
66.51250450577817 115.55801025166058 885.1343262773086 7171.207054858741
61.5811666254522 93.00250623988703 986.7287878103107 1295.1765567830012
67.23799261852612 82.73829593349348 2028.266488255898 6043.83773310499
112.89560770774159 87.5585894246698 1854.6288368208886 2030.1836404343915
102.04957706561402 107.33564769732986 2332.883786448254 3242.726676792715
78.1370142602467 85.01224316917282 1522.1218854842937 4608.971869239551
102.22237537422785 86.23687429610246 2342.6687505029736 6810.314344594076
59.883962100179716 96.52099526876654 1790.7863152696448 7531.59177212138
105.13799374141215 112.1354860436268 1445.5626988905497 5187.198657318935
70.69154402737728 81.67602579595588 1300.116762540701 1697.2967386252076
64.82060589940774 81.05137722849678 2195.147216774018 4837.5815153006015
104.71859612468728 85.84093647536115 1546.3568644236036 5172.466811867098
116.70434455201445 114.09321284289804 774.7812051718146 2458.625096011775
107.54482795434394 89.95516590375075 1426.3951744519004 3372.0964164984757
115.64719459262619 107.59154868110119 182.64586611165245 6535.827515862077
117.00268212635395 101.45042495241184 1151.3235246372842 6957.609500989653
95.18645684062942 70.44010855905269 937.9451483230504 7933.183078205513
106.57658422316146 60.342300855931015 1024.3755468675217 7627.0264955720895
86.7779297336107 78.61573198143836 3375.6675701523504 3788.1958718340147
62.93360681543271 92.24954014902961 2969.8341904180074 6874.862788037109
63.79429461588964 91.0061193613843 770.1587668121181 5931.446219352963
88.66712907635359 81.54556312207718 381.08049628016124 6517.807163843726
63.799950436357655 83.65635069056574 466.9243829059089 4228.938574882074
68.5597221128449 96.81754294137406 2280.850645778339 1045.5391181931311
118.30846571859229 104.92728032260555 1824.7803980476965 2145.4021820625203
90.75658740417451 106.66436109109918 3074.689605755331 2668.598734111576
98.6666857044225 75.28015671944421 2812.7790865600477 6669.9235578132075
75.89916771368597 86.87891730853667 1026.779351785631 3377.262875258468
105.39434354083328 110.58399264708987 1578.5606937509983 6667.523863138261
116.8581653730149 64.8135052792693 3346.7990054416287 3918.5315619602393
116.55267973518379 119.63768396413512 1366.2382474112653 4333.340721430965
75.12883577653363 87.80000966046569 504.27834827932304 4691.682940071821
88.99020452718982 119.06641320511461 351.73063631037047 5941.085932478037
88.0192603010326 80.69331606042768 1521.0125233595058 4979.224154099488
65.55941063045042 61.724399103774296 3540.739356738041 1431.1739957043596
74.48974103583457 76.26540661088234 1307.5165281613868 4918.9936357679335
117.13388478851385 99.48799086876272 3232.43343994603 1902.6563735729287
82.09862146785834 114.1375070255504 2429.321911722441 6431.957612699582
61.05047220436451 84.25810082238613 1977.200511974341 1510.5770197381482
73.63298118414885 100.0881883003936 251.88942893567736 6935.968088245457
71.30357971258752 72.45309031293549 2415.201944643878 2764.8473677356615
75.17506417890783 70.77293644910401 489.0928658036431 5697.681737400431
96.45702725478897 113.07006743263163 2754.176084884882 2240.787572001981
116.2063091188942 104.65246567520542 317.9237987354718 1898.2407431825332
96.81494194868104 91.78934855632305 3079.8785001563624 4033.937813520572
70.17545766260325 94.23941116774557 275.2511728630034 5132.834619238339
107.8921048389621 100.54935379151895 1064.8209505727905 1173.5252082584013
103.73533431761099 111.71143802181567 1276.2358452737988 2584.997780762111
114.64742036117693 75.52095868755754 1048.918635854391 3647.488398390999
89.67147672875136 89.57700527086864 2584.429455757181 3509.783002849252
87.77087029485098 97.92938269941236 3491.5643796230775 2178.4266199722992
119.14739249425452 72.95575921850134 2771.233483791443 2695.010708521646
97.16437249170286 111.06490903871588 840.5271509417466 7726.372570864367
60.80495953044132 90.9092912501441 1431.242826751653 6381.455036388181
105.23406820854758 73.67877271611364 3173.155965064239 3510.8411528520032
85.16192244871453 107.5190002809727 366.069544519376 2027.1862788585445
76.11359776163788 66.04376983975422 333.41337660948915 5914.094034860819
108.3443282919675 100.84273369075228 1895.8400028984754 1705.6468589521703
88.3063582770555 86.78161098917245 2323.731423857712 1244.0848680141814
101.86436164392498 60.638402174368714 1894.7304550147749 1979.553030878133
65.42633464188424 103.7576629671223 3514.0936198778277 4474.725551482421
91.62873339041874 106.76560122891755 2123.40924135722 2078.4569039948697
77.52617115035028 60.87227740207925 144.9020095827642 1063.5172350606517
72.9915990912054 107.2227739863929 3463.4281994658877 7831.9537119645065
102.40610823959325 79.42772212653571 2011.7459030653272 6779.005730711834
69.8496269528246 76.91964677388913 92.68910677860596 3976.9387196490475
93.3037321247145 96.43027536395046 732.342804143893 7194.315239977114
70.95395055659664 108.61967245919995 2671.8770321288607 1417.8358864149548
65.16077664758183 103.97082517411195 2905.674185197524 1498.3303729423994
105.10193381699452 100.84895497079091 981.4589774387312 5962.232076943809
72.07347210721314 98.14923109836467 951.8065597123201 6832.4283240767545
99.32078288625392 83.18999320172809 927.5325151931808 1572.0197807694817
64.26163633950374 112.2843249341432 805.7298106622427 5521.222202654736
111.31782892597661 61.99107741788311 1990.088068741808 4939.974220524888
70.16120889121413 72.41595568012461 1092.6707411319496 2445.5283765148833
83.51028305252575 67.33736520647184 2800.783998551427 2308.5898906357306
81.02569445229672 113.57155760741067 3.409474460390643 4960.531019013751
103.07478583780508 99.29933157315297 3510.745817198698 7461.370587308323
62.47631864136227 108.17723787665439 3444.1642332628167 6768.151684509864
110.71118986779928 90.07314437713364 1026.3943613952085 5934.338480182378
70.91379675764387 76.03075841233073 419.2183102356902 1665.0384871516696
76.45210291241618 62.49507508672953 3552.46031522573 1525.0287478659582
96.21098890533445 99.31408757619793 3048.1483769954048 1500.064288311623
99.18742820884064 102.38300718141664 3607.3234068502256 1399.4976995982352
86.98258661813026 83.8175691235281 67.1268106652272 3622.7255692626654
119.15907502786428 87.15585267123635 3367.8765096019542 5754.639753405776
103.10560575501546 111.437332916305 1009.1551686538544 6469.670578726638
79.73717604707403 74.16585290490873 3290.5075868915355 6156.039476884912
97.73514673479357 64.59959632762592 1824.321398044719 3041.216456916322
89.92077972875863 76.52532144897432 2351.265455596497 1832.8596394096953
88.32380967074234 86.12638546440989 1838.1848485910914 1610.2548973881524
71.70112981657594 109.15647217856532 1044.3384975323606 3014.906555933355
107.17244269462685 74.53236248033507 2225.9803551929676 7577.974338022748
73.55865773424534 77.62662516139389 1021.0937197763584 6156.611147805169
66.75870652064863 86.77700919262438 3001.589378569171 3819.208125956708
78.28622683458428 88.66032007483619 740.3967717221404 5106.131328006622
114.25112669173447 105.78168238716903 3278.6140909923333 1584.825901953904
85.2516076061396 100.80590137966848 2969.5621448336083 6778.587746408464
118.66747557822755 69.22831818641477 1563.7617445247142 1009.3656672545209
79.24783423810004 89.08406514921288 3272.6084384329224 7925.417379419638
106.32029217390489 80.9282367745563 2686.351612255267 6447.08423601582
65.1282322209718 69.55313946500551 1303.5505407082649 3401.263584430852
97.3078444158569 60.86966069770876 2701.9681401341027 2458.4223510243155
118.92848722117343 108.57276573037792 2025.488555661932 7444.145747565926
108.49264989006087 103.20437953804596 305.19926210009646 1854.9916124911929
109.43173235418816 64.79118402096015 3553.1751553913637 2042.68061812739
87.46628795387554 64.45265233483809 1372.2314586015934 7197.06758078649
109.27283157105603 110.98572610180916 1186.86515389551 7684.368351876124
103.45908825362227 84.86044697476571 1101.8549220356128 2126.3179666126466
114.047463787295 93.3063314160114 1707.0794734522235 6928.694864458343
108.56757572663004 65.34974540490575 2511.6148650680407 3167.610007572943
99.9968803171439 60.904248619744635 3170.68366203357 5958.806137400591
66.87828832825063 66.41082491598102 1244.950854379791 5251.791917880626
104.41435131363788 86.20914428604347 530.7672563958741 5873.376971913175
119.39582120722957 63.44319534377938 204.38338057913015 5632.393846407186
73.73783748070719 114.18240495883029 583.956668293235 7716.151537217192
101.16400104806695 72.07795467856276 3205.083227233564 7878.687342365467
89.664661983516 86.9628544232546 409.26959221533804 1667.0002854602358
61.030069630980066 61.66922652367777 795.8160449930742 4210.254094940855
103.84302509590842 76.27887880630489 3352.9200231170207 6150.319515997061
106.84890167680747 83.31731274856733 2966.8635906842787 2202.063162589418
71.39792393253192 91.05427832917346 640.6325695173433 5064.390104993856
83.29640382667797 90.20779996834047 1834.3983706736724 3364.6918849645003
86.7686065926813 77.42466901812043 3569.1702241819826 5357.572440020426
116.31771882886395 96.55008231223542 2388.0420192760826 1607.5259684389582
94.5145596214761 99.16103326283876 1014.1217986711141 3278.615522862123
108.83338591566964 101.16842301778593 2332.8306579954155 1140.2499058237336
117.07153078380809 101.71150462497529 1253.9624392057801 4505.279763652847
64.44860749090418 100.43675139778327 570.2931732751157 6586.841858358652
60.069909351616914 115.1378768330341 2205.101479793575 5164.239797575081
98.07734159375715 119.83271508672664 1885.2222554786338 4262.712505719933
98.15817875870512 76.65637760611898 1445.4527263791786 6551.348613517028
88.09780965624678 89.30416728011527 2864.2134839911196 5145.139345097655
101.16489896511195 111.86800536265984 1682.3239526505633 2496.3805451147355
114.15414072542626 98.60552866368343 2289.0620993344924 1166.6024355137083
62.9628239059867 98.28519637060087 129.3274144677453 2531.073936609317
93.2670431932647 116.98867703024212 117.68805614075814 6793.946531488836
99.15206035562127 98.21612218360498 2006.8557177927455 4456.161915828309
105.21398542385691 101.08510557472027 496.3863181481752 3882.8605955918933
89.69715547123491 89.58820129801798 2366.783083426184 1343.6750001183138
73.99983755822437 118.03568907231292 1903.3893693619439 6628.2151973181035
74.39610179582253 113.28003734958533 1000.4056236810253 5770.96718875972
62.878170552118505 106.69884200125352 930.0248809753572 2719.744957647129
92.76673456261771 79.58021093516079 1689.384096112043 1573.6156680807683
86.87031856008856 117.97642099614043 3551.5684827492314 2682.668489682914
60.39650668137981 92.9795038483895 3447.9184907769245 3283.092881670817
92.27784696966238 76.56659385651116 625.9665502962689 1238.0224042889527
66.7260214642001 73.63982903850538 2904.6309384482684 4770.674518841279
61.94174694681494 72.63776370172745 1011.6559888387939 4789.588065776869
114.00558041106713 81.0712949566571 2383.8693789003823 3534.3932957280645
98.80935925585202 75.6850919198951 2515.2833835564315 3903.8747415893095
88.80640310987907 96.7957880802216 3513.8097249686653 4559.9877383504745
82.16158797356127 79.52216327762457 776.2803106146233 5390.746928731461
99.86011840992617 70.73322431955243 1924.3145383054687 2087.0524009517053
60.5505500531905 77.26062247262593 1692.0458228682921 3062.6618181146573
83.20658283988082 110.16349641826639 3197.5131511156947 4878.816014972601
95.20871448037184 60.39426414891277 2937.457529836838 6627.931299167809
82.1024885958329 81.48558697058279 358.56449893697 3101.5513715235656
105.97691284133947 104.76929535698889 775.4469546075395 4356.938103989378
87.04421950342908 82.15037848965544 775.602101026241 6567.2438509538315
78.36990956179872 88.80733376038494 747.6520751214417 5106.230346388994
74.6141162709717 80.23734208025004 1014.0584548940484 3414.6459160895233
68.337649930978 95.10410157389767 950.932669229358 2476.4613947275834
83.46526530322691 90.13615072721252 2120.541872242763 7474.346437854773
65.25376509472117 117.28798322491049 3555.528509414854 2674.009636928361
70.59839925107978 74.0709422715053 1139.2872736189806 3236.376513438497
63.430162799705144 67.68311662304718 2696.082494412846 4116.556791363286
115.63953733500777 109.5275325792275 1818.2392070544754 5423.854856655659
117.83646106060222 114.74350966346914 2978.0913892246294 7832.190654068998
92.28637068447836 112.41285442973285 1827.1852208803246 4125.156000654234
91.32211188362429 60.11044234338122 2172.2480919341374 2239.254932164374
80.7362295952218 63.97695321360227 2935.3043399955636 4781.291957151641
63.504611039441 80.7015382101115 994.7106613763724 7087.059397569671
67.72974739841312 63.12445854216582 995.1653141455537 2518.844768160062
111.342015802174 99.99993630005517 2698.0221979739526 4333.842839163856
118.90772294750911 65.95101398547399 1169.8481177017138 2642.6724040931813
115.36441320451932 93.23928342399284 629.8991674435682 3252.6024179975975
67.75742013863422 102.3798716621236 3545.7829254629187 6480.262187535123
111.03906325577377 82.90356432281158 3040.0999067030893 1184.239459493129
101.4288305726181 117.59162486135936 3430.877289861082 4318.366718460386
112.74552717415311 89.48308356711352 1090.0050781328246 7320.1862989159445
68.12115088432655 92.69750918784615 593.9525649174775 3576.076012267808
106.93641673249927 70.37119691779831 622.3254452131396 1918.4717625458456
117.31501498419804 105.51683396010723 2942.3347309924475 1870.2472585629878
69.8797186597237 66.67490819139854 764.2335072989526 4551.242522618348
109.95273398633884 82.25348737103997 2957.435781572624 1739.3674899623381
63.5364164157774 114.45597125707 2935.6910461774746 6411.438651951725
83.24917025213425 69.71994546963114 2985.0389442892083 2764.427635558737
101.66698470211291 74.7632367746773 1158.79525080623 7907.438191818862
82.09647398465553 82.99260419041725 569.5138375598925 5699.816901550356
106.75320450384099 70.3091660165788 615.6219403212463 1918.5365259957098
74.91338043238495 103.33981917727623 1176.2271788612568 6222.528168909381
102.64554303863017 97.63512213925549 3164.462240562991 1800.749838728519
109.75287738150773 87.12444954372044 2788.743765724995 7809.460191792351
76.23446814586613 77.73849255279897 3315.320782777169 1729.8799979663872
87.44918925427812 62.68167513243091 2514.540926272951 4938.680566759399
91.29190824870246 112.23218297515334 1271.156533940645 1499.5210036769463
93.48830940786605 84.96875083385662 420.88456406056 3576.281487936694
96.00663495763511 102.66880881122579 1490.6005624888194 1507.870367608907
92.49012274016374 76.42502736985838 437.5701950401052 4112.211852198054
90.34712346582178 113.54948036890482 3147.9806921649774 1924.1256491955849
67.9933575288835 75.292727799408 1717.965158561583 2891.6419405326947
114.71696297911893 86.35619639648041 3571.9834802063056 4284.037326720138
102.25274448276443 73.7635632086032 2210.830694011682 1426.9368745615086
111.63578071270086 78.75496946511937 2030.303058821696 5869.590189515957
104.17210655086573 98.30538894987829 1967.266087641245 2157.2843646705915
66.84114315169951 103.7182768916481 1690.1393117782864 6992.9692491084315
113.7919365553131 81.37068403089334 2360.352817867914 3481.9101682604733
87.81446611161827 108.54296306387613 1709.481415276266 7223.11026685368
100.44897187498732 63.03900656364156 3001.7432391808957 6796.662733771932
110.14790894118883 95.59866293554164 752.3399331227778 1445.732099190773
119.60813197378604 63.95749526224205 2020.1188935496323 4707.762556536578
114.19885020534687 104.58831445390925 1879.2542727172513 7401.621696622195
99.5549744601224 77.15032111737892 2582.2294513655356 5466.0469540379345
61.808435145921365 74.12250376686437 1990.800002859291 1269.5736193751036
85.93479235103648 117.52080276104525 215.80051781964144 5855.152316171262
109.94684105732412 68.38747608256189 1544.9565943816929 1762.1342817407694
79.81645845350896 104.47162168637864 1285.3236475904728 4706.282354115651
92.84847942508263 110.59353575122705 1362.0430859457736 5285.784210929885
84.49039793088424 118.53600925829421 862.4713184773003 1015.0919825714925
60.907973586418734 83.49378848122119 654.9804324160625 7687.572244960498
77.10742418770059 118.4377913191118 1643.846941556699 3923.1685808433726
117.25904739000059 73.93482347389892 1740.2703683988839 6116.955273455248
79.34446746011932 75.12853162229342 2223.6736382224744 7214.833423580608
112.62989399754984 89.14004780414247 2877.575103968946 5707.362118049456
89.82831108795578 60.06258115329385 1303.6757080187406 1887.9656852427336
79.27151533791672 90.02613028561277 2364.2639537683463 2062.0550365406066
70.11274640063125 60.88521040417433 2239.9671022497587 6926.043024886292
86.66844776773323 107.54029867570202 494.74567505807346 3267.7454411920717
84.38762195264857 62.88129596744003 2680.1394797001476 7594.3162749852245
72.96084333029395 86.9964180514375 1819.8519520024986 4147.821733007704
119.48163838838673 92.13595866941773 2233.634839208305 3255.301939613139
104.37306186821274 90.00305350760095 3552.3505415239883 2500.7134493744466
92.45208762281992 98.54592336769436 2615.622204468378 1170.864304992867
95.14563642095813 67.66357419863444 75.39378782366043 4545.005220834269
62.958327931048956 106.77427366295065 1615.4347188194429 1258.7555924949254
104.70012953154382 84.1628833536621 3037.301751992781 2688.1408235501513
83.58748866276612 116.4240294318013 1664.8095187349522 4476.831779978996
74.44657210993088 92.63362778381172 960.5918594904828 1830.1579830987775
108.38754332564378 104.61385332179472 2271.0594335607825 2250.737347880174
111.07867449088621 97.48348871752862 2406.3745106445776 4916.529840875669
72.78743894388855 84.14600738833919 373.5586427661613 2221.4049000442
66.19175085203933 91.00225083536738 3070.3867780661917 7557.988369216559
74.63858387453759 116.28547847646743 3137.2619826373166 4416.573483765236
119.99453886529749 72.79393919219324 1001.4366331716484 4031.732008870982
117.35445939123969 79.28348697141364 856.4437771469351 5376.342189997365
68.23312200143857 93.7992928356688 988.3091506161638 1526.064943913518
67.62057706420029 71.04034291963497 736.3442820511789 4266.644074759513
93.80866846186073 94.03147452735145 1224.735044655014 3289.6365268038226
88.92131920956992 85.2444052944829 3222.587850995766 7890.3336738446305
118.5876814426769 61.241537027853 2142.550289534936 7138.562077016465
60.39146907696611 97.72332425117756 1787.55213326843 3293.673795577307
94.1243976211967 111.74652569034245 998.0288447249858 6560.349913814802
75.88889348047603 88.60885338690429 1368.023663721839 4581.367873124526
88.08542540856817 80.32281595366634 1517.0674258448566 4979.142886878101
104.94646305763561 74.285322726632 2144.223688542127 1724.661082768085
101.64328530199394 69.20919525095307 3349.299536270284 4014.2524929020833
98.88931561862198 117.38474761932277 661.6196696349587 2800.795837069096
110.5246188170633 79.07909431660583 2378.0663578445588 4921.081143166861
95.75763042900931 83.78356449006344 1868.56395380185 1518.395687402346
97.18085596009377 115.9169572887597 2736.8307136285075 2447.088403827
92.3177218615508 90.83592931560611 1779.6934684008995 2087.691592639558
85.80370640648734 91.06509258096057 1376.3169152724593 4572.273279391038
103.99850586003768 93.31273802649767 3455.1682324053963 7431.549767936098
89.19604774914797 94.58325647880882 289.79095288779416 7137.641059027002
95.63693711436085 93.61994293029184 2523.091512493709 3285.650890793958
98.8740250931043 71.40840090845386 2883.5113448280895 5795.546903726591
106.82598287987577 80.71987262706887 460.7682715944065 6789.169973762811
61.90565611841636 110.13752403010882 1954.872877986797 1004.8153485053036
80.1949792650106 104.80806995914047 2497.41312145649 7996.974019311964
85.79570740096328 79.5487001718846 698.4431987983162 3765.562828718599
77.56019154497223 85.45665445920979 2810.1487559601014 2625.3628156635373
108.29539738441785 117.25388079795619 3134.030916662674 5583.247355683805
114.40441852953683 110.64779620848176 3416.0627136070516 3603.15008601582
98.60215934462538 96.47655239482646 1564.1742857459772 1678.7299981820258
61.26803913831394 111.6284009341144 1593.1428092636388 7967.368604421792
82.02099225220545 62.58236132343848 2661.9726842329865 5080.501174063611
93.0401992346908 110.35966833236391 1444.184336310698 6128.005756955381
110.18637431697458 83.30438714234523 2722.382255220287 5951.974146032397
117.96622243307253 110.86744520795294 1045.9553631522892 6845.181949698167
116.14938324755813 95.7145604632836 2648.5079900088217 4400.007565855676
95.3909834270262 60.54002424759683 3171.1106609721996 1615.4824597983613
111.82558285791582 87.81177185440653 191.06474476638215 6889.0047556414775
70.52669488130992 116.4081914176751 2230.4794172765214 5758.199409275491
79.60690872955364 81.04859309974239 2704.251090811284 3980.971573861347
101.6373388262351 88.17562658747218 2059.995287824552 6912.959246329525
77.44693609039686 96.86226375009417 3334.958764478932 3510.292704982426
91.26622762182623 82.01121048721116 530.6702064358773 1846.4707322228671
90.87569308788831 100.4409912934633 841.0552410108656 1283.8505647818222
68.59820390644127 90.80306172188386 2880.4643039312186 4048.068693741127
66.09999418327361 74.2197562646473 2729.3819585272336 4591.30792675315
79.3924020223324 81.86561395524879 2140.3993857368096 7261.808096209905
103.97025321761981 76.37663734676697 3339.371124823872 6150.111950514529
84.57032659612942 115.71715740538356 475.853597037585 5116.84725948286
118.3942290190056 83.39222099202239 3203.0131843153654 1234.4442516249428
117.38169400193334 89.30840403861451 3013.012290996751 5146.857320916299
67.35422842240142 94.43604456680211 300.5269383781871 5684.342521868593
101.352519412098 91.65658949596312 156.6151583059799 1756.741284834039
96.85843430391789 61.308418563942006 903.8480445315571 7273.866957324351
99.20504462639879 115.46123789857546 3210.015816553178 5906.4052626133125
85.28566863033149 89.59916720656081 1677.1780006758017 4755.354601846377
66.08998597567437 96.71113507844528 2992.0501615751014 6412.6524606294
101.81231416373495 69.72934271661036 3518.5581274322108 3252.434480452448
64.33445967854449 116.0293947455784 2821.0278190713866 1887.2592005707827
87.92651000808405 108.63010263462658 1706.3615951181548 7223.128765749283
83.70731063640078 62.98327759289997 1119.0801161767092 6783.92982980963
120.14387943823934 62.956357907082236 574.3116558935492 2032.8573531178924
90.80943982207707 64.03047216889 1820.8454752883129 1824.3422647640155
61.062090701643 83.53651247344926 3531.9887850829073 4341.454030590077
65.58287091561908 114.01616409315372 1526.3004843339806 4576.150978317625
96.13724666265738 88.36473423046321 1090.136790085913 5244.886346514268
73.9391582176162 68.07086026772308 1311.08498757067 4543.7750441795
101.28122166354899 79.62986546910268 810.2507782660382 7262.276318097525
75.4576031697799 70.00119275809936 2885.5446699176664 3135.362731663513
71.10966667089278 85.19011065678998 1370.4757825383597 7021.874993139888
67.97411916490721 95.63880412416154 3324.28840183003 4791.761028587897
82.1822790100756 104.94225388321051 3416.0763519605616 7801.946371256329
90.26434794385509 62.30621271926284 1515.4214714246714 3463.9552182019133
61.764409256153954 78.03616718439834 624.6068207115582 5522.389207601147
83.71047373372927 118.25146165025751 2646.82883080717 4481.174827237362
75.85746901208023 110.24967010429587 3446.1328142410825 6828.518934469319
79.65561402273408 77.70320772239111 2286.7519273189287 4098.915503479472
95.01882075710607 67.53708398319426 66.83890878738154 4544.929500871543
98.13140614717625 114.31742922271776 1458.0001106863049 3474.004976658608
98.41562885712275 116.0257756639516 3108.642378516718 5786.379298036383
88.38543002102772 88.94275218894407 3342.3317786632283 6794.730389085513
92.01679774978287 84.74008537590673 3285.092361597451 3309.423373446819
83.89477840010548 100.58304537237997 552.6295865200532 2148.443081081844
64.70120213475198 102.40938082493653 2309.8724542967316 3999.2487021947554
74.35338433848138 90.4242730709316 934.1533163675391 2057.836972804222
71.29745952377468 111.58249351175141 355.1558203545063 2717.1730115668943
115.01485600764947 71.35450540020092 3494.694921961803 1483.2889961205542
87.49115289733265 98.68584939821218 1512.151287418698 4694.151435150797
95.69017604544783 83.80952011154584 1877.6878225340904 1518.3839370692306
103.84323197673659 95.0673603234182 1307.686386923566 3774.321345840053
102.49721484852736 88.52609104100333 2894.119728243512 1744.5876853168613
97.92039072888092 95.8403403312037 2407.575005109312 7691.790924512212
60.12934923138481 106.61737062020943 259.35779430722033 3259.1016176731923
101.76805792746617 66.37273706847739 1865.3777679986329 5978.0746669131795
76.02598496148102 113.71850801939519 201.6916350342578 1166.1108683456014
113.41242962959528 117.71281253151858 2657.71868336481 6529.728940515506
111.28491119478656 107.87583591394647 390.2102248641085 2788.7533784468083
112.5128312440107 117.64859860241476 3228.8365369910275 4141.824829595702
112.59347371247925 107.42857352549602 665.9644657140695 6824.9014520007195
111.64959184007087 101.6881873665067 453.9284687167188 1198.3561187749992
62.308764243679846 107.38441694174067 1507.7039437980113 6450.857108104605
81.12497074909597 112.62581124928954 1747.783739402138 3385.214714809349
97.39553183331093 104.49584249292242 2862.6944954790906 6179.3413802347895
106.22932445300157 95.46372643338418 3492.9650687115322 6443.955079429948
73.55437149283063 111.24896471308828 2120.8995458613845 7965.337231231326
64.58181489670163 91.35426709681566 2147.642999351819 3903.6118347116603
72.04196305423653 116.50106330560136 1070.3614372432435 2999.1735714138454
83.64534002127684 71.59199907239092 2702.628928126702 7004.123914456081
97.45266995729287 67.33898196432001 1281.1820346294219 1492.2434969978588
62.105701168628954 79.89005248813802 334.20159726810806 6782.494738692703
75.20578607475495 67.32220110192915 2177.0147283494707 5253.9706444793765
75.32430659489631 87.23113335096913 2553.6149492908553 2118.738637486435
111.24218748342987 99.10295711151402 187.6655118669386 4181.04746728718
74.46812499319512 91.80746706948887 1828.7714358286776 6312.414728134421
69.00745007416418 111.16528238849656 1187.8757375017547 2643.515664454722
101.06531406231174 105.10353254218153 2838.5055313036314 1418.864028746578
72.7137023444266 63.92388486867335 1906.3952825684944 2517.6319746172494
84.74849551852132 84.43935373510011 718.8891570983567 5471.9804055180375
63.81476977275361 118.42581021867174 2097.647673762812 5709.652757325634
100.01218107632538 70.68843387229019 1930.9805627600767 2087.09906179316
112.22633267865038 117.74651147310978 3562.445778933509 6751.5496964460535
62.76643801195092 104.1228972487037 2700.2677435831224 2446.201153609121
107.29387751395441 100.1202561700647 1828.6843820216623 1818.749735033308
68.81493631003791 67.72509567707608 1848.629968609886 4152.436642683205
72.3155842752136 69.54314326699638 302.7768856905415 6262.3055927411015
68.7572149001948 80.11005721775217 1082.3523404698217 7646.085889938062
71.86607064081942 89.61634806718517 959.8664216625815 7649.980631435276
73.23981182597393 61.63097256558822 3020.1984487086593 1919.9886744647617
110.07430585369629 67.50870546166658 2649.957968532503 3862.958211153546
91.51396620030295 98.86882839787746 2397.168600370817 6130.702065998995
93.22193709027312 118.96194143337414 1561.7695592460063 4952.522402585884
67.36385131707179 87.39684407995831 2153.0022456292786 5130.210377564229
80.06900852700606 61.50162662901104 2958.331399667628 1491.0934407076554
77.4527517376649 93.61835904496533 1639.1800269745615 3341.704591742947
105.32744713826402 78.86279579095651 2777.3701051494772 7967.60899928792
106.6027367403885 109.69025231058846 653.2962525351403 5407.187510845913
113.87695850979381 67.87330950331283 236.830946834579 7568.795566004353
77.46964273589086 97.79083807729867 1260.089971025007 6591.086850813787
114.56863619128531 83.34275687794424 920.155931533407 7654.21217061829
73.02699946801357 80.76425280282031 1086.7400721026406 5759.758849830795
78.91090451245809 101.76830399624946 3200.005428416071 7791.644769984008
98.0760965784353 94.17071782647973 1842.4517026507515 4635.436147080384
84.44363165058759 97.86455728451494 140.6287241119883 3692.847794644732
110.4178416898161 100.17531694338723 1972.6720883569972 6166.147605797845
81.90546950015865 76.88523785244575 2919.2338814167874 6458.461731455917
61.27418077448664 69.25396135887527 3121.726332641168 3167.3627354344944
61.86659772181473 84.7926257125333 1825.2956799485191 3523.7847635148164
77.72549324109266 94.57305380789104 638.6741004981012 1760.7886389572018
73.01873281531695 72.3163130861364 3413.84002841882 4830.951723180976
81.02076278325814 112.59170623773605 1739.2246407482935 3385.281288697062
104.79030721572444 105.88792472201654 2795.8384926221465 1224.144263830203
62.537333685789044 105.31861068667948 3523.2325060592216 1824.3756466937698
81.75178775132473 105.31540895945727 3431.062718120717 6010.359255055031
97.14391129260933 66.04824725836278 2729.4334473396916 7467.293078136063
83.1108440244397 85.93419874158921 2944.2782490872873 6269.216303934532
106.0692567302169 110.94483642922968 422.90105516027484 1203.7929604261053
103.44895410350946 101.41177201306654 1552.5974178375948 6601.101839568276
119.79013378769505 84.12200000790573 1508.896668136882 2070.8017883408797
114.75469249346308 115.59345878338863 285.4454687234428 5681.839171025397
79.23982031914365 88.74339144101515 2228.656443858597 2509.1073675348
98.13890061189767 70.66966582351084 1525.1682472818143 1561.0561988176803
102.1314536927357 80.95965776189168 2085.4049768171335 6281.757642891466
114.65954005318703 76.42842656116785 1589.749923502447 7992.507592833359
93.24314240717153 77.72697236170225 1163.4242321236802 4098.703995298996
86.09733443257879 61.500200344716774 260.67122986694017 4977.13684547107
98.02322441996883 97.82712497946623 2052.172062767092 1415.275173121851
82.1111544625011 113.38552411050944 1679.1949820539505 4670.752743985494
63.980049233360425 119.0503900209612 3015.2815653349603 4809.385598120553
98.01928035548134 65.91350813914333 2154.3037439384107 2962.832864928464
61.655269432151336 106.85008982293702 2610.750272522962 7128.675963466862
73.49955461305922 112.91923643823993 2382.618320557985 5502.829774099052
98.40614060658098 95.21277391610789 799.8395080835414 2384.327555243386
103.51660389131202 67.45197225205585 2298.4174676424886 6982.780026489385
80.85877174637457 65.97775398049053 1279.9129823015232 3940.0813500896484
62.51270150115762 110.34163805052613 3076.1168765375173 5374.702529656715
76.04229543966217 62.49356892465165 2287.0892473519193 1069.9460539489837
118.08510219501508 73.99035967409658 2139.484933936905 6732.284492716377
79.88428626081327 116.41191219373107 2271.0174382417686 6897.866998817817
116.22446169355554 90.92577506410359 634.7922037308899 5341.584665282515
115.80039346215139 83.71096597616409 796.0857634066961 7105.745731334912
88.4829966510072 81.54583827298977 380.05511114372456 6518.056769882174
80.13575729759751 99.62298717817916 899.2665898828044 5774.984928826698
105.23402336596642 79.86511708071596 2771.3621923126693 5672.108962612571
101.389932196824 114.53509010524202 1294.6133295186264 1750.02600273587
88.61268274798834 81.4485501166545 1320.327524772019 2112.225887679396
118.92600266816267 74.3384956241218 730.8044534121748 1477.8119187500956
87.05204563172833 84.36587793568556 3037.731592277308 3773.4771417338384
109.30173746399993 113.71728376095645 2349.919958161307 6840.3656155306835
85.55199579587718 61.32093938176691 1138.389829877272 7196.9831876529515
77.90660387165808 118.36941697505634 2728.5132486251873 2029.5984215897126
92.18562528553137 77.21263752798524 1452.4493620756227 3000.4582618029526
104.57647347048554 106.39263805492035 813.2839911682794 1351.7547722279955
115.38397599878402 80.72560646537414 2145.240110418783 5651.0110570710885
60.04199384254749 106.03081949976777 3323.461227842156 4637.9561536652445
62.03056461909445 72.49494271915583 1004.5541002159272 4789.634488142567
86.23203458086918 65.5558278323903 3469.136940089828 7104.054883584552
88.65047755472777 79.75713218309801 932.7067506031566 1000.9699357003415
109.93522528797867 63.78776341328865 619.0908325594745 3065.810689756031
96.85076707216973 82.44013277103078 960.6785630160921 6623.5562290001635
64.73323322699488 96.22693396462874 3501.141621233814 4456.201755499308
67.32072696701431 97.28675513821308 1596.4826983491798 6471.927825879421
104.05846020430164 60.871873782227595 95.2495390893177 3958.912968551001
81.4474151439447 100.242872297341 56.884747562513596 5849.725227064065
62.38016285176208 90.54026827882018 2061.3847063608996 5297.106013857067
91.56242256298668 113.75571413917963 1259.9898944775596 5156.7520886682705
102.41858817676531 93.69884456634779 681.5093563465826 3574.936388230652
63.352865897946984 113.98662194670446 442.49781019349757 7776.514628206753
87.04523232641249 114.6098008399718 668.809220021696 5978.106366929173
63.65202895588707 65.11932825540521 2563.6738666495735 5225.205121018412
82.13754635645249 105.58019827657438 2070.7328642589696 7688.00458633576
88.21232630909866 64.66249774473378 1578.7453221865233 2686.246246299829
77.39960411544962 111.16385912946176 1983.0477464749374 2902.1682704919363
109.68111083363979 74.0676795732684 1497.1669447644713 7559.972427143057
117.5244607972801 98.12120384805334 3329.529181929223 5753.673664487908
62.300200873987556 90.04658753591691 2650.549558442451 4375.469925332763
87.98545828912194 80.52573492779727 3263.9561347217614 3535.783676394958
61.90789310399027 78.91766459199798 2823.959670003991 2283.6522129951813
79.10902886143332 93.79618137538552 2505.9531784884507 7463.378470177204
93.61106031207012 100.40878428807946 1141.2508106545156 4689.589390157987
114.95522394735671 65.85251299544801 2735.4762164859208 3151.2180136686425
119.64026875652287 82.11473521891612 83.7069420835374 1667.8159991757896
89.91956822417478 105.11649353117699 2537.6316562188745 3653.7938476705917
98.1255099207937 81.03039301469717 824.6999318137016 1456.1454252330504
78.20118508349819 103.99072193694974 944.572242073296 4097.114704282615
109.64148387611594 118.97452185684688 1829.979770857496 1336.0715754349317
110.35785458785338 68.49947995193929 3012.2498340049015 3301.1019069279896
77.29630874073077 96.24704583060537 2530.030364856842 4762.465845297718
79.59010286652212 74.19582681487499 3286.359803253318 6155.981940272422
78.55222436970529 108.7030124441481 887.5285812563183 3433.328175031648
78.94323984763916 87.3914373100204 2180.9011914662315 2283.9826021065173
84.08125067758681 97.83895939752615 832.4261679052288 1018.9314770298728
118.86840183362943 75.66854356973685 1953.4620026854245 7949.091322674007
118.2210876449813 72.80158439894687 1613.3214176397437 7806.727621747285
77.93418435497934 97.42209757637656 1875.7315057973983 2404.7109036353313
83.88428508268639 60.59762520467984 299.27702244215106 4188.905766802862
96.54823129751884 100.45403196559445 813.2926415341043 1111.4419352044463
88.08533794883226 84.37825280950894 736.4230320673508 6908.506222257185
109.65890504045736 62.72934248824731 682.9869596471048 7559.3928020912335
69.59655550291704 70.2655401761245 681.0487713292068 7891.660286451472
62.588230630799586 70.45901899099796 2006.6762840126967 3618.0221991282224
97.08380341579925 118.94858665130555 656.2282908569766 2842.4132196732926
61.864765841719326 117.49793070344725 828.1624210441058 4474.644250803011
101.0488380969203 110.27299894552591 2659.007572505656 2461.4883007771177
60.34553383331688 101.19678623637557 2241.068011120737 1627.0603864805346
76.43057298767347 66.64656531840384 2200.5336038372843 6605.9385494504095
75.12020051656238 74.30944155730101 1142.6555232430985 1173.4824798102284
60.67161887797703 101.43920370913408 290.8974862481047 7236.506509294399
111.74416526819034 106.81156940825551 2317.034901545833 6725.302125753461
85.86780204093884 114.08676924055551 2096.4081847355405 6341.490750578437
87.09916535641997 86.1618774891085 2318.2439341968975 3328.095039221124
72.07734959496811 72.32398534833875 194.8506363233732 3674.3035723155695
97.5350752172989 106.16175914173802 1963.661665646393 5091.887870376868
99.27798814034192 106.92410249974806 3580.3674602066108 7851.071267726139
74.08620324849454 77.14771219031168 3128.9352037272824 4079.8095517822426
117.90992368141265 62.05011169268485 1424.817330884938 3358.445100985273
107.84067592844461 96.20071538057711 3070.6179721814683 4487.050108005115
85.0660704191429 107.54843270923229 341.99025982369426 2027.268150304389
116.19828822913122 106.90858994491998 884.3757721811896 2083.288353501799
62.097358013367106 117.13901616388014 3158.8620085863868 6375.007280071323
86.4979021729327 96.41973570331214 1249.6491166644832 7317.910483387303
66.19624426118422 75.66905668049138 3310.6402061729195 5251.0998679840195
80.24199624990413 118.5970319793574 1262.097471239214 4396.813477139636
113.01714890183979 86.95477381123257 1137.1704875712217 1949.3195756610494
107.80301489283512 65.01140449934475 1180.7073954486862 7724.402398842936
77.72824717257372 74.76543206672746 3019.564853235628 3708.7555412682773
115.11067462451854 81.90218139822059 990.9966204155727 4698.668026186285
92.9196338506671 77.9046486478719 2789.556933291125 4309.722160765955
76.58520842430427 64.98001904936513 1827.5363838394935 7414.831313240548
74.08287982207598 92.50240610294172 2339.532619432875 2029.27295898248
92.30264832444061 87.47877076734122 3306.497167048142 5391.985119760451
103.10212589069744 68.76131267571267 2053.04385692781 4712.609573181849
86.5863249024093 84.00814082132672 3285.923687396152 1919.865426512174
107.58311690802405 86.39957225359848 2224.5337653834213 5839.383603530217
99.64031672465623 74.70951364518187 268.5059150030563 6568.694926338074
65.96121514838333 112.20598632235279 386.37597045780166 6224.8707694910045
60.753029050575854 79.69891097275321 3581.234523944675 4298.441870642289
106.72200509729564 110.64110414337418 208.10401381964186 1886.8291400031637
95.71761046994135 83.05013101686382 2015.8275957550445 2235.6001475660732
89.60950726474573 91.72172798203334 578.4266558503488 6225.167941766144
114.88276024853445 103.0052948789405 1462.98358649289 7375.332678466239
76.61398365668461 117.39359217122221 2473.4344642169985 1371.0217425394121
105.0658142058501 66.07934200439759 2290.1758450315942 4726.745094331002
77.7329845385894 70.63787106773154 2903.7821614762083 2689.214266455124
103.43262026592534 77.24055829659973 953.7334350449345 5197.547499051458
66.26939803341808 102.17914494300642 3362.7559829701854 7592.497280203805
80.1783592467815 81.00998896726689 3566.5427436938185 2704.5365247678733
81.07885598899274 80.23406339525579 278.8636454192037 5369.27947394971
104.67388446816395 82.07975286158847 1453.302484285452 6343.587183105115
119.87789251420615 92.44516743393471 1603.657939302651 5164.766308462837
101.21341731911802 89.91270877950626 959.336003172717 2254.6473927631528
111.95627616235683 97.28434246146902 1654.5036818740134 1895.6075921508439
91.10317389002579 106.79880315425937 2031.7522554428197 6953.280393956826
68.45489029678235 110.8765638276396 769.9549761713837 7501.827675077406
105.03576538106017 110.80528814549365 2253.799647895743 4655.632372023747
109.31013307830817 108.35953011648581 3355.99709636723 6810.378036801843
94.71777055859253 99.87396034167574 3331.752734918001 3857.673426105445
69.77327002295519 93.67533677198443 2968.9204325552505 2740.876910448277
119.85794380707263 72.79859449489122 2464.178169351534 6004.289728945219
94.15844011192544 92.872683548355 970.8881255404076 2251.388590978026
92.04346845228704 71.90177250279373 181.40789098869212 7912.427109087041
77.58532406249687 97.99635140789836 1254.1237048064686 6590.9850952477045
93.54497115401689 86.05616762719171 2517.726110173293 5879.770449622477
76.7028740514777 86.09816900525641 1011.2966961135145 7647.365975265059
95.44714202645484 98.24662423488694 1320.0289722103048 5596.362363788261
71.94366556606084 70.38474188587145 302.83341822678653 4103.1513362544165
63.61518104676806 64.27999940624014 630.1743780256 7520.058552915821
119.3174648235857 102.87641350560479 540.7231577877999 4261.69247114061
84.8171597539875 113.01284340367332 1794.2867182162083 4041.8970484922165
69.66299102925036 101.25362354485017 753.1998725374201 7111.061028741696
76.4811759070746 60.301020099056075 1287.1642306828985 4559.935199772938
108.80641310614902 80.55074973043268 1841.405503127142 3205.359474264318
86.98407471972872 69.25213369298066 131.35755811563695 2919.3737372205546
78.13603241392603 108.9869244529932 1366.5626584034871 1029.3405685832388
101.94343392052507 70.1053978836317 3439.019810171631 4963.483599312681
74.00821230948831 67.04021614616488 1540.7183295185307 5222.105564625315
91.81498756515228 83.0363989229266 3142.632044073614 6309.589894552218
76.061760230356 114.10027053982638 998.6919950264858 1428.4692141786209
78.21721958040898 107.82924724038384 1264.8527305732111 4352.020089910643
84.4028656622091 115.88532781979622 2920.3223704556326 4477.9569450152
94.15135465506178 80.94508951895918 3214.642767480926 7064.676314818282
63.07235038942469 66.23415321362197 1097.9914077212588 2033.149869353425
72.23494371150399 103.37206174616361 2285.3232621890315 4158.5894237964985
118.72488787876767 97.16003529093992 1566.3444165343553 4731.255247550347
115.27602320694655 97.81869655902415 3524.917751437022 7029.73947560281
72.9417072913221 79.26566372328908 3329.034070393377 1224.585331715906
113.71713934784401 69.88716156285058 674.9465900952383 1019.6572795658351
110.70744834631847 85.66778761876337 3061.021848142885 1697.2600109612115
65.36987704248331 84.01729500897875 1831.697978136396 4286.753860178155
86.7300315371842 82.10067296492784 1319.3862157891813 7709.509823255624
60.147953306893996 70.38635299034962 2183.276143368851 1306.200032344712
100.3265760891207 110.51792073292184 660.526022809151 2324.6761478228905
60.188018223432024 118.28574930063982 1912.7526255336227 6338.370389780636
103.50023950448514 71.54644902786816 2870.230265025076 1838.1746603630093
109.80853122989548 115.31086720573438 2291.897033603602 6630.985663429645
81.92720536416387 68.64966768587233 164.43497006443275 6239.568967620916
64.02347021608583 68.28394233483706 1355.148785631969 2802.732065338631
73.81230595963393 108.31863122393199 3399.9912864459757 2389.6628042924453
115.4133144602768 110.74843390207717 1097.612109150069 3695.1641881774162
99.3364468604679 95.20133126943293 883.1637619616112 4403.096348225803
100.68636024365193 91.4361871359804 1023.0199684055939 1610.7243810713123
107.02581451353191 67.40473078606593 2081.8945399486174 4768.050048837815
80.04911243926833 79.2497565151391 2012.5233869279639 5943.480841243209
92.95580076626463 68.30905091078279 2941.0525648241796 5993.35921754859
71.178957777318 83.91587601555919 2937.9184990207923 6534.327709467486
118.48676772090562 117.62311023457248 1844.0153109095133 2995.7364019629117
98.93786932781684 70.5350130244759 617.8345916257872 5464.964228839573
108.61831628600251 62.27108913191493 2490.769109527079 7187.481808762298
74.71635723064925 87.14941527343153 3507.952036636355 5701.249378641125
74.2424760534117 70.6207616341409 1900.6345946037627 3700.6801719101213
77.01785728912428 68.37788632938243 1432.899977005813 4923.960781649817
65.19617305303711 61.97439206224187 3409.0526997027846 2277.606762147457
92.9558642641512 64.1687773623774 1091.7872187622163 2281.7946131084327
69.47264120635002 97.36559342597594 2293.747586180032 2594.5819266233357
73.92285513839995 102.65934619045893 2603.0870816400097 4383.464277011652
88.53116726685106 95.7465450214854 2420.8787196537637 5924.363615589788
118.70597679909673 85.97577622152889 2217.192528846094 7407.6191604617625
88.00483933426428 79.07952153904479 822.1520315217168 3974.036653000839
113.5717277602902 64.71842318958554 897.1946941165307 1035.7372941360004
92.47425302730952 104.68870049595587 787.3867723294065 4160.383451063349
69.24620444788481 118.70343281259066 1775.2510687731958 3903.4289060554197
107.58084707755991 92.39209523169842 1611.1142190443031 1610.2628585181508
72.48121051569126 119.82708462245377 339.6059037118136 4259.687266058923
106.169345461505 101.4451817728752 1608.039787452165 7927.572557777057
68.27789386541862 71.53074395156156 1925.3554396384418 7864.338641339867
75.46217558718048 88.77900564366449 1056.3721438681164 1156.278864114498
66.75880309816608 105.77365756314751 637.7148291369045 7488.223960982525
101.8257961554381 105.80846351351587 1880.4536155234152 4383.350602499368
92.27067641030524 88.40402233360078 168.17603968184477 2395.2916474174312
99.97754356094005 107.86190332818157 2860.761970791987 7401.895568797181
75.68760055290595 60.68203281674012 3194.136888094818 1452.6082046488202
88.60274455592595 73.71877073673036 3494.2049266600798 5943.095043862329
99.78223107520319 111.07156178100273 64.60324176139714 5885.382571420402
105.8258808653002 97.31817965459693 2347.0524298776704 7142.741131305169
97.38667279507197 98.76857912824599 3585.085540693379 5853.37738243444
93.09843267557613 117.06606753697353 122.15319799981812 6793.930730771244
78.97943572044774 78.38154288681532 295.47073004600804 5655.286290798083
85.94126644755754 84.00461275218846 1043.0354956399203 1433.3102798631958
101.49970909816625 65.53310094613651 1598.6906568285258 3876.8729478764153
109.53016559556093 108.06074034108457 2830.144624005247 4688.390639031144
90.01323415676804 116.99675711883769 3483.199137350577 4037.0595774653666
76.51949297699932 68.67436299622211 958.526065916279 2354.004707647313
119.08392751187552 82.36813359728926 1094.284479442899 6700.208729397803
77.61863554109459 89.6264869088045 2169.46443810686 3742.7344754676583
102.85196573395513 86.44937694739721 1343.9171138884408 7238.57144684152
117.31949618402889 107.83310815621701 440.9599797885454 2959.9875931146876
109.42184875295136 104.18821173272192 2985.837684973934 6868.975877995666
110.5534626845986 92.6011112525321 1373.1281015388624 7948.150800474411
73.46743910547683 113.72007008075549 1769.803510068014 7897.802816222598
101.54799447965733 101.46872363068998 2063.7634384679486 5683.489772929552
97.03540919349362 85.15985216457752 3022.603064541477 7085.477162942837
70.44087548638342 114.15129022730501 1609.420565517686 3992.0880692870137
96.38808711132705 105.94741534577331 796.4833557034967 6350.393955068788
75.24742695025155 88.70608391757169 1058.0049844882326 1156.4049878802673
93.30517377287222 99.78889181202345 1510.5907074462418 6851.60339265743
106.58856469205769 76.15770107320247 651.030610783323 3670.8710391013046
60.16174544632721 116.66409089008349 536.7997910579913 4736.76867474748
78.40812928171127 76.61995313098188 2024.5334284253777 1498.7188919075452
62.47585778985312 103.99217047762602 2707.7492972279465 2446.023450926438
66.39485803286956 115.55142325042841 894.2484950051397 7171.22368459617
71.56570740222695 100.96217233985963 2558.4923960786577 6166.817827593036
101.22347018577537 88.35607264495849 582.4785828899444 6992.922722062824
104.94320446224039 114.00125245110664 2844.506501020624 4907.875393837902
90.34855805425212 99.08256080938274 2967.252956365848 5873.060109474325
66.86009519163952 70.42076577459505 3215.4815976124924 5752.473592475964
94.88118460885299 82.85357535265744 1359.8319120803837 4257.851025686455
86.86992666642453 94.68425842761722 297.0588563719608 6994.019440267259
109.46256910451388 99.28799698127696 3277.0751762382333 1491.8827559819688
77.5766843896808 97.25594000374754 1872.1051925868935 2404.6538237607424
92.71984083186442 118.02700193867753 1340.4590801518405 6048.214586208742
76.71822805813629 91.72323687217899 2767.9618217165867 5086.479420203213
66.48498467434348 101.2099044417715 2584.8678835584287 3558.311176654746
115.66595521036399 118.85279044653053 671.2927161253485 1947.0113471831396
68.53122747328942 100.42602706281892 2497.6805773043593 2203.811379542772
89.49194455145872 100.38465068002837 2486.201196317411 2103.93546761896
84.44056870489828 63.31637107325277 923.0588869621291 5595.256057568574
66.35587261241542 87.48276784491078 1578.342455285816 4336.176009237385
70.40677737797532 70.99658229206904 3421.706446830561 3750.501866364559
73.32059564856614 76.84578489615645 2785.514075162445 6215.920857516272
69.04218417835192 87.83700203189164 209.117846151754 6133.312900502799
90.90295579790507 100.21637796406826 832.2806568900912 1284.029757854817
88.65601066868463 70.04583781478193 77.57940485723515 7856.800633669431
97.1393164155696 66.0242016779543 2726.958586378887 7467.564550831105
109.7535060697184 107.08060198291093 1189.6502867715067 2370.459310743078
104.03095353221137 81.75798680043569 1316.9663660646545 6991.02078038561
112.14998666495016 104.83815897442352 2791.4628836087923 3262.4135176761497
89.39385912526627 67.09336495925814 773.0003810557645 7337.26891041309
85.12243700016758 81.28458558777638 2225.094033695786 6855.89875649751
87.3912378332122 101.80814106555675 2537.454665327017 3328.511084262672
107.88052226901442 90.71958016621986 2320.6665210688107 5414.991071721336
99.3852229690883 88.30923625895113 2990.8861290384984 2926.3182876089004
94.74654969592112 99.81238655166082 1514.8518917152692 6422.943419435581
84.00769523585193 69.06282428247482 3404.3521133126405 5922.7443531782255
109.88000959972777 75.73601145697663 2006.9845381850628 6908.733056673287
75.2869917457592 94.13147970927845 201.9621803934858 1959.007134449944
117.55487398774811 91.33184263692752 2675.3658376502876 1360.7964058521638
62.77555530022577 113.70104518486666 1527.3189587738882 2816.055871865236
116.56055813995155 87.35451107031685 869.862546961295 5016.315471549906
79.44746467218535 90.06484638578604 1518.5755928631309 3292.350207108018
114.32570995253388 101.98813335575537 789.363208736269 2285.955060023112
69.81630376717821 103.81897648761354 1389.4205547903266 3091.239689834242
85.22895004865272 68.52959798006363 248.64884239898836 5252.227973895316
110.66552110386218 112.12512751525885 1577.5601862805142 7177.067549808232
90.72424789025524 106.70746990510322 3071.909665669368 2668.5174110624534
119.1944295006184 113.79246973650018 3534.46037524813 4638.701306227312
75.16374746893646 101.58694176407775 1389.4566157436786 1084.0499352877162
108.7512965337486 65.4650682789394 2512.783853337302 3167.684040729882
96.2971705117531 73.33858496880376 1072.5419165821756 5839.330841828947
62.105883601980935 96.8267547934355 125.68429565053577 4229.1873143600205
67.05835921609012 113.64814874882994 1492.4383811852824 5718.1600003628155
87.00563232295544 95.56091698766966 2114.062853082596 2474.261329021705
96.22978066787263 89.33819537176304 3209.7662961659066 3789.507048399123
115.83252663018564 81.43565831769342 3093.7867506714974 6744.223187112397
101.07696401347354 73.78623954367839 1330.4563544688533 1785.80820375988
81.4587608317011 68.54325221258716 465.7173183593618 2220.7838774643174
76.83398490874241 95.29805469220285 1924.3960408275268 4786.455264142583
81.40828799414845 64.25985669416275 704.2329426827889 5039.359534025749
108.68555470694807 77.29484220310874 2564.736326975847 6556.758375309072
112.6446598283841 66.20664369539796 1897.4221025486506 3506.0536456994478
84.65618719817053 84.79269100591183 723.0104554076648 7324.74328638855
105.47407251324069 66.56224645208077 3338.179946654454 6592.765709729966
108.25500035110413 100.25944532109106 1753.8146695456267 3972.4579961976197
66.80329127492635 64.51720916220239 3071.5237515389244 2868.868099100103
62.24030355858106 78.87680489364465 2753.7681553632706 5742.961735669728
105.64646161320056 75.33347998025887 2787.7577719863584 6792.439286666662
65.19434926284299 74.65124326423343 2265.7230715487412 5326.6982294349655
60.06383329481121 64.96576548733773 1541.4809358956284 1242.9238608123712
70.7156742621022 88.40686770833304 1150.4143226736717 1778.7879159575778
79.22932642791795 117.20659788579519 2014.2919382594575 6073.723916999549
61.614194937705264 89.3774553639792 2455.2423033427253 4311.691768485441
100.25390153795503 117.97744607743813 2426.7864655220114 7095.325981506632
62.26514465914614 98.00440665413673 2996.5964144506756 2022.4529435240781
94.22756854214566 75.63576375510084 2182.530372469107 1780.458097526009
104.89788392361692 72.11322245433784 2663.8763067385175 4900.760158811832
106.3799773448398 83.52235789535612 367.3435068849464 5280.615394926857
87.71149770722141 94.26510248203265 2713.4694123185577 5817.876296765348
115.80820006462146 105.99043664335335 689.7275798566807 4117.740780264407
83.86147704774503 97.06126996976884 19.856732803845205 2501.4173742697376
70.21951730607144 90.6297947035012 567.3587434388776 5210.013289793188
81.99133224860796 83.41892578042791 2212.00814023944 5236.303088829248
97.7183261078681 118.17975612140772 3374.1019877749536 4587.088490247856
104.55920974934091 96.77919786820033 3011.3536844200335 4969.604857624267
111.34640935007488 91.70756270368287 367.0990676791113 1607.6048423487603
80.7815362892701 95.37694420923981 2550.9223654418606 1816.0299152242749
89.24830647946648 105.30104587070706 875.7695307310563 7898.660682025148
73.54002030811786 89.4473659835196 1647.5433816860723 4292.050184038309
71.55710065425792 119.05426557588635 2063.9546061358196 2105.1019466211656
113.23301915833039 109.5345320559657 876.2492673946363 4379.212627888551
72.59992702141389 97.10273813921616 3211.383027094 5636.9242023121915
60.79575428757412 98.64389537163733 919.5568389176456 3281.413135936639
117.46141797593573 88.25416674448579 2812.880161852053 3516.957014902587
108.17753576207602 84.49388641039216 1326.7121531648625 3528.007510564113
76.08177690741297 98.92359514147684 2595.670311080587 3277.9994131080234
103.94203084521043 112.15948742353997 211.94774503920297 7730.08708808401
92.51487918169997 83.42872996678076 10.657438551125436 2246.8603300711225
113.24758979234166 66.22573994031154 3363.4417786902877 4734.149249372364
119.25955116713591 80.47876020013328 1462.8814881831381 6415.922790172613
73.98411538633468 100.01235661417033 264.1514416785474 1672.1144684945443
119.93686943491893 62.84144564387165 580.3109769395344 2032.967986531818
95.06745522685044 118.4139934363638 1020.9284736939612 3949.7025148791777
96.23356446359799 87.32930556909703 886.2686763179909 5061.921751595204
100.10736919849165 114.8585860371799 468.6428331128326 6984.39699742987
96.94922822034083 73.8757518510448 1522.2560542272577 5100.4023838041085
110.25333100852063 81.96920560357992 2059.2347982702913 1573.067096102957
61.63674488320342 92.99669003423446 996.3259626092091 1295.7068514652244
72.5043086855174 99.35254845257558 2755.733386322399 6313.954370744768
91.00405207326168 102.08787777633137 63.848027222125864 3553.4820250179614
76.36118801491556 67.58475011062653 1900.3200975483298 3493.082753152626
94.88657392783313 70.46275555515999 98.42411208194166 4375.350065855334
89.62584320002118 71.0141520426689 3369.56466515688 1949.8916595399112
80.33794750217037 107.52462525261353 2285.0705783655785 3319.739876178128
72.46615063280142 115.40214603483093 2296.017372509169 7092.041158798538
94.71391840276016 70.74012617885155 620.2453378023462 2489.0094561780234
63.45304501610089 115.08280116467152 117.79773319064071 6868.961198893461
117.12789192785092 67.27852691400426 1504.8078107284373 2376.3140698981515
88.20182589961259 89.42680559421436 2872.765363180543 5145.238451055558
117.15759299564023 109.84398417872086 1082.7851697006392 5119.661904850434
95.95291374798427 62.693745170219714 3206.726319600595 5451.794510452801
94.1700192600564 88.77764159341376 2730.5959864641018 7518.4629628840485
119.88187354172204 82.73309267710438 2325.460155620715 4614.11105640761
114.8754426503689 106.14362434677872 1600.5606419315918 3355.159679185866
71.07735828541337 74.54379164721031 2308.910977316096 1680.8001590219005
114.24864453819285 113.76219221159363 283.6678107121918 2080.955827632218
97.66048246395795 69.89076739696053 1450.9065821502575 6820.854274824467
118.4414251991252 95.85011965353588 372.82825989237153 3936.2278897081587
73.88041243773529 113.87964332546066 2934.6287369499805 6125.215800759359
97.88554100207654 118.5009149063095 187.2051943844406 7793.874008613408
105.02949009254144 90.9570914649197 481.6107284273081 3598.356843288898
112.83135618187484 108.80936784036552 3157.633700297663 5860.836941848701
97.05698068180207 112.2214772724405 1550.965373201919 7460.083702674468
64.47682813349417 60.997831697431685 1751.1294759151338 1379.9478429279688
95.09058080999921 60.31729439629151 2932.349516897383 6627.988894097538
110.44573708489544 100.07171136934483 2349.9391858624494 6468.089460064017
71.94370139127186 80.27974636425303 3079.2324483560487 3939.864472331907
119.1603048678225 84.46407855400004 2915.0832904577887 4444.110170067496
93.6839451263914 65.00409024162735 2378.8551368894086 3432.391738318573
79.78072788172219 118.62927943993886 2367.2029403179185 4933.628750171692
94.81578994492715 80.89103212291936 1325.5099135887244 2125.7544219413803
103.59714977354969 71.84481036733297 3256.076683285939 4150.50004086497
100.85866397030671 76.0786824321793 2629.716532312301 5150.290394100158
87.71716330160415 99.14252337664915 3320.131078612996 4344.463620733624
95.54045804363027 109.47805501865325 1633.0875821892914 5505.10000386842
79.14012471757468 86.30896710519553 3545.693572143524 5221.959463004278
72.50036304439884 84.95174526055894 1663.8307988899858 3397.421191119313
84.67746268885668 106.35759961234882 416.326594408172 6938.836468385514
92.26117393138985 117.15141674663838 2527.0803700924607 1980.9471573923083
85.0941548597626 106.77866052971204 3527.2364387963416 5896.222858847167
75.04682703979958 71.6402273785133 2597.93898020475 1629.473742757105
89.87287505890778 73.1334978599048 3118.70221115218 1829.56649697165
101.03169863781915 108.51138467722963 53.749418480580154 4512.231135631726
63.719596681775826 80.71762781962406 819.5140061673366 4984.3007700057715
104.0682642559937 80.75202626991141 2540.188974828658 6474.196842508899
115.01739003846005 64.973323584224 1464.7070647916166 5169.005006156517
109.19297611972473 81.42309448172014 1911.2456388661983 4619.697735797565
79.39730285383182 81.81049964018831 2144.2574607050738 7261.791940447812
84.00164929234995 77.31110243174365 1158.8685436402961 2053.800612009256
103.41469159106026 100.41618638011249 1561.7110358334041 1404.7035432562263
104.85034853152045 114.42457785722068 3008.230926064278 7261.838990300807
65.74021968173791 98.01463120781318 1206.3891310917593 1862.5387833392217
79.14593735048656 102.67956824378938 1817.7030612896717 3925.3740324007968
80.11827090005559 108.88906815346746 2356.470668126265 7557.102412508496
75.81681864835589 105.82619692951627 2038.1056738780255 1539.4926990693036
104.63374516038712 90.71314486886469 238.5942797649697 4788.202988202928
100.84880828304746 104.78895611949122 2751.6687084025552 7859.830888738187
111.67994257387912 98.70023256523538 650.9194005290705 6962.445586706832
83.39415202829956 119.1700979137466 2308.986864369134 4058.9404085451056
94.94082687242903 118.78902887109783 3137.6867590146617 3345.065667628083
63.39136112390146 68.31678318819274 1661.7681211661488 6895.714288150867
90.86044760529326 95.33713310799506 2271.8791708026915 4071.0184877128786
118.67650410228384 75.75782785869362 1961.364493111856 7949.228048062915
101.08905152964384 72.2150988134415 2342.874152240489 5454.796942385881
83.48764813701996 113.37590425718713 2678.2544470122953 7420.063017361426
94.27451026347485 91.29993201318814 1199.0028543424303 5646.03161035433
60.73511015870287 118.63209267791493 3571.221384845337 6561.118211049593
102.10927712469127 105.22299305101777 1260.958742139438 3402.2014058137315
84.04413998328697 106.7556228122717 2217.2438804447183 4485.956357526584
91.75268872784352 89.6848910379468 3037.3145259798157 6034.88274943074
60.90461687500137 65.79069074986076 913.1931722517263 1226.0723239118315
114.17298611213589 104.59404974873398 1877.948652586731 7401.54181603245
67.88705889907912 103.08126760919728 2565.182169525775 2568.507780403176
95.94553458879587 66.01824400622117 2719.5991471431767 2430.735094647389
118.37559342102206 75.69252629925673 2609.937704484589 7171.549885323982
76.19082377684884 61.229801753920114 1883.065555139586 2966.7064708475286
110.03581383034457 76.95039850935669 2704.844855149672 3753.380241441441
111.1593718113323 81.8502518570558 1852.3364238092051 4992.02796029131
113.98132309161953 100.6180588875237 2917.2303735023656 2155.154018643569
96.81857233465038 80.06248834048299 965.3460475798406 1346.1104325642402
103.50453306409669 74.80344502876827 2269.6431071218854 6214.083338421719
78.12091879711363 103.63319794333536 1399.4843470574085 7673.874056044896
102.49931366015898 82.60801694976665 2162.232948328096 5378.455471321514
85.60831490058493 61.914021970228035 1346.524997851594 3114.339925909171
63.29733855991105 99.2047573123967 2232.9138296821 1358.821292815969
95.23919851814412 88.21079732796974 3451.5057904699565 4097.865299420154
80.97189197458384 101.49339954419598 759.5061879012969 6593.3210686478915
99.81726256043011 109.36851410872494 2070.1474619920054 1083.5521495352687
105.29097225779097 74.36444592812813 2850.7878689607605 7773.710881985513
67.5740430544358 102.56795420977424 1882.1774490049522 3918.858125179363
112.42424202728097 86.36077317419011 1826.718425846639 3789.968771916609
96.180912652363 114.43163057877116 667.702038942676 5119.239073729823
88.23622958756606 65.47585555392402 2096.4766284061707 3334.852878327802
102.13258227730186 72.26589248403347 2792.293304209597 5636.260229771031
77.39632088635486 108.524124183717 2697.4012734222406 1223.4068830654646
91.54982270434924 86.79051285631367 585.8148442641275 1955.1804960987042
80.06598212671284 111.56776184314495 926.307119482828 7219.593602765448
65.57329120654181 107.44406553195702 1902.0858922439472 4913.531486045753
68.11866787191883 75.33661395096692 1715.474653071754 2891.4627750223995
84.78807230654262 71.9313804976901 3206.855108848466 1980.1006607916402
76.53100239097786 60.112040410353536 2605.063296866512 6051.250352843776
89.91047511281515 102.29732744549878 1324.7300710882278 3702.2660941628133
109.12028019849802 79.52102522453563 2593.053751887434 4060.4667978314933
73.03803108079316 93.25664808938416 308.6953940424454 5197.558843412553
105.27943740055427 79.26661121003428 2146.5097626832476 5691.888970015194
102.88101709614791 66.83418547446155 1410.3787641438423 5032.5635254512445
101.27503889334861 104.99128152563584 2651.2814145056295 5529.324235854585
107.87359315926125 98.07690515937331 2168.6967512667948 4136.983742104613
94.49069093334887 96.55124700243668 1867.9253056401767 4596.296190854796
62.0778846922371 76.8651114147824 2639.947383585855 6182.739890129925
109.159139022913 60.39407995131294 524.9985758537387 4237.105892499405
89.53428390091204 118.43530933403355 2033.6487554997116 1774.9433041262314
84.66827110709505 93.95914442783896 1136.1883010698564 3604.756847490935
78.88197170056401 88.23158440288175 2253.9023685972024 2876.5814526111812
76.28799741155605 63.31846516706524 1303.1865847260058 5869.377727576903
100.42177688500658 70.27883130349869 1495.5771339911005 2333.16463816143
103.78612444580914 114.16386357341761 1522.720440775912 2116.2691168341657
102.21231850084757 94.93609787896298 2807.127333246311 4825.962055718687
111.90362770767888 100.81072713157812 3414.3059018271792 4897.184784986322
119.26425151431276 81.72832539432451 2511.188717366847 5607.010281422823
105.57670436053364 63.268004093370976 1604.1112819097489 6852.976826013533
81.65163270236451 83.54910375118811 718.3264718882504 2488.798178772844
87.79677047787986 114.88843957196133 622.8810563932321 7623.337528876754
113.46494564396036 85.8556369674961 3054.613701536232 6450.926600655636
94.66601448229534 112.51648470074356 2310.336363137007 6890.249171698501
115.96745914306342 74.0103462529667 1530.5659786887209 5452.730362664021
96.57835494856334 75.6402115858255 2280.6255910687664 4642.377941893072
96.80697077240788 75.63124888208358 2283.4560316306693 4642.437436530887
109.38139701976822 67.32304992625134 1737.3394466799575 3102.8107201475227
93.31448977753479 100.75465945675005 964.7280488308072 4915.709735741129
112.11870299427336 64.80905670904795 2857.0820609205475 1891.133340017624
61.422941383181346 88.48544557652474 1783.972329788907 1350.1904067294886
113.53323355712972 114.17480895021629 3199.4479860470074 4479.86734003704
91.93794270052373 106.27909199127937 3000.4801636982584 3402.402365567235
118.5242444670271 107.09707921174551 1595.4112039597176 2798.6256813219456
114.42592778810517 83.61007267735374 2461.1291058810807 7954.141103417748
65.92837987240307 77.23889739264612 2392.732463908164 3707.6575826686185
70.1340745921744 76.2327186330613 2169.116961509347 2565.5827068172553
75.12432145453971 60.11400661786385 3472.7928074611177 3696.5253787439783
77.45398194366949 116.96581467550718 2140.0566562193926 3495.17953001651
80.70978854034873 88.45807499380321 1764.435511051046 7032.224498000777
109.73645602185641 61.32380762744719 3071.754143624305 4173.717890107782
95.34152644737755 60.51698042597791 3173.094276105085 1615.3749856404406
94.86163687733338 111.071608602116 1011.1799452083626 4754.89337767991
117.78541610889332 61.74569290995817 2560.3076551689182 6662.326875120505
97.27181339089016 90.35012918897115 1047.4900998170385 2535.3629172992123
81.41850794806898 88.39488301546417 3100.9635449280045 3168.425520372115
73.2956245889912 61.2798856951786 2895.616592102727 1754.450625207681
95.48274606860157 93.78990580084283 23.41932780440232 3650.563582445859
85.2277357464484 81.09803912571158 166.47050003044606 1261.4031760736832
99.04156241486068 95.19666235400294 2899.536929106388 7345.96759613306
92.36045740714472 101.66480733659375 1431.6537540280824 3123.653164511461
94.28251039260878 95.48178404075021 1469.4540925131391 2497.1725448382044
96.95749629652133 105.24331911574906 1820.7474534101657 1252.7388486224138
72.22534697205352 107.22786334488582 270.6302080764802 1755.9020166858904
69.34499178612053 96.12478367782057 2316.169689697554 5468.3179398569555
107.05338172195549 61.80773459914524 668.4345612741157 3668.3869725792074
117.1715908360056 113.65121993456616 732.3012469086746 1820.2765430684608
89.62511652403714 83.69076309846764 1675.3744302182279 4282.76893773146
69.86636583579103 85.47060585861007 3267.3057284334427 3681.180216632164
86.58754902993063 108.88626704702496 3472.633515728744 3320.9203193175917
73.0339503782674 98.03466014843518 2810.6590415621836 3723.5124699093244
76.47473577614251 93.64563511592999 1078.8442897583905 4078.4376778094224
94.80509159257886 95.52351462265098 2774.380248277846 1327.1714424114973
87.86141674517687 72.95332623553168 1254.6812785468537 5021.064384054204
63.7794202006016 112.25681985577516 1252.5243183344105 7189.464471365349
87.84735852280228 72.75416579861871 3550.7743343653474 2237.495412371174
106.42299636829081 106.77991635598067 3429.1891703829583 5063.965016741349
93.92853423891626 79.53696264578831 3535.715009996012 2010.2377351907173
104.5473957222729 116.9167127469073 778.3923408949512 3104.283048499111
60.85618952900644 99.6706048012718 1560.694177086727 6277.0963463364305
77.18840777758365 96.86388678615371 3326.756572603862 3510.1422735175074
105.47590681962537 76.9070886320794 2566.9507178293397 4530.272578834857
74.47758478942228 89.54097746246669 2038.6035300653284 7271.1021195448575
83.10645590943777 72.56206142513886 1704.6152004783276 5504.01463504007
66.58611302698255 82.05151522118493 2855.6828719958094 6192.254539916694
76.52968195875296 108.33357215355599 22.035515000528306 2076.7598869865205
114.36112006580919 110.58657258448646 3419.6942954755664 3603.3573618677574
85.63527673961035 89.14463058093614 2592.3063085728163 6378.712220831224
74.38033528355326 65.50916639847074 1535.3026264926118 6859.025170852465
63.9606386619601 77.53353979622565 1397.015848794567 7007.410236866748
68.49489407627004 81.84679616080984 1917.420750325115 6576.909529679325
79.9828076084102 83.73034216296192 788.2699020316877 3080.922406797305
104.63049540331399 82.33102786392034 1443.646660791842 6343.583145822979
85.85340713286283 62.892471048074164 2089.3983832887816 2969.8128399825578
93.63577029894176 64.82423948394606 2372.846871089509 3432.608030341962
65.27171891420794 115.30742937528368 810.8299196102433 6971.136973213625
94.87562395074072 104.50851391259083 1813.618188044373 3144.805925237797
104.91142227971585 81.74462088952451 3438.8618847753073 3192.4872340497673
105.0023795155501 109.97021562241072 2690.8477041217006 6850.4562718259995
119.43607736164664 107.22659727918044 1763.697176180464 6880.436351879968
75.96768944596626 88.23004654340367 3260.344832085976 6858.617914569092
97.66464533454824 89.59709898013875 1159.0528272450401 2231.9139164461053
77.5909672894673 115.0054563299641 1613.54275993429 6748.318125002343
70.16023280139295 116.75453358902648 1675.9476717685122 6362.703333108274
82.98319881147843 81.66199040353393 2577.113267812922 3955.353356907843
83.96077926973122 80.86909797103934 3404.2149032057387 6066.240167559323
112.82143076972582 60.11121823005207 486.4902512059075 3152.6129216121944
119.51087360487904 107.63921476818523 1902.2117096774664 2044.4321956569795
96.17709383402432 106.89364486283723 1313.771769974184 4836.125615602147
107.29357388377686 86.2155222827741 2228.347684387499 5839.493402332807
107.52657181550151 73.59583778003271 74.33872636178056 6075.840519107049
108.99323466604928 110.07395054227995 2425.769849346059 2976.8731775668125
97.43828899929929 60.964793170105544 550.1980784135526 3112.8986733748416
60.99280502567034 110.82320080036894 455.1398091499421 3591.272166500925
88.15586606822359 80.57357286367784 3265.0859908385855 3535.7838469856333
91.33524689392763 114.44672697564489 3396.6465913154007 1949.7897089238254
94.62499872892695 99.90773210534934 3337.570346140684 3857.588342995115
63.91372588419817 117.1417436949516 94.26428747116432 2225.8007135644198
103.94789342560672 99.62518162634348 1755.3458400596069 2187.5555241307684
119.6670374831532 79.508403223889 2512.2178795759833 4199.260634007087
103.81844095693086 99.22550247769004 2378.826778681799 4164.167178144862
116.6019228950026 75.17510310491963 867.8624109580213 7540.7847442627635
94.11976475212097 93.6490773881073 2745.070951929578 7813.566884529437
94.832620512347 78.27964756492288 2027.5685722335552 5619.653503621025
62.15915526748657 99.44720312021478 2702.5838416633624 1561.5536662299187
100.06957754556916 119.569726910699 1839.1812424152554 1406.4742922305384
60.306657603590736 118.42203204259465 1919.4249244553973 6338.550773360884
86.5925294687503 72.29957986166568 2359.502392081177 1299.7375984036723
67.98940325340473 90.62722393276917 990.7863364565823 4489.810521636329
64.7525992440914 94.88930610782315 2499.8473851532726 6591.123947844027
63.475341754862676 83.01156797456925 28.08291800770376 3124.092326236654
86.60688178845064 112.95418293345371 2653.577320199986 5470.571781614784
82.63462419176408 85.38942188296556 2689.8147643219954 3258.0582152987186
80.30899061944507 104.20287910269796 3572.104837611484 4819.706116448605
119.89326182135486 93.26059680978646 1060.7009387433832 2758.288375035671
78.27248900178033 85.30242516914561 2673.250470192951 7732.583778069499
70.95422045841119 81.74520877514917 1325.6752075717664 1697.3972322973195
76.3180288722578 94.22971571853185 1525.726533670438 7913.003516383756
93.37755882520143 94.38525185590274 347.23574486571886 4468.35489543905
87.35959887029956 61.591717963964506 1422.1361545025297 2836.3487825158763
63.27736842484784 83.94120099266934 2989.24893649716 6432.639052375776
102.45258200265474 88.7869864989921 2745.147075465658 1195.1615735144012
118.59482658216085 96.44941929769246 3217.1068733712573 5182.203026145461
87.34456452866739 67.40904932767491 373.1565421283369 4458.031962411977
97.57238283526644 112.19719215746515 3327.054632718557 2963.4634373662
63.06916358801165 113.71951641913734 2916.864697091863 5772.657030695037
115.4842506460214 101.76187508232934 2150.1022126598405 7047.033925167837
83.47487740958675 113.68202776617053 2682.554156575408 7420.140359193132
114.62811766432739 70.66078059332176 2711.135031490397 2872.6362934017516
84.5973590669766 79.33620055244614 2660.9248749541002 7806.751466497675
77.01207239388131 61.99587867908441 2809.5875891690844 6621.032265195738
75.4416398643897 117.12982840969445 2267.3879784534142 4451.020538885684
89.78616335316661 97.66124887021992 1612.647769684644 7465.556483864234
60.98114250786333 66.86713829738164 321.9296736896415 4507.307994411157
116.35602292843278 85.01744208902005 2340.9607363094115 6698.057965913191
115.7869791318292 116.47542496248865 1239.7745090101757 4672.734110873547
72.84369831547664 61.40115694828414 1034.3834419614368 6324.848661986235
82.41351042721915 68.14062936231159 2412.671773924913 3909.8401714389
66.49679296767077 90.25168886349176 1312.9681965708871 3827.5980186122156
109.45733553999793 77.0190583416936 2020.7233436493452 5364.08626338781
100.10761650357986 108.01779297401458 2868.991423328878 7401.742786220108
87.2129138791408 85.9077556008833 410.3601127600521 1089.430687562282
113.23486022270815 107.81520180138202 1513.6049464197702 3524.5181502356513
70.14088274429109 64.04922809432931 676.2122616654003 6602.630688922414
68.94088822854329 70.50557336949777 2899.1674328480535 2890.9308951500248
60.78286696781516 83.1066264572526 669.4677846246018 2904.777727211052
107.59658666221144 118.60252971901487 712.6722413214222 7454.4983359731
119.31024131936941 111.25194715786382 2829.5134252093735 3683.392096536257
66.36822622878012 76.12854089953174 527.252691698569 1784.173818726858
74.05899702747261 94.58575312362593 690.9443738325111 4050.0279936173347
86.90861757649756 108.98549378762038 2841.5957957375367 1483.1273750920034
114.77837471967304 91.26527875793467 806.2036593618841 7390.872512323449
119.24589525976509 62.94287449476535 17.082125593237638 5887.77194515347
78.37148464920365 94.10429971818886 1424.6358543881818 6723.148972206289
67.99076717124439 100.10519537671985 1098.9235252875683 1152.7772229326872
94.33788695343873 119.75449472922709 2435.559377344543 7009.955761838467
99.87111481523574 74.50100915538238 680.4116656055207 2193.3419857542817
66.35934494182422 63.259539833520314 1623.8804149117457 7163.063593619271
76.04952073606194 110.30166873071536 651.0949751477873 5063.784865494399
101.86930004600877 81.7604671467133 914.8168188625473 5095.388098421397
76.36691138535191 73.84545914064886 2488.950095868775 5510.602559422333
80.81858886588432 118.20268102846158 414.991456854865 2721.619550352752
79.50160390902505 89.94109777479377 1511.2708095707726 3292.418207622679
107.67606488998207 86.44462563608552 2613.5392169883416 5910.52260666507
102.99265547697188 84.72573080389536 884.38589040642 6604.980408694919
66.63417862003948 115.71562355127934 889.692968729625 7171.06931282127
111.4301784640753 100.17231438817359 3506.3334431762837 4195.160650534269
74.10426938028857 114.09700285438056 865.861941794078 3033.1384314480865
74.6818735654851 99.51953864023265 1932.2604177293606 4206.270988754463
119.58623000043214 115.14455428065202 2351.0914860695784 4132.079007311735
118.31908392729397 63.36843639239179 3215.0552114665097 1844.0261530749908
101.26018871890052 115.05701543884405 2364.4898867570246 6564.130055293548
98.4159784098013 112.7045013218969 1373.9435999467003 3465.770859377346
60.91331484356141 112.49005437356702 3594.873246170389 6196.397336752929
112.85660971292809 100.72592596927996 857.3499002812986 2737.088211416671
118.80476141865633 75.13113935585329 3128.3604106933553 4982.328158889434
97.07914576786372 70.1724210028254 3241.488065784621 2026.36506507103
62.11716647843201 107.23472933084078 2263.4600922080217 7373.375011882702
113.99535556765733 103.30299759040314 2281.3725761522255 1736.688151582614
92.9641680083869 104.54889807633198 2342.5024825075625 3831.846825041923
110.01324158795788 66.84169969550545 685.0940222574658 7469.225526013575
85.6652356346594 119.8967380846808 2223.108906127055 4157.2928803044715
119.44909032756038 91.16098004084965 1076.904084880009 2452.961336798021
97.59235778896436 102.29698853125682 976.6202850787258 6621.283351624348
78.07301464608241 117.70398084792751 3567.288758093698 5615.542118247738
69.00986734740574 97.82693366217417 1821.0380466379836 4884.211641523566
85.36305565108137 88.60021474206334 2305.1104019586196 7789.339238152683
115.48351516632627 91.72701056477776 757.1755606568354 1715.8959803053563
94.67786260826338 75.64373601471291 1167.2325300430607 1831.1134695986073
75.66973907157369 87.52746092146447 1376.7228813155002 7572.317730612547
105.14455215880271 86.70098838946814 792.0775513540831 2979.938955522501
98.99656874360484 117.84047789427188 676.4045989781707 4506.378930649149
73.91780455640318 85.76407348610202 1842.4367467878083 5467.217604831599
106.39539120251551 93.89223668429561 2265.047296269032 3810.561599428572
101.97509147725481 105.31502472971684 1259.2488273342892 3401.9668709519924
97.60029971499596 118.68963870518024 3075.3134591302783 7318.29693710392
105.45006626371953 83.48560161008443 1727.5257616576214 2450.1127042949834
84.76220222517324 86.59395951278559 476.60602690600643 1973.655349543902
69.76992879297303 101.94955661453436 378.80649628509764 2763.095935335484
87.08223282065933 85.73721949144492 408.76984254290505 1089.4983908822237
81.63504313138525 71.27283330707155 2689.4998477392987 7972.962023890014
85.26261803637414 108.53472837656587 3370.655089578623 1237.080895551705
69.72956869519709 84.31817628918338 1314.128350808327 5844.27375720325
72.44280569388849 65.50710869466451 1130.7616044857264 2751.1174055798247
114.67999625730755 110.89754650914784 731.7522389468152 4650.290131057481
112.63144242466907 87.58149995931119 1239.2314071854469 3344.5300794776995
93.84969965295154 85.70045446647184 2533.54844833737 5416.461984892885
92.04616222745152 80.14468828449549 1187.5534962748477 5780.800572999205
62.566616702411295 86.44486816914261 179.74457876396465 5421.2049193807115
85.368957774217 78.90655708688853 2294.6565432475622 1920.9267528694388
91.20467113084169 99.33091239864824 781.9653907111738 5063.426347499917
77.65907086921523 96.04022283414761 2908.1992267850737 7050.5962944877165
61.15909155066429 74.1978065739204 3147.4781798349613 7081.710750759606
90.59152120619072 114.13948224134741 2056.6672578122952 2458.9814191434493
68.90128569129024 111.16129440918962 1194.031816270701 2643.513203598326
85.7726804160751 117.53440960034949 210.80520045406965 5855.326820157187
62.49464294962049 75.07552963294953 1148.2531559486663 5434.61778954751
101.05270628959784 104.55382111614882 1603.963621106798 5640.914168598456
90.65994576742905 90.5564398120646 2461.9151785222984 5530.570146498726
88.8561731185373 115.85160239817864 3006.0419653306794 7968.338078644986
84.65454661025328 108.7548290801468 2717.6846554214317 5108.872532611333
73.96080089885281 119.85753077716873 369.5338033190462 3566.9792529770025
114.83098673047769 66.0693710146938 2718.429868993029 5680.5885747409
114.95720488398283 82.11215881842655 1009.4933168775941 4698.646393898609
88.9524318782702 94.09168054065978 3263.255995613606 4784.7100085497505
83.93338434841462 106.73359352243652 2230.6637696863477 4485.731548181039
76.02293640485516 88.01893861282771 3253.4610562897747 6858.787634563916
83.79722882754373 115.3589163706745 2223.247441981691 7882.5208578690745
96.78714464194667 79.77707735738863 972.601978973286 1346.0227996820959
73.53335172829807 68.9505111939154 2403.2753665087607 6068.967261852954
69.84731334705744 102.22262639711205 3231.198455170668 7088.713610690589
112.43537914006134 108.38410846418668 2584.0728028951507 5920.646441728521
89.39294198373676 80.11761187318497 1563.3687601195459 3928.6873153437887
66.4224090613921 64.03602220163917 3192.4800384043124 1450.053768529491
74.6319845351553 70.7421577219312 3121.3260259212957 6121.563444719456
109.74854023659877 67.44042698577383 1363.1367679708387 7293.698242047156
94.69745587435798 95.13968741644652 2738.460103003135 6078.6926116950835
82.46502106877396 81.16084844697157 254.87944218929815 6821.884277669599
79.11233305869183 88.89693630155527 2536.808990124148 7825.681140100126
96.85283326499089 73.15733149985282 3387.3601078686506 2073.2971680095616
117.41623925507804 79.57208999236812 851.9307821807857 5376.31640856941
104.92269039863197 94.6519360040597 2554.6814204468 3799.9972846173987
110.03111436798633 112.87233671171293 425.1088808940156 7274.4528912688365
111.2409817838014 107.39962577848151 1062.927971692116 1062.4753124551955
116.82896413346886 73.1912910670287 250.28054590084994 3605.600744152584
84.27031769095115 92.17926841360209 2932.7054626707827 4292.293809233835
86.17386108478573 102.17135408341193 2650.68796045844 1980.052121177945
84.91449502492404 86.56093595901696 473.63565136084276 1973.7347578890003
116.90927336919988 118.55061892358135 581.0988154283748 5838.340443580004
103.05468805611497 120.05266949580918 1662.3457547797102 7382.690898637229
85.89581408973186 83.74348968921635 89.97059863111838 6141.414817602561
113.01335669785895 78.86320207916816 2714.177889784449 3936.730264999762
118.67073957866921 78.8055980644798 3035.445473305059 7592.698603755506
74.27943255051933 93.88639739479842 1605.418049717638 5736.862873592683
110.70967516767514 96.52904095992344 3242.986597354597 2675.128016098897
92.82215910445922 96.33274724350008 3274.4332302435323 4497.877055436102
63.51850218262664 70.10344379863756 509.788873812758 2151.044075456384
113.13688196809387 92.6637213347435 52.417085835440304 3994.0360425761623
77.37296575703114 98.74769016497046 3215.2067303975905 2132.4472514582894
75.75968946598572 117.79334281034592 238.5937604050456 2921.58553659025
98.30507188153891 84.01461818148444 1209.221848587868 2786.0899866945606
98.88689180730061 89.39107327234402 3529.722632816578 1289.6596450361374
112.35579393536544 91.25102218103463 3280.108621417506 7899.4045398897015
115.02905554330309 117.62849878356609 70.65668073041519 5103.8693600399965
64.80076751648308 115.1075291190593 3037.1084762177966 7697.893298728206
59.95266543853135 66.56329172415798 1934.5293260712724 3545.989171635538
89.86731387174156 89.59681018770755 1828.3038005616918 3189.0846911019994
102.38211567689933 72.05354058252914 2248.994919384602 3009.445198924618
77.25844226979652 111.082323531128 1988.5752433442608 2902.1855913023896
65.5880625596339 70.25936051105828 999.4930244495076 4364.943792892085
66.6366756530511 115.65206102599434 880.5795287051268 7171.351948716914
88.93956256088568 119.40666584319696 67.92932693309541 6092.244481001832
99.76190954390316 83.32044935749448 3119.3680354448834 4980.176860321472
93.39640008105665 76.05343854324221 877.04912941653 2013.9833031360417
80.19666270334558 99.82753213860217 902.2531663110838 5775.003977752906
74.66319151408852 91.61905469903003 821.8622652731424 3658.6666368243664
70.58029379169821 60.561397079140036 364.94015326670905 7500.873561174064
99.39229858151414 119.92490828581936 172.9608554692385 3830.5055339163446
89.64953568954901 96.6395410683939 437.37247388035036 4664.29139320462
99.54399042080732 74.59952911593194 442.9512835117366 1615.3010965827264
84.1725745689433 106.6889599792229 1663.2734074913992 1667.4362885385701
108.36077607279039 100.8823430099223 1934.2533854297046 1705.5563593463037
59.8694652738161 118.95544623434485 3581.47688632615 4525.621578461427
109.68333216008394 89.9924477617244 2024.6913741071724 5787.792955270698
103.2496229314625 100.43093027558841 1386.915988779693 7905.3898268294915
104.91610637566109 106.49164313611516 3151.04367377884 1301.5642381665198
102.29937912820033 80.9088641706891 2093.406876036358 6281.659982471722
71.82925646410172 102.69377064366641 2873.25302696496 2057.7497434525717
111.07758412295178 77.07551849955748 744.3430336286793 1722.4016306731526
109.01952644252113 63.96818080640566 2987.443726849771 2513.7338106305747
73.2188244364396 78.57248860080698 2662.546227396325 7670.771549606278
89.70248339939465 97.43391739764755 2663.7636048997556 1264.1123534485937
93.85955494564644 72.38039622521663 2101.0325171832565 3472.3818243610676
94.11604163256746 106.3467111189428 3456.6221996827476 5232.372040679003
63.131638508447686 85.65886564747203 2973.2580090694123 5960.837909716114
100.7880584990424 97.94867073225313 417.94032603935983 2654.3718839670773
79.27413018527335 113.35805766667235 300.90477954878423 5224.870688634752
113.24914441996003 80.76025281657988 1344.9677495754045 2833.5370796280968
66.2256391167394 87.38928738205516 131.267974591349 3612.2309648334663
78.09573456857525 69.87646708093301 3354.805160376874 4141.214814357452
71.82237895166878 92.67564588368333 3502.315452300884 2529.487136793812
93.88280337197054 76.74848530821092 2385.2891312203856 5856.648756292953
91.62177247828646 83.38353991741204 3144.4316710786334 6309.481638701113
105.33383744260037 60.58529702672159 2867.2644366500836 6457.104172632274
78.14417861355143 81.13097139843187 758.9618560943698 6371.490847661393
107.83614505508187 109.1940744268455 997.7488554322498 7137.984909480125
97.58351262600654 114.31028383291391 329.1204375813222 2808.493046103248
65.90788207503134 102.13601488216092 1007.4459433496867 4366.316691147851
104.11647032598256 105.89701982143883 2101.2467414234366 3744.7227259502793
63.9146937090388 102.51818009736218 2308.940514453709 6161.680824012827
80.76908762007119 115.9324593737442 3001.519298178707 7974.769395352154
107.69383591035793 66.97866487893631 747.7527623584948 3522.0994072298618
85.26708467060125 81.31260701233903 305.9664322173358 7575.44242122523
112.91541929684645 89.6801347700628 1088.5968319593326 7320.079490245953
118.15571454977733 103.80123815950975 3399.295988330155 1181.031341857765
118.39583309373133 98.64431473454883 2844.3948272917028 3725.702233572918
82.56924527556868 72.17812136599059 1129.644734590667 4804.096516159857
104.2569249497989 83.31754100578209 3503.059472287755 2792.2456021250455
74.7449963316093 75.10631987942601 1447.3662515385806 3736.8801976719647
88.88835474544821 94.81784963260353 1066.0864155602562 1742.5744334206208
65.79990343289185 118.45594399701588 2173.2897111450934 4793.192511359469
63.02247988284999 87.18312917768598 2118.5015046054837 4885.521739988551
64.63307148648023 100.0156707668262 1969.9738896885096 3244.617882952627
81.0878750255747 101.29241636119221 1247.1241869039304 1951.8425696515358
118.37450132811344 75.94537906703518 1826.0869390735847 3128.2683640786495
86.7927509014325 92.75222468234229 2614.796596148905 2749.3536297204632
62.96665687891545 106.71740725992052 1616.5904322990705 1258.5618954425672
65.80056834470021 96.57111213125634 2273.913338807987 7863.8970514925795
72.76452691865668 61.142527623428926 1942.678761956078 4999.735864802697
111.46409222426641 72.49569238778558 3084.904270766874 5325.024744257335
78.07798421294194 101.93612383340003 893.0582350411526 2475.693092871892
114.90870755673343 115.25974927532984 1729.6909769756464 4132.40539705347
95.26550993750962 95.31645563384781 1982.6420073069537 2219.2585607580136
99.65583993605276 109.37493549456921 2076.6902967315364 1083.4594480530716
101.00368354467778 117.44176989279538 1574.0688442666683 1130.8438581754071
119.7875640692834 81.75398022569003 2010.2879035565782 1594.2283537713834
107.7586358450572 62.26631332304132 1936.1737837049998 2656.0736093625164
106.89640570660546 60.74688725277608 3263.96969121303 7355.888169261906
61.795640403064645 113.20735528236948 2871.133371418996 7506.039327788396
111.18516554043161 78.44213998516882 2138.149690285136 2668.9453594296283
116.20419996814843 67.01881862593757 806.5593880197881 2334.8686788578484
99.60889378679798 108.93490349149546 404.2826242251777 6788.606974173878
77.55476675394218 114.96024599567399 3101.0584390333593 3915.3657407628084
68.1473877621739 96.50240329991391 2846.1933669227196 2034.5007135382937
109.63557871854778 117.28533046725047 1219.3552978971686 7793.959910043047
67.92344861717368 76.9070481833874 3452.4498929067454 4374.483855815287
114.43136227292499 92.96043716577336 2180.771190645824 4062.890079197152
111.76303020715243 113.14601611119113 990.5077940557662 1200.6020505176414
62.40092278235794 96.04204047965771 751.8068029405442 6805.728014809228
104.2097470748311 78.13842471519835 1626.3054107292087 7213.153276423208
94.05541354910802 118.67758920519879 1770.0503723437841 3738.751927917968
97.44291591038736 115.71829547923845 3292.0443195028242 4090.9631216655084
65.1510362498532 79.02843367769088 2469.4988775438055 5014.619320359979
86.4975330373494 92.82058283656008 2609.6470579004954 2749.3927911182886
106.53655343732979 98.55215784580817 402.3126865229286 4336.94646270569
113.73589639452737 74.26037628612985 777.3675206631423 2152.855313429471
73.3935953162421 91.83233652890254 646.3495434432496 6271.487998660742
89.52408790444827 88.8426456979903 612.8079253855908 4704.896205928518
72.52609548522975 64.87482135043973 153.5340520869859 2638.0613658901134
116.43449006733613 112.757090515486 3146.0148558151222 4461.324951584154
105.52502509435269 91.6887320207449 3459.729067091715 2368.9501301449113
61.30980800907155 93.01740808425662 1078.4545199871031 2366.0093874475087
110.19849917183073 106.98366361439595 918.0148760908395 2889.597896185042
104.66227860263673 114.316828205582 1976.6333880047298 5380.747186516843
107.75381110456648 91.97052916947017 1364.0950668236235 1803.9240039148947
64.6662128613414 107.68115339381093 1402.2992069458508 4351.194879574915
80.78195574678661 81.58505340458787 684.9474553236647 2383.4265992275796
91.51691636283921 114.90561139795344 1410.2346129562936 7515.868377194004
75.82714676866962 101.45342197709522 1115.1577630207933 6348.969671396041
95.8078867166205 107.90172186575285 2845.314875812956 4790.908877127967
69.7262327722831 85.57715335806192 829.3058076200867 2374.0954036158732
87.62899031549127 101.44159115163033 1612.6933727812245 7044.96282512202
62.234795842109 62.511792457935634 1047.3324466652025 5127.391911200608
97.76331441739883 95.46101421632132 1800.6206939941187 5753.907963874131
102.38769246500729 69.38307375576673 3230.289793953299 7993.898041523229
69.43093309004905 61.20221969845965 406.568573538612 6603.773747561725
110.61525190192778 104.25546862071893 1686.8037775162206 7241.311441133013
60.238106936824664 106.96876519462944 267.686563778575 3259.0529351896325
86.22218258144406 112.71373848630792 1690.7555581151332 2501.0459183009602
63.605349592911224 76.70955500182852 1096.400111967188 7167.43041822942
94.38638429795877 95.67710481754098 2872.2682125558817 5473.796545145379
110.19492484819686 83.17430746221724 2720.394286070677 5952.073938640072
74.34014237409212 65.42185833029659 1528.4437992558 6859.02632549509
117.13010442511859 67.9297955949071 1147.646048755309 2379.8297023355854
109.9448476726666 88.42152272659749 1242.2297654289907 2367.118312971309
112.90158836926588 97.89244842235642 1921.0323250858326 6745.387064438125
114.59696539019345 87.52273523510107 934.6956174780754 5352.216287437348
114.05846543530919 92.60377961115208 1346.4479878456352 6077.848982686185
65.24466901901155 91.86658363809283 798.836722780054 2063.0582230798245
78.96713789720592 101.68819276369031 3192.673553366583 7791.666838882217
116.45945734124298 95.72366500608622 628.6547988069213 2283.4002023517405
102.21953943049 110.645106372611 3460.183725879988 1933.1729513109717
116.97320007616194 84.6260992126933 2497.564963745173 2557.3472373106556
115.9080792240284 74.24479822222018 1284.9475794869625 4951.283691923199
106.06714118932838 72.85005554680303 2091.29131122493 4742.426745963914
79.54088864871206 101.97316503612743 19.407102100738758 2993.5728402080595
104.01728399937606 68.11575449547297 3147.0711353596357 7593.063256257626
73.03260753258363 97.51276143458566 3079.0347035645823 3050.465517000125
96.85982786032847 98.4385669580218 3401.5896859233817 6124.429789954223
75.89396962848839 85.17668622709851 587.6215435045361 3288.002561259361
100.3558098667556 93.27900476934836 1212.4992462744806 2235.0640256816014
106.96128597955806 61.187549073739895 151.43298613855015 2747.350382225747
117.83734066950396 101.76793477103627 3123.1443365298396 3871.079388987987
68.1596725812802 95.2396962716087 163.96254815941444 5812.833411786166
97.96563523206298 106.84823616476476 1020.1366107966849 3566.4530137868546
109.68297566671832 84.20604874346874 901.3933545530001 4077.6132754481246
72.186902977637 81.97923868862897 1697.2176851250804 6222.5164286408135
94.15288939318188 65.79984265562564 2108.124734706525 2202.346289684009
102.44760127003462 100.38345112231825 2525.25323114001 2010.8371704950866
112.13108728995127 114.85531443358175 2854.9511252718175 5618.197756125048
111.67460719237143 80.55087066392674 3229.923861518401 5433.5893553016585
97.59513007876568 112.63639168294914 1342.0179745432376 4934.124005985024
88.59972261134398 109.93936961756577 2971.8705837270963 2873.8828777385947
94.72081591820705 115.46870791021473 2086.7121290359974 1232.3621082334919
72.42555490296637 96.87999266489665 2599.546698318586 1228.2007530842145
117.3994507088533 118.74965040012577 3111.7367747915114 4620.495549537259
99.01266590202185 82.73233390814376 1557.32605170863 5072.4871110643835
69.82730632805902 67.28800014443596 51.648274746423134 5938.255921001862
106.93277026290136 65.75764318518516 1055.489717049076 1785.164156147403
94.7176317448677 76.01065276902905 670.1226463754439 2102.1986832852067
88.63288771984523 106.30386047814135 1091.0433918118545 2069.1430746670376
85.89614931407924 108.67682749622193 1737.857425293996 2499.143194010116
105.43508940732976 90.67644332634295 3180.842602505889 5183.017612160452
89.2639067572031 102.60376993463464 701.5141780786261 4437.167616461475
99.63307473815857 74.48127804584192 1796.7677313514534 6692.028986217352
65.47535322498693 91.66357173372141 3276.512531524251 1308.6087759940885
116.47585133769614 64.08106411137416 2953.247706342767 6444.185589314484
98.43597584113937 76.38047212149145 2544.07539663395 2826.676676259265
104.8750110942529 113.973239735649 2853.7796636699723 4907.870119686277
81.1171989140581 115.39462297765358 331.58050303287195 1302.1412397233603
71.4891448955046 79.76318992449094 901.265059247755 6385.671141089209
100.39626453862095 102.42697825564898 175.63893876629112 7681.242749555063
96.79030104907801 82.78744603644436 12.888745402341746 4603.09377816564
96.15114547775438 77.84839248938535 2561.7478721920406 6271.750429248467
67.81196334150276 77.12349404690391 3457.1254430830995 4374.361689665887
71.42106197885133 69.87413682501526 621.6678145959954 7394.258668201079
106.34974884856238 89.63092336877942 2487.2693217431247 5881.301346534929
66.85113992891382 83.92709553742004 2964.105399170771 1460.961470530509
75.91195311920603 77.55084683479036 2263.0146136526187 7192.548305908786
91.92223200538103 104.34735630999873 452.4135706570211 1471.334765370419
74.93173701916214 94.87328370091528 182.97997880455864 5136.647421208168
113.50867461279762 75.99039714880493 2265.7659637077263 7693.540845290575
80.98262490731541 82.4460471661845 3147.779473058234 4982.227574951108
79.0755661767075 87.43236563641736 2185.156334088681 2284.0080477772103
103.22562942789037 99.17881058996794 964.1996187960134 4097.3783022639545
66.98442360899499 103.96375416703117 1681.887179211335 6992.9168757177185
109.47290696725939 60.82899488156682 1098.9267901074682 7051.874649579828
67.50516408142475 79.9156689785563 312.03980257518737 1813.1631516336668
60.67771597221462 64.92515924960962 1677.3215272123423 4354.131069402287
60.02637345738091 110.79829034861268 1106.8930862420407 1116.691832071975
89.99302079300868 107.22804890526103 1384.237902858426 1347.9594751359589
109.53405647518349 118.34568496869326 1770.646800024459 5254.0333111909185
88.61030613222798 85.27410408711634 1855.3368789691403 3494.4373176339855
105.30430803773041 89.50153409862406 3089.759444942288 1807.8209567530935
113.07883403799282 83.29586307906925 3566.2574279157734 3519.996509882285
91.65387103739515 87.58286508921601 1018.4645320312947 1966.1654331479326
85.4547676604962 72.86828466040902 558.5762994516211 6619.834467037486
117.54172984149314 118.07566198607542 61.387943122428425 1123.7294856598464
103.53149993114263 65.14830317987114 3240.1249699976183 7131.311528305748
76.82487004546108 80.70369915854903 1827.7198238770475 3743.736806099452
62.88126209128322 71.42301197329105 2721.9661982400958 2800.022109199314
67.68091422528083 96.926591998978 1167.8630508181411 5853.318585349602
110.85408539908664 108.7636095874252 824.4190394375315 1601.0006660082868
101.19808440600785 78.7063720432573 390.07503190033725 1701.5149134571268
77.90976679019306 86.46740044577476 3571.96471782292 7603.648989652815
63.22184995736288 97.782556548326 59.64211975147689 6486.018683135786
72.0449179419723 80.01742832436747 3071.0604163670832 3939.631331489457
101.43281253725621 105.42668791628306 2901.2025306088503 6706.554456382115
60.22343506663208 67.15570764038267 612.3390997370246 5546.561328728706
78.43455870356684 110.42780710227217 343.5379818901365 6830.486943910153
119.13999398848779 109.81236011376518 2194.714051507517 5633.038240282997
110.31070773402588 104.92243191450022 2178.749190963259 6722.00675151275
61.4866545702294 74.796142033724 3528.3633785771153 5612.065075424265
84.1996874321103 100.18489315986818 3090.5947010317764 2276.3288521396626
108.76439378856823 82.30049608357001 1464.73855364659 2262.2864311224034
85.47681741189687 76.07013834215842 2687.6992645458586 3072.481261359399
95.82298296129517 62.43652885579921 290.608507268742 4874.099060572046
61.210846747743716 61.14555867098584 847.4021628405026 5452.9611963730995
88.98547105206562 89.20661292778594 2039.3190590579447 7407.227921767503
116.20794585737033 77.4183797527451 1384.2662068670757 6196.423591490869
88.23002800682644 116.58046752975437 424.4881887661736 3037.7619681948677
73.15245700365287 97.10260428500348 3126.687301092171 6692.415824998226
84.80191076670157 80.0205016101923 3497.4545425341294 3439.507645252983
98.56894200709193 64.30046504819158 251.9216499646095 5463.144695725769
103.6793623999482 76.59332361016392 2702.6709978074923 7936.830010341527
69.49829158024575 109.48070119409681 1247.8596059531574 7279.267723117223
90.99124390444577 87.20949667676355 1453.6326153228754 2299.968362033481
67.31741318318095 106.50819365148662 3274.3464622258566 3213.4829497088203
77.70664591642068 101.37705376282514 616.0546512278979 3109.506491738347
65.10094488706453 107.9620358422833 147.8292430378446 5799.963513521363
112.64518948117313 99.94360727906201 992.3395990713439 6808.925744776799
83.88058087837526 106.90379946665915 2203.8261867132446 4485.749633272788
116.81835499887232 60.69698982371379 3253.5191126455056 5336.435353388128
80.17398335768213 111.66413852177368 1340.553837385444 1082.2859964361369
62.31293095651537 110.75650493137316 1012.6303663157115 6947.05618775624
69.33920653818552 92.82795415097138 1198.7218689509398 6483.097554564374
106.34742586372452 117.14072698028002 2378.9418422069843 5850.939578845042
104.26856229160717 78.09062539149885 1618.2703956029707 7212.924956523106
61.525054753810906 113.03165301461405 2979.2182834472524 6888.034566651357
117.73053954096464 62.29013213049952 1841.974224087871 6899.422708042721
76.98457998427216 62.12796506771315 2814.7585610079846 6621.015870961333
60.68419955883192 78.80880000777334 3556.488995380593 1132.6071695025548
69.95920740389515 116.85256497761505 1671.0602928122853 6362.910576678112
104.71296562843484 100.06930356550163 2081.9701582478865 4869.370528499299
100.82834151166692 96.6945228451888 461.9365675162641 7757.562043119569
95.65841159962251 84.01532544376327 1859.4384206040775 1518.3707296811342
72.88082704549902 63.70361358755798 1279.8859346889124 3956.322448509925
61.7260238977799 65.06495475847404 3428.89154876547 4918.925727801877
74.99946282708034 101.66196703852492 1384.3618344100723 1083.97620280215
118.22521319645286 110.9690880893949 1059.5749298110302 6845.377675552738
115.61963897038633 77.49218695821772 1834.1986155411416 7461.885931121859
67.86800190979454 104.03807579339919 1559.9983586106928 6252.909834663727
119.62796354885202 115.40840326613119 2342.8248029379297 5907.173305012263
112.78491225222753 78.45767667688663 1314.7564797161208 5133.186598679281
81.9944073754997 91.25846624880454 3384.980640800403 5751.887321054562
87.82467912848273 113.09237184949438 2406.519389009889 1269.4235166337082
91.99654064879245 86.6340206179313 2618.288263636397 3426.4018011886137
96.65908006645236 105.56682214095758 2665.19035084041 5202.806893271279
64.31222352016772 119.06522897992399 3013.010911666605 4809.365765483852
104.7915938478378 85.86256393554785 1066.7110657259907 1134.0287813391903
118.04889404696003 111.18615181396771 1036.8750280583918 6845.416965548496
116.15095304929389 114.7509230523568 3494.5141509265504 5983.071422134232
89.063414283993 106.07833854553556 2487.1798979964665 7618.842022956887
94.2232943047044 61.729236842965584 805.5684815258186 4656.235091431488
90.2996045612263 99.08631198040011 2958.9065179034874 5873.4218251413
73.61239287194138 76.88004056333754 3221.870166987017 2802.984195790829
115.30126782334885 108.18927887042454 157.7270900435408 4920.323408344705
97.68221893353783 76.06050632777728 1791.2844715371798 2752.254050437421
118.61577096999254 76.0412951253198 2920.1145740022553 2686.777706694714
84.64605504546532 75.33937808973816 2308.1953003539816 4226.849882101858
83.68077143852109 62.93754846312744 1122.6996498035376 6783.990336808218
98.35418096309766 66.01929065101166 1006.1268979682688 6120.552443595002
113.48146006276161 117.86946282316515 2663.455793192707 6529.6790758239495
109.573525698218 78.57316651636683 2294.5240760797105 3129.454447982051
60.698731185706144 64.90363489280098 1686.432503749045 4353.889507279783
116.58753714226455 65.00361030341895 2238.3168423232037 7956.5341520768625
79.89589612588526 97.36119988977723 2911.259053543207 1765.5730404383194
97.83257803843165 65.67017449768957 2929.9193829829715 2832.586019609894
62.19852282265095 90.24035692296364 2657.070192133784 4375.194649405762
74.31266146395618 85.28088503166308 28.55005541978954 4653.162014001424
89.94058870863581 80.40301848815233 3308.907787192134 6924.898995401866
75.2118433538199 66.5803983708949 1018.610683647991 1721.796001698904
67.23066219906134 119.6602620803989 2555.246512521678 6875.187022053813
105.34149215948639 107.52708530667434 120.0446519486031 1805.3000405386567
95.19478559226982 86.041862255462 2102.3849094415637 1127.484687257843
62.912864264754226 101.81284158334987 3455.918629518857 5023.362476638741
108.51024522578066 88.96782305613823 25.167331673446597 5107.645509639043
118.1796407069799 70.5975208601828 1622.282635248848 1300.1647955843732
114.89074680854118 95.28715974869144 361.6562173756204 3552.7674574590847
84.2507598592405 90.16954676705028 3080.0062287086635 6807.389094561689
116.41807285765657 115.66282835490425 2923.172499967188 2592.024807765292
112.80598361675646 91.12914216181902 2194.9519799695377 1701.0784547103333
113.64694127822985 79.20418370897245 2335.043666462086 4988.93454769675
86.13316871244456 70.26896563966659 3328.7220286631564 6893.379688486575
103.0302520981816 74.77978867495437 2426.4766493552006 7578.712663223053
104.520497004726 62.28858447152506 1965.65768563955 7154.662829197906
73.99364894454979 67.99459529134494 1314.8909512796017 4543.77077603265
111.92044096845116 90.76408118884471 1211.1948207765915 7336.13775584349
118.82187886948476 79.33266062525168 3327.6275566554723 7541.828145689162
67.61678530096637 71.8936636279927 1757.1989684501827 2093.911092532607
116.19319791182843 119.19168844405672 1037.7259272419524 2467.398586233873
59.94681619265933 66.51081577727284 1941.3912336370593 3546.1257115728986
98.62441968379368 75.14133404381256 2803.3753213641085 6670.042454491256
95.2045033135728 93.8662234918548 619.2027422014327 5068.379960429901
95.13372241060766 100.17178467649647 348.0725433545178 6279.138059857652
110.15216523963797 85.10794489417479 2366.793090693629 2851.660138801276
90.09918926944442 87.1998997561241 2008.1280106863135 7099.247019870458
98.77824164874363 106.76794787464712 67.41412168317062 3596.8945995055888
98.48073209435812 78.72326749043687 79.98475081499741 5571.121614081074
70.72470353325089 90.92086935216832 2555.2981384238283 4491.033296315151
76.44522643905063 112.1985690725598 374.89802761639737 1522.4494325409737
111.52433077170272 68.43157408377738 3336.83569096705 3775.7269599449446
113.32121946691782 74.49097851001659 2521.178886573006 5378.974889384282
65.5238971844722 67.05169196853488 3341.0468779660173 4115.314181442735
61.5733377915787 63.584968055764314 1208.8998473414808 6379.664319989164
81.84719260214163 79.10046784510422 2801.294054382829 4950.075262626901
106.90260386163621 110.56753037349374 1269.2855679945612 2304.0584539503025
82.36347026353317 87.59195544351404 2449.8006942806073 1586.5052311624943
118.67206979674503 65.41341092484447 3033.363264911038 3110.913249181846
100.59177907893353 68.0439228788217 2491.1857805200707 5691.483635066461
67.96431774900346 78.53940643672813 276.16878198180245 1339.3129439605227
108.2371661462629 99.94881521992406 1746.2493125621852 2315.7184814112006
61.08436340795791 75.25324450044826 3493.5722560128947 1264.7921831467784
63.77246667157897 84.35076557473191 2968.4992423282683 4263.779492232288
107.02451288296119 101.82828810387429 1961.7347763411149 4375.316821229906
117.47958477329185 73.40962803637265 1979.166614742198 6489.102583902056
112.47099826501079 73.16483225464022 2852.0613738482284 1288.5185600276027
68.0340502922475 107.38718498386112 3255.5087223410346 4735.332394248538
88.61165445242399 88.22372818326782 1407.0738467532556 6953.851725515745
116.18982300852767 102.21139771207277 3091.024125350011 4892.045832607346
106.71595029258214 94.93984937132166 3330.668531012391 1184.3371670196793
97.9232821738687 61.984459335109314 2340.699899887854 1458.901274571336
111.72483957521807 103.25205402125391 1953.3104122433376 6407.839863276376
119.42616004075087 86.56066118008404 1722.7307216074494 5095.771313088117
115.08881165878041 63.73827656483692 904.8303579253896 7816.522706656447
61.690739099348534 103.20362859967824 2082.500241898699 6903.844072094256
89.83479573281096 82.68063788746976 337.6551782603237 6203.502468887073
100.69822929565186 61.43913998408404 1821.9268779439215 2506.801162663027
73.64611417536199 79.31352727242134 2215.8331943756743 1673.5846707456758
69.43961211880847 102.52501759816367 707.5094328200983 3284.6706570712163
97.39799982121669 60.632680418790784 2077.6372030460375 5272.517362477631
113.7107029611144 76.1420390950154 2159.434059936934 7159.396272658507
95.12894111948134 84.74672914045107 403.2919579016108 6508.382700731471
61.09508462078979 112.53016005996453 2489.100568172432 3893.7043262696843
108.5564945046528 103.06525654986574 299.00009335235694 1854.8618138630711
63.31063707682511 113.37428994495673 562.5782503945203 3214.057533255992
80.65239116319134 70.17078984178826 886.4272716537429 2254.9427841628776
116.80884793201308 83.1554413164288 38.84605703985713 2669.3642842777467
105.75709080897917 94.03811252037477 359.4711771690861 4822.1732689438395
74.10282073233053 101.95550062349989 447.8074733016439 6245.512890467159
66.13198193849037 95.3578718640092 1947.4323795473326 3949.8432667093925
84.92897673889614 98.12811896434492 742.8675778574731 1901.7300537657907
118.2476949547894 111.09706084053909 3554.4281174549756 6510.193468719647
117.06039759175863 117.59342880852878 1387.0061126888195 5856.0928177706855
78.82954108168704 116.4645720832815 3258.843797384116 3772.068590295798
81.50701656317389 64.48465491766409 713.51260741446 5039.389555805439
67.68263573870414 88.9728432883929 2511.5573903536797 3993.6281703568966
116.80396218553098 64.83348485760948 2235.116738655768 7956.456062756888
73.12771419118003 98.40483210566822 3482.063245536647 7929.402879180448
100.37352741356806 113.56680800668711 1890.1540939986114 3620.650339077137
69.66872363054819 61.80509350777144 1753.9544470992435 4106.420393562301
75.66595533115854 103.8990753153955 2674.7762764445683 5623.841814609638
96.25005413706693 84.44002330462989 3193.294343089897 6513.744662719511
111.27762377411314 61.415709504451144 550.9639858984351 5859.462843907416
88.48401280139689 67.1115783706148 885.4983486670524 1815.927547774365
87.57407432813285 82.09824202397344 2425.0951826557225 3750.0692332405333
117.33542048301402 100.7383693218351 180.9957296028618 4810.389002607667
113.70753972804492 76.8169933243067 944.4977207147358 7462.688175631095
111.99814065084334 91.17186051411251 2711.5006191494303 2800.1650148980957
88.26162148667294 68.47840291524409 3292.8671725642394 4323.438933369296
69.62985110196986 77.91665326861649 206.92435478813186 2221.1251114461634
94.8728596434753 98.68104556192395 2609.381264890456 3119.526596598636
81.33185827570954 66.69284468110926 2104.582708947446 1246.9241289176762
70.27702707582274 105.0928944817305 2663.1321096729152 3433.0793253808406
119.21396278519245 70.25445706706144 2528.946690202612 1219.1506686038354
114.95611997621815 70.99003146661792 2438.1616934004624 5592.279805860458
110.51510329542073 66.50181670716242 1847.1229797053031 3833.419338279877
75.18000549454639 87.03904003671168 140.60082541195703 7813.92196761703
115.7330038697746 77.86969083124032 612.1290838241943 6988.996065209043
113.82403684368947 70.61065706735617 494.2891317662478 6178.162454686918
60.65313329451541 66.99698541334241 820.1149688675057 3027.3451436793985
119.1728095596162 82.65923067163703 36.060406245141536 2308.8572090786256
96.6066276135029 77.85242359757903 2330.6267279492313 5312.345346083332
94.20227861357206 72.54101897821621 3393.9121478037623 6770.624294675248
117.16752261538832 100.70665404484983 176.58126852528574 4810.240062884705
89.96561129380396 100.90168961624593 3358.6782322310373 6254.693195105955
118.31723927771755 99.96180083490607 2954.1455675976126 5373.701799596879
112.08409432157026 86.35679311705145 1190.1086282837525 1693.877426089457
101.7913269620081 102.03339962757006 2363.600486611685 1816.2036649127926
94.63835286545377 75.60499599496302 1173.575888915197 1831.1899433413842
99.3992046832881 118.31065373065928 66.01335293108225 1054.9980135193732
102.43277614959561 104.38751121237023 3141.4721559637997 6662.904638375446
75.9730489726416 88.84332916541554 3013.8549838351487 6128.845965479861
113.49136010844694 84.49209572975698 2981.5647790213143 5072.778737250494
113.56024564565233 96.42797275784316 2761.2421698189346 2778.027094796754
80.15670350920747 61.321109824266486 2266.791890076555 3845.0806869109665
97.48121993915277 78.05250721138297 2139.403194440688 6974.14797042733
114.36868053261122 74.28214736123863 487.3830165944268 5162.143746937139
60.63729205100725 116.85574318585573 2657.9045493175204 1041.4416189405376
100.4890959374582 70.27510681501253 1790.6864928527975 5640.490130022446
98.00606789198919 108.61662146300787 1824.3171447610814 3629.9840149018137
81.9651191495795 84.67038936782582 319.8261053580033 3059.478608436796
71.65114451304945 93.68535922555297 1907.612613152093 3134.458970824791
67.39197478122419 113.1519288867485 334.766379017541 6368.070195240445
111.72971306857751 65.78956846559777 3552.129525789252 5055.591046269491
114.21701929557733 110.48453661482493 3434.2072308187066 3603.2392486957333
108.36586288714679 92.78173253514171 872.8171953578642 6852.942732522745
73.36904301238431 95.079486460163 2598.5135993201266 5199.779527709989
108.75668863009308 68.33197856328881 1460.1890788356632 2817.7415191915284
90.46936400652882 82.92169679418807 2506.2531224604063 6639.371031225727
116.20695114068033 117.30556874939072 2212.65619152711 3905.7697540057657
66.73698446024648 64.53960339434883 3067.408558909024 2869.171141044314
63.57482601357786 76.16744552995732 1629.5924911397317 2272.26230805086
77.52723627740478 69.6371281688262 468.0851571259842 6085.037668112161
75.37320045907931 67.43849552676775 1021.8529867785245 2872.0126649301333
71.78016647426425 73.8641440845173 798.7934458911349 2497.845950428296
89.87693811735151 92.77442806928269 465.27984344423686 4880.9057032511355
95.86156067071232 82.45156499048703 2461.405617026609 7738.725211847488
83.03257505703745 88.47789862170332 2912.292852965713 2157.5043618223285
90.71668183929891 90.6691169346454 2453.555019905065 5530.299543942967
62.98743373752671 71.43086411190784 3358.32684827566 7283.48662452111
72.39375315119895 63.790687634063154 1288.2352244619178 3956.585313746141
73.97606967537988 78.82273528774513 1774.1693260062525 6966.743664807926
96.89537985303228 118.28380803032026 1786.4759457845948 3713.5348441603173
61.55402841800849 109.91599495032422 1043.6818390632109 4760.720410871597
89.28751764677408 87.73818154630511 86.6100732199897 3336.578736532648
68.69392180323463 78.51326678704989 1958.8199370695422 6406.113729145996
65.52346442219847 115.37783215980488 814.8488085988477 6971.012525972025
78.7608623824425 101.70883584710568 481.47751181657765 5584.091432860266
67.02117170144933 83.06228659382772 963.3623868793628 6174.743122890685
105.84982338198458 97.14559269106266 2338.786616693523 7142.846358218073
114.07074203882242 100.62998684748901 2911.995576202093 2155.0434280905474
87.93815544213442 112.21973234172144 3239.094287261619 3813.887820109089
112.44765611210178 86.2923100866907 1819.0844078928685 3789.793829393218
106.81564265427058 91.37246386028423 993.7604629824831 5026.345171394314
70.65440011632982 113.84122521553026 406.53473399555475 6913.720708055646
60.99389158649709 69.45402265727519 3213.0047315685733 5627.194194335524
112.40568747836554 89.99871523693027 483.38041597285735 5959.421692050836
60.82377133224817 83.24600336708326 674.1991484570162 2904.6645510961594
89.18061801293915 88.17295721328566 1280.7679009787294 1566.8960110284195
118.94800321545776 92.66163274085508 405.86611252433016 7337.892822009814
96.98548025436817 85.22419529204672 3023.73623619051 7085.828416746639
63.21846551810425 99.25844683931872 2230.4777672068008 1358.8093749480972
80.85378229392522 66.29156405552368 1273.3171301776695 3940.243787311553
90.42231451364768 99.1184806601609 2954.735696206252 5873.330306749829
66.92300467710501 77.79928657599423 1469.4369469548596 5311.866314122642
107.5578608352965 89.6960299196519 1258.473021371125 4454.732340766491
118.55429934849467 107.74384467201135 2045.503561751077 3214.4291493075325
69.10795096112396 75.90929812940351 6.491892326414088 2282.4290452447635
79.62044281586338 87.13035385110017 3085.9209309824555 6849.449852534469
73.1015270275292 98.4988728114855 3475.758353460857 7929.273760456645
110.6395609166649 98.15916633146762 623.3097355286152 3927.120714104506
104.91984625228764 89.83063556162219 2429.2006086293586 6469.841062940989
100.00058682965567 61.12039133962613 3177.7787592038526 5958.601493847365
100.09907860550567 67.50879342582027 2693.5615614441654 3549.3178229593746
71.2596737642757 77.27401608079334 2034.9028449663697 7527.142572958055
109.29885952242073 100.77896685027626 3536.3596792897847 7351.974682694493
71.63357414998933 82.91328881491918 949.4620990166443 1308.9566018521211
95.58788177935692 100.5774245883653 3273.3999102967077 1846.84222907243
73.67059023866936 68.86593304702497 3265.4733425048166 3680.286340475172
63.434444667786664 117.77286336277605 1294.8822105392303 5647.774969841099
88.01566270348269 117.05053398101802 3450.2319759339916 4479.5040404497695
75.80934253208804 116.90616036892294 2734.3901082614507 5001.293328938278
94.05020000110586 104.33123655160904 2351.0347496013164 5738.236993079241
116.2420524430138 80.31894594381232 1454.5306790057543 2520.450226165735
104.07121730574552 91.19585395375188 290.18569397900103 3543.879670912122
78.23455550381819 114.55606898762507 1630.5429147072632 1767.019049099078
98.75710963464934 84.8220894507217 2645.875014767176 5308.485055389225
60.84957110382896 116.61906785929537 2649.1455807988586 1041.372670173877
102.12122664841536 62.942491310698585 719.4735318230275 3616.4924878223815
93.29823969883503 100.70896634319546 949.815374325159 4915.706191894619
62.61056239980342 101.70301230493776 249.88085841675917 5466.76156717839
101.15963425544706 95.15765522162214 1129.3714091230113 6289.194983889345
72.39253672571188 99.81561711859166 2450.194875456176 6972.68130621842
109.51980341156039 89.45312148443715 2367.939300638209 5292.040510498938
119.50702190872396 106.21324873606778 2016.8781089574254 6194.232819043209
63.35907144024289 111.62085897696184 2735.119555492657 7215.512105883242
97.08662330690291 97.20833619658798 2588.5955781595376 5857.357208193031
70.07349698655341 93.9141668593507 1321.1173682695753 4208.694828465271
75.96409123808948 64.21641064594277 697.6609311267133 5697.268400918614
114.7021978994638 110.563026483319 721.7653532675482 4650.304743567306
107.7693622973145 82.67985719530719 1699.6902903319283 3314.7470301125845
63.32843408717625 99.15062327346143 2475.700733678882 4021.6011317521056
97.61527854946812 65.72219004817275 2937.938026102316 2832.7636989641683
94.73548753681607 90.1852056199034 1375.2102270122025 4819.615818965568
85.11511734882855 107.30798320642711 356.4389829591745 2027.2988386372808
102.58880380012273 96.79121965134638 209.43482427640058 3270.20578137152
92.89745942508098 92.57491134879467 1659.9846552898548 4786.278309388969
97.37818181795821 113.82244598490533 963.2433460422051 3937.679076765275
82.03481938539484 105.39625842655413 2843.2030405342166 5084.635875671529
83.39811168345138 90.69749830071547 3314.5905956411452 1912.9619454562126
67.4122012938937 100.50632636655136 673.50719684431 2885.3122151115067
95.69938483184563 104.87373904662749 1633.4954113600809 3672.479467759986
116.28452144959869 112.02070211979654 2850.797023371506 6649.646083104869
104.69905206837079 66.1395575740736 656.8226029728094 6171.468927290397
92.38718454546188 60.84752120188488 793.0762787562321 5040.005395711975
78.98884370987014 88.40304369683444 2252.748644080667 2876.551281054743
112.33002216748964 84.78747118194191 1787.352485460164 5097.0465996972425
107.8645059970593 79.0859156535448 1541.8017589491608 1551.4045581096202
80.28891956746652 75.63584670321129 1448.5220072607224 3644.114168561077
86.99085795607444 84.33674541659454 94.78935799307644 6373.515080307609
69.80414000274486 95.72285394642269 1238.2750899037674 5778.6054833757
78.91107186496164 108.14166499042506 2146.6680736547187 4329.575826776653
65.49352816753775 74.87912491443309 2932.188309359851 5304.484005332106
116.34987500647664 93.38428244377882 883.070120444144 2327.6591631205047
108.66087772834638 89.07009846013247 30.96455699958199 5107.548031801598
61.62536195770455 113.0869529647308 2973.0431862576893 6888.389828443942
65.47311931307628 111.39165105276325 3556.5324792806623 1385.3351681195056
95.94408280001106 104.40426668441442 2792.686809458916 7049.478318500788
80.48183500053504 108.80316046053235 452.3841568589514 6050.96415754143
94.20010151106347 76.56207840819303 2804.5431041022216 6179.800156706217
102.44729012491399 113.62480338800297 2533.735730070365 1656.684898733058
69.52626802103147 88.27005778243914 2650.4223508179325 2011.8613634994392
119.057493933967 93.0211845560925 402.3520508531073 7338.010474135728
81.53800074855765 92.08507703189913 1373.7845276783175 1356.606365487003
108.7434679754586 93.28532100200728 1963.3043756581994 2774.934892051292
100.75152831224146 109.96535926521561 3201.37107748915 3466.5802337591736
110.46101366214754 113.9159527870289 591.5200231116374 6415.291551843794
114.78532102702914 77.37085737237969 310.2895244875591 6738.729834803483
68.42842652650909 89.45593228826496 2077.9265454623646 7690.483150529441
101.43040220215528 95.80384450394176 824.8247620085696 2064.18449503582
110.18701591421045 74.25859491072958 1197.4972513097955 4747.602923577875
86.06838030978085 69.10979893523829 1178.998451339167 3290.5117810454108
103.59941078007277 98.91010408771464 2758.2894738516616 4915.860736898723
115.58226177856312 118.93469448824467 658.7860537771525 1947.231388825243
63.2954093211047 113.85179686129678 1744.6874252854038 3601.274921283442
63.70861720297108 110.68640630164417 1413.511485065651 3327.1262736834033
79.85153764986643 77.76591002680233 1484.740848439538 2085.562002707729
86.24284111668068 105.40027085266334 2316.1299270795325 6647.450454294528
96.70264713239564 84.88307213641973 106.28411734290955 7540.473623480395
118.61731851924046 118.57046100155317 717.4848997860654 6883.335955730229
64.65272355417171 88.37923829496263 1469.7092931947027 6809.146332484157
82.63134903063438 105.96417186954397 1424.5683788072174 3643.8086869864983
66.62234670830351 77.69078566207311 2494.456124504927 5888.758222900183
66.07638863883517 81.51853692000267 1745.6054737033699 4961.917623299665
102.82748495801036 64.30387979016248 1212.3782238445663 5161.003980604953
117.0478080103234 86.4965694080813 2048.8000808437732 6704.080285594598
102.28986960463541 108.48832925637713 805.2758182778294 2389.118668830671
86.24316181528619 107.24849323740423 623.1091160850401 5999.372101555693
111.4674964994885 71.96662597647693 1270.1960180680264 5329.040271412069
119.26421315853456 83.31158740136172 1587.7644825008301 4054.9746840809044
102.23538213215105 93.29834178978756 3064.451273230011 3444.1307683746604
105.02025264845756 86.72927736967281 776.5446626751389 2980.127378077756
76.85756653270793 105.28101879556044 3332.6515240381136 7664.5247927038
79.63635752333875 97.64642807637455 2335.1078441415075 5116.750236202464
75.73249571071969 119.86276412151894 2662.793187842506 7248.625236589152
115.83926270372778 112.1839592820674 1374.9979321539122 5528.5678703027515
69.89838697795292 77.53771466655175 3136.616978701895 7534.640219535526
105.02831783375193 75.17591233085444 1841.5225757308172 7946.535811902901
68.89106561407311 100.30291993533494 1270.6921103267816 1276.0442305651493
111.4859159212655 73.08875845928173 2597.951293810835 2887.9261865994504
89.97161232270773 105.27992851407643 1244.2231771594695 3579.5986828973537
84.442126537593 72.16721779180389 1239.1338119088439 1179.1706896850276
76.10369962432925 69.80985003609622 1440.6750104870987 1555.7840422659024
60.0345423060573 110.60675006433914 1103.2087933539142 3334.402268870257
66.20800685622365 83.14648113184847 2495.952218772595 4211.218924036435
70.33807910410529 68.39288005200999 1708.1262832704492 2689.315012267377
78.13900615626997 72.32686941952794 705.1341207063647 6785.882195714336
65.37798665549846 113.36497342052958 1548.2776893974433 5882.196934061781
116.39061163385178 79.85792705548667 2521.5795035063384 3979.3654757972013
86.57316941914975 99.03639084189327 788.5374411376157 5416.089128802135
83.93874295731123 89.26941887971203 287.72663160968773 4575.142499809776
119.6403183008554 89.741499766675 1263.864141824778 4904.0698513198595
63.37930602717699 91.40789817796136 2675.8324643324027 1837.8555424191836
103.9291691085677 76.51315298014168 3332.595956972572 6150.173033960111
100.49027308510226 94.31418396166083 2058.691797332921 3517.55088244536
71.61175159744542 99.67242230270844 2562.627623417518 4310.746285407792
66.05467031612835 63.43507640294191 2555.540767604554 6772.575073680261
60.60360528756357 78.06449416078868 3058.392394247072 6106.360458839178
64.89087359983354 99.80230325956934 1972.0499951164422 3244.539259398092
104.44482290545393 82.94101396597276 3500.7966432168487 2792.189820459124
77.22808758132373 118.23966696343402 1640.5936411971625 3923.3191222255405
106.41663967124352 89.63505232302909 2486.0015578606435 5881.176664872424
74.61050466473738 95.36665257400743 2290.5264562638367 7981.337734825533
96.64920484038701 70.21166874864016 2428.6869546771236 1013.2610564124882
62.962620720612726 60.523630360213424 3202.0129411142234 7482.545078720221
107.759098119282 74.39505873844023 2064.921236223809 2699.180343067692
61.42208472911878 70.60610185620261 2323.473417936413 3483.835109092468
61.55248219027506 93.30663280678768 983.5316881279432 1295.3825221243364
89.37301689572865 107.25647165562373 1280.482114078394 6761.724335786834
72.86918963098677 83.92107107688966 3028.4381014999567 7318.358750038011
71.76112554188681 67.28693205497967 3095.9783759052457 6970.601231622418
95.27722519202382 104.55155965728994 2737.7774807179667 2897.5502744399805
106.6386563383867 68.64208664833168 2874.870992124152 2721.7691727404645
62.58273994264502 67.47835779891273 19.246949283083712 2179.8264137708065
69.85825752441808 101.08316289655308 772.5858908577547 3082.0633892328156
110.74883141515511 117.31551293911707 540.9951321838421 1188.4921026063566
89.86043489733564 87.6882250138339 141.16188532195807 6388.924656129622
63.4361825203162 65.47979333773552 2266.5195366080243 3443.831413000985
78.14788256937497 91.03539755046987 3271.1415214696513 7578.570340931859
94.2065030805434 61.541554458035144 809.314982374869 4656.286823853329
61.97563381770925 119.74946517622348 499.52383943954896 1010.8881164100466
109.61310790723068 117.3828926374181 1212.5870056812237 7793.840077568946
97.39536254329848 110.07521926878064 2210.6506746140217 6956.6180463862365
108.22442853453644 114.94573811054586 2856.199557567175 3196.7565883407333
108.7420547061693 83.40516735044488 955.6275372621857 4005.614600286754
102.26910691510761 111.95935948110228 2415.5163935368205 6233.080871376909
83.14025507145183 89.87720955859459 1839.8959458895408 3364.7763706215364
111.82689216363306 97.30801751885868 1646.8808826334725 1895.519091740871
70.25169428819389 113.18983432445494 3343.2535109506925 4214.099191236162
100.20802184597176 85.57311539097967 2691.0667821640673 6088.668562954098
92.17700365646098 111.96426676746766 1570.7047667652585 4083.5138736413824
118.82576244537398 95.30567403244187 104.86876123889022 5048.622756087337
76.83558131239155 107.08575988449098 58.36279521808959 4007.8478233937262
92.56353915290367 75.5005477809976 3581.188261299959 4329.544980923216
83.20971023393234 65.26894515055906 300.9539014667415 1234.2522175836748
65.20184624179802 103.88109251503103 1858.6643189332435 7488.123364131513
119.36413139416634 93.50057391075731 2304.336398592825 5887.489038263266
94.83694386389847 75.8745317868933 679.6935630005086 2102.2288214701734
109.54725817089742 97.15993068267838 2887.58898975762 5246.6746427964135
76.3039896003098 118.70125959622854 215.21912395073278 2640.963795283974
82.76661823749528 88.50767210510801 3082.0260473589647 3975.0472876943104
89.9923472697934 100.81274951827902 3359.887483912887 6255.08511185247
81.19819958385592 83.06506643988511 2098.7827809571436 1541.7421041625196
91.61164519233759 95.75288037886399 1173.1241925511226 3100.100087471172
72.42061236901819 86.67198409281865 3257.959344747214 7877.859983044859
90.9775308938852 101.28765931900332 3277.5740480639515 5430.1767865316115
78.50103265854865 82.16173584012006 1280.6620573518446 4231.164016763765
94.60937128301613 96.46980403240794 1861.6994514114217 4596.599162719691
108.50283974674959 100.79203616247979 1957.3002332427275 1705.6640232160767
82.74346974631314 64.46199264426252 2187.1639173985677 5285.001227762327
117.53219158642884 62.18645198056701 171.29892653753313 5480.349350890752
118.65810342123699 64.650026956914 387.31296842996204 5888.681824507558
60.505311569823924 98.31667299572464 3099.2047856983454 5915.706191030788
69.42030536904508 63.832982064291706 2484.77492523108 3577.1869023378067
94.32626975287285 105.80734450077196 1101.1967030410824 2650.786645192796
67.69680182481302 95.3168777985623 2871.071111360327 3429.009901264588
79.80944595776198 83.773784773819 783.1789522669783 3081.057198621447
67.72164018289072 80.61737095627277 1254.0307143027044 2992.681150000569
83.01540318971037 81.73951433792969 2571.7880842034233 3955.42429948246
60.70700922981819 98.67521438098173 929.048914281241 3281.12150413037
79.79812604380434 73.58956377284119 1841.0067957321212 1763.2328331114554
76.30982567700303 119.88034403507915 2556.605427715142 5980.289628576957
69.63942842512263 77.50120109658678 176.71421289388135 3078.5720893472458
98.39015966874436 67.98178689180273 523.1906730328575 6131.398634715641
112.77303396551983 64.6986098478745 2925.968452391885 1170.3439147957527
86.92409235769948 66.9704889872278 2772.407109400489 7841.372153184393
119.75849746518031 105.01207681293427 1590.8193159417078 2991.3507475720794
81.30958608928357 112.63571206534112 2772.783552062339 1050.3062257184813
107.41003301877114 90.8087907451084 90.15790688405878 7112.55321500245
90.34646188382682 80.69757876638923 1098.1634532219484 4772.779494720167
104.23488356388167 65.29378831414489 2402.822147517082 4254.545614912737
106.0234240867094 69.27997903056767 116.7418362205329 1551.6669942437802
101.1472501672982 104.0958573431373 2150.2133363928456 7055.81614140007
67.10446560441983 61.303130166221926 1828.224398203783 7006.585218531999
62.213516105827786 99.43638686056518 2694.459298274151 1561.4301722089883
113.86190967522062 109.37043072784125 1810.9578306376907 5910.4646094021955
73.25131069661836 75.12001312194286 2881.30704167201 6427.352440719967
86.07481103527013 84.2307279189134 1041.4093891451776 1433.3694518094533
69.89030344423472 61.37311961766104 1847.226431051925 5608.231326005898
103.39282338993607 78.15504882810882 1162.783707902057 4298.947225312035
61.21583688459088 91.73525184362768 2658.2457483492717 3960.465063238546
62.98667796200574 107.1944709605687 2173.3747263206615 4263.8080927371675
77.70861404729489 66.70100584203257 2764.0732590737503 7115.6644250880645
90.40903629559753 79.79386333995178 1765.283468830542 3383.8759321294956
102.43927838346241 116.2033319218194 1763.4457162310166 2490.298163256482
69.77893076016215 99.7232735908537 789.8282706243172 4022.8904187094563
74.32937056897606 64.83286200123251 2542.9196100368886 3692.754126848051
119.70718600807663 71.01467416119507 2298.5639829311076 6476.301599136026
67.51774327786536 79.64092483978358 2357.9728189916914 4182.082799642261
83.86933035951164 106.90958166150278 2197.118064829402 4485.777162122004
75.61721356473792 79.22525901215474 2484.3970164141297 3916.2238425152445
91.68589296793563 107.84878253179606 1204.4405558539652 5199.752411015467
116.10623404739066 64.99809249177174 2993.7615138358015 7064.143067262324
116.90310605829697 63.58597629246621 1934.4697364651192 1641.2167833105543
90.56342026195348 106.28246899365622 2311.412086232816 3691.793284697356
78.41072476582494 115.6025203595697 988.5586707508049 1504.1740863293746
105.02682387849764 82.48317647280001 2514.646557449757 1810.134585705483
94.73388965005442 96.85139364205588 1157.0159269507474 2790.008647134432
87.26846476110433 105.43081441628173 239.448296415502 5937.671865775875
95.82866195659793 110.53618479592767 927.259047527241 5713.15009680197
109.08280936077323 81.04116249363523 2418.6209039439264 1342.6339973559134
71.04455193708648 118.92027052403483 635.2404296680633 3911.69798161058
116.52931564318004 80.24730124148358 801.97742191391 4536.9346448669485
94.03016889069424 90.06629207286542 892.1304904428054 7999.187168190256
71.45905334833282 77.50899567567606 251.3847086455706 4788.439765369262
84.94074680394772 100.38020073988713 2809.6777501271495 1102.0522058258837
97.9042594875028 95.87524523690469 2414.3047092143024 7691.768023576676
66.11226733183955 67.69364483121156 1077.3321796757216 6244.3724817756665
97.39245830621823 100.12309786644849 1319.3962042700464 6891.552890934726
116.62280230393627 118.5971612831151 583.1329717179358 5838.27947543366
96.79282768821463 75.69700499860802 712.5007589989306 7816.138866098709
102.29833448633579 113.58063437539636 2910.293474400356 6004.654974330618
91.21964186805677 114.27837514282469 3393.6932885923984 1949.9109572699501
108.15155773300735 109.67189923909449 3226.6942066759884 3705.365297095796
62.760088673774796 76.7925483690779 1870.2993598405274 5974.04974134386
109.17965222735327 112.42490732767767 395.5316927791808 3996.1640418909587
69.88567410994176 114.25615107568129 2186.8122252322387 3638.8818003281126
97.21921491227495 113.99410764686004 1640.725077425773 5081.028359450335
106.31691956687474 109.26839658666172 1169.7671986123319 5033.112257447772
113.74338676903412 61.85795170559163 893.1082821388652 3638.968834900259
69.82962834111972 88.38903606641101 909.4111557535631 7472.282652099031
111.89239860326106 63.17405951931222 3294.1777248894005 1339.0934580142573
67.64110890446766 119.17735682271439 1753.8050933431625 6319.615667878657
99.84251686831577 110.34298711605996 768.0430810998944 2685.274512327216
103.67986214438993 79.54661745016713 2542.077470796179 6878.835522862855
80.34031588360457 118.39436354319206 2600.8722879709285 4291.579199950966
109.59999896468231 95.31725592577479 3369.931703169715 6095.414075885587
97.75112250650254 65.4836128501668 3231.107502445468 3914.875034579451
86.27081928471367 80.13699992746126 770.2611571162391 4382.157412815579
100.82685470869254 104.80202505195123 2748.3578351615733 7860.031126311629
75.29829924403339 87.29121035776747 2551.040602630174 2118.988747588751
86.5211382568277 65.53962037220582 2893.9921792989103 6722.577696070511
63.71864695228593 107.54685108850788 203.04895920329784 7620.823183236699
62.61125948888345 79.83603334898501 1162.2545617342344 6117.097263903372
78.3212921609152 113.77448682228402 2508.15041953246 5580.211930628704
115.4514516600629 91.86697557868929 744.3032591123388 1715.666886785796
97.8810389894033 85.61465985307747 3021.3515817130647 5708.10500975588
97.62678099059877 78.77816685703213 1861.2081416979436 7932.760425382172
78.81889779201109 104.36329943622368 2964.250365251734 5681.501245938949
116.5165338462134 80.36033153731492 794.8534281696532 4536.842599212114
61.62032128983536 106.70901264374916 2608.444559259197 7128.643224303878
102.22279298482384 61.73101650337817 831.4090801236916 3881.02690158679
98.49016041793057 62.31090710489154 3216.801617202682 5625.080838477607
115.19736379582122 84.81843764588112 2547.6698812824084 7285.490187018388
111.64146889024397 76.77147066984561 1230.621557506049 1384.8873182406594
80.80155046786531 95.54141605599766 2547.5445711546236 1816.1386300242239
69.41820631539048 89.27102720028827 754.516689667335 5515.659020149
100.37387936472288 87.8143798283481 3387.783318016428 5358.993509107881
76.49437195581619 84.33239262647608 2701.5363013111896 3834.107348542825
108.32695404645516 100.92893729274489 1903.5232083185826 1705.7032174152787
82.10672219472401 112.95001828854298 1905.80814653427 1307.261526962195
63.37355895736241 96.37506875832621 3032.364406922781 5520.275502131945
71.56042100453568 86.18576033885174 1418.1193305010934 3322.676816558744
67.36179677866299 64.1007783307386 2558.9067105469308 3092.2165622356692
95.4932751620563 85.90276194652617 130.4304954797436 6333.02118588165
113.32712229704968 89.96954044281578 3446.457793416753 3266.741624338144
106.52389748186008 103.65460496842068 1252.8002734258155 6906.263578861189
64.61663931514482 106.77261705971594 243.90937946409338 5943.0213962755815
110.50013712998867 101.92243874218364 506.0923288656072 5320.342400001501
88.7885997688988 63.821554771130984 2775.8449189376242 2197.8744726345217
98.62944335594473 106.95829733857441 63.824708002683074 3596.874749096857
87.75443425400398 113.09970315482877 2398.9968051704695 1269.6566574077353
73.62816108469663 90.12256730989549 2086.890979567113 7574.45873362697
95.17770103029808 70.12778722798856 2574.097460928232 7502.446410586935
110.74989269453826 66.7299258065057 1363.8174809834077 3893.2856265983155
94.0431776083846 103.58797845601649 82.31097088313511 2561.7633772995796
102.50101257828376 114.41272268283274 1524.779355166188 5216.190091267433
63.80630823573506 83.55133228985761 2011.4453550108224 7270.897725993105
115.79656998924301 112.07189718362116 1378.0622188517436 5528.395189223498
68.72651588333783 100.92304062851133 936.5622239890537 4159.534686203663
107.88273345486348 103.56602593961281 881.5301213816914 7815.183938318483
69.0692757068492 82.20876390548062 3450.9201840420365 2975.213497022559
89.92795144941837 74.73678066383701 2473.723316583423 7055.385739691696
113.86103616004065 112.4049999043471 646.6862344355137 3874.6519179401057
97.38012044347893 119.27498065702005 1266.7971947815815 6633.250848311739
104.46422585940707 106.44248221120027 820.9658348707079 1351.7073425166213
75.25314401513184 94.27492011006845 2880.901882286393 1308.0343427985154
64.5199220144766 80.20021077571744 2647.7481928315456 2113.558926288414
62.12242473189101 85.86395569216029 435.39174707277044 3253.808078093689
75.81710772198865 108.70654072461022 1070.1745928189466 1420.724777438076
119.53229402468071 73.82443933119777 266.2065054936701 5936.713075934537
119.2820841921614 80.88307848641273 3137.952909449341 6786.866119230694
107.68147431838288 117.16801493037012 3247.157313737784 7360.015324619517
106.8689796497315 65.75850650479798 1053.9505588430623 1785.3806460919081
94.52033055991272 115.61321231596737 424.0765509772953 4505.446404401322
109.75681069270631 84.02068122493561 896.5752966726814 4077.493195140476
103.57738145574918 105.54825208496668 2494.4232219499995 3611.269188836878
116.86652016839982 64.56882900501395 3356.52797161774 3918.6893878493834
100.2936478481425 80.64364320943358 1299.7574168808283 5671.602649545613
119.23752787092658 66.6963737910234 2917.3045043508855 1777.084401369736
105.25431444327306 95.27517239431117 1412.7979260788397 3817.5743976813055
73.79582520828534 100.79718866221464 3078.8879706554612 1090.931018493231
94.41572641098664 95.83316700443869 2193.7715451625804 4957.121725743004
106.56944804022343 109.83239679302167 2145.201065859552 3314.8090682892325
118.18050993914534 92.91068914198765 2122.274304287067 6124.326185828943
93.84913739925412 87.50902297651547 744.9171201481543 1758.5274836602332
84.50241778610807 77.3840784972376 2227.9652365307047 4344.459247554324
80.71548440444656 107.60786375343369 2646.952061986891 7366.02323999925
114.02669251362467 118.30311207510657 307.98501032414936 3458.051314618307
95.22720665639983 66.10367206473124 3070.6680292674623 7017.366545544029
88.21664354420916 110.15099074500128 3068.253220748296 3829.142050426749
102.15435040583003 105.30778946914921 780.3445497465356 3465.34713570396
119.26301397715231 109.55576313767493 2188.5918291706225 5632.6970348656405
101.41672345862517 95.06263086979754 1136.1926457728416 6289.3555522682655
107.64505659998457 92.12896782374067 3589.5470559148257 3972.1005176269673
85.44762230018196 79.30813005660681 844.3831443997707 6531.259797944773
89.1940664234661 102.40794253034463 2578.6718906367073 6100.143716242367
90.78154391384147 95.06501465283341 1413.1442739912945 2231.13835141839
77.03118517499982 88.11032925865382 472.0122412702447 5443.473920876291
87.94660633854913 66.02698941280637 1384.475472727017 6505.237442649546
88.43744446059992 108.02627617723145 561.6920174707014 5475.422258402124
72.08451934644671 100.85254503900471 2543.5438839158182 1181.8885941277474
72.38065147940917 99.92952160066223 2491.197723810146 6972.32425583364
64.68225745334458 102.2325466587716 1896.9954921554436 1280.0495488087802
72.30082626947765 73.57657219564946 2146.799612534794 5967.146500088521
112.81303454958052 72.1339474724265 1563.7280461831451 6701.853045665619
96.21509039796639 119.83298379690453 893.4574379265874 2663.566958092486
78.90198096000478 92.80463225698892 2780.9982224365012 5701.692538370551
90.28898587436737 96.71864685212651 2676.0801270350476 3920.7818547851757
107.4922367560848 70.8710645593179 2307.834874423763 5505.06121980921
115.90916211822876 119.13873704057414 508.07194337690436 6039.605224868615
89.95809225693444 117.03264809654546 3493.0700154902074 4036.8772865932597
118.21940519282734 108.83135307130857 3180.4366999369445 5920.146127766223
116.42303109546697 105.94070812398913 960.8424259875268 5625.4638293178305
83.92375018058921 91.81981564887893 303.6934912772791 1755.748756764212
64.242913649582 99.3859447976336 758.1729654596278 2978.0830552405946
66.14609521011785 82.54697560870986 3184.5527550763136 2039.6987491029263
84.48592802365556 105.96692457464057 3310.747369596068 1985.8974574482231
85.55023935261111 117.18142948892232 2807.2079785398373 1836.3144200506913
99.88165305978258 89.29701946119432 3396.455731665713 7972.532609829429
105.16966494200227 91.20387814867729 3497.242662972533 1843.1877625792272
102.85449820355777 81.97858221444379 2163.4880284136857 4408.7277382558
98.78244702073616 71.37645977736689 3552.2928674709633 3423.340116613099
102.55383551880007 100.50492186275757 732.0802497653483 1653.1386163289728
67.58054589900546 99.74975086692316 2819.59818623817 1217.6764655378167
67.68791150936012 84.01737318090417 605.6283881724396 5735.997725623964
75.31844523247247 67.24042738332764 2172.774964864944 5253.896806115376
113.42371317486737 67.40727815947162 2506.6612811430714 2951.1028624775627
71.39031821586099 104.78701462104029 2618.660269133621 2304.2898267500655
91.6076957092732 119.37203823351595 1313.5345142549875 1527.7214495254777
92.8250734716031 75.4509512875891 3008.826405565701 2624.2639110089144
108.10395174743802 107.43217105600534 947.1369760761604 3757.1473962574414
118.13801111685889 81.39069949783688 3445.353416690873 6055.181550886736
82.93116566543043 61.36180541710921 779.5920770352002 6385.736169045643
113.60186977256564 107.9708412757521 3339.367285302744 1819.8252778256974
109.77076173319338 107.93558992076406 635.5871560436336 3081.118887082013
87.43625093550051 90.49301481118302 838.8245933300886 1882.647351253929
87.21876862186389 91.81684116675633 3545.579202252817 1939.017077445922
109.79549404238998 93.9107980188439 2430.3493351747734 2141.9992573958134
62.42168466664157 79.89204931091759 1164.0199758288647 6117.074131010114
102.30559200687803 119.88946382416627 984.5660875424477 3863.6063433914396
61.873431676692434 65.77454028427032 2897.0952802717034 7061.868989368587
68.19485756853076 95.95034403811651 118.37422043120611 5502.915137687035
63.334230637285316 79.86338723431805 2762.860890305805 4532.330316566929
77.27275554138231 85.33867758121534 2149.416782583156 7749.195912737372
98.5736525555885 100.13924828181787 2766.571619293098 5785.36419580033
88.33355263910157 84.375030600404 2372.837879140379 4789.899724495298
77.4321647353694 62.746462651540234 33.239381237036156 6575.1811323531565
99.69436075551046 117.34528882830077 2240.2694932369564 6018.832824672309
107.61889811265476 86.41156086017475 2610.6417964114935 5910.625183177834
71.69085499726629 82.04632572280494 2368.250647976649 5498.957480883461
115.70659555289735 68.40823955952551 1413.4184757429741 3726.9045274071586
78.14549679614477 65.55572592442212 2957.558703982761 3555.4370709621703
61.18883359263936 61.318592689127016 850.0606464563831 5453.231775851607
84.75463130498746 67.00498172029972 748.1034837929499 3390.9151245913527
62.02409947385597 68.33146196681538 1899.945220492522 2782.76267491796
100.12333742653594 117.64898841141807 459.23026191006255 3784.449400918647
96.7390045317278 95.45214027369568 1198.7715186785954 5972.4857948731415
84.33500580571602 69.75241369342936 1709.5500776377728 5517.263223260414
83.20405370332303 113.7506492983953 2003.1127602601066 1658.6997319095403
81.85298362822546 89.10186679789115 364.89578062149116 7766.248039861977
93.82253811220798 108.3482193679292 1768.4966718563035 6310.142241615529
91.65801741315232 98.60853201294942 2603.445459200161 6296.480703468004
93.8079607591255 86.15364808858965 2502.792164250386 5879.7460815531895
107.46135026335706 73.38094006858465 68.4430365395865 6075.803748583504
105.47738328324337 112.80364110794766 403.73804579804494 4984.2277800951015
66.60128933458063 69.95922594827577 396.551544302399 3826.5718998185134
81.17876023374424 110.38041747563616 545.8371521117994 5774.925205779789
62.44635841594673 64.20118680829273 462.2481797606864 6729.891096813821
79.55052756684695 108.89647975714412 1493.3793888962273 2383.2396888663047
61.58789056619861 114.04339194945439 1654.6704872319594 3757.8097201666096
104.3565726814456 108.05785548436903 198.51510434631638 7547.415384109226
103.50192463568777 67.86150643661323 1530.1454181901322 1280.3136534625055
104.59663471836511 76.67331867909162 2514.4931009749434 1187.701274289539
63.93743015477192 74.20774305346491 2964.7936732120597 1258.5236658863157
91.7791975750486 65.37597668979491 1477.5830076509708 4651.288227091217
73.86459149171489 81.47872396440489 1556.1953672749898 3073.3878606064545
76.06413107624704 90.09318823421602 180.7679444306153 7793.105337873723
96.28084716092789 64.10851341431254 2030.1231924120602 3548.215236746843
89.88690961776796 94.09999040573243 2942.7936865548904 5329.953065115325
71.5415812154805 105.02757729501951 2609.0224801613326 2304.3250527151895
105.16804869410436 113.60084116997112 515.8122138126575 4416.984449356382
66.59870006915463 117.86890753626578 3428.6587502236475 5869.949719098886
103.96308336434238 79.02690942461925 2135.0002953012895 6252.427733579305
91.13937287374107 113.8952005650413 1696.8284620532577 6036.728676584205
74.3075130333742 85.56835997410624 31.51283673765779 4653.381436199861
97.6823057768305 79.37898787799429 530.2742106282137 5762.590522289467
95.16676780509206 82.96059365615145 714.2809842688731 5500.9266532837855
94.16590349464788 112.58609388497231 485.95967949333374 7006.505263720894
113.40755211832675 61.76004202207347 1402.5261988554018 7189.849262133636
70.57083608345566 105.49165654851348 1355.9288020096935 5405.3587837512305
87.54826254330558 72.99245693148985 3576.498660562872 5193.400163876165
85.10372644833326 62.23055860760028 3318.7558623368654 6977.763984815008
118.60876484119147 71.14567734481487 1579.3850796480604 1589.4857207643856
82.3149325742949 104.63854958417855 1204.8985006377206 7425.914163822467
95.74006281436168 72.82460742803639 3389.433852089894 2724.1903427425173
98.59441083746923 99.96900225098223 2761.6525775879154 5785.529079205232
89.05518550898282 86.62070680635536 2954.2881829475277 4614.190390509666
97.23013693570407 79.45595202181688 2367.304996951105 2541.5169434843588
118.13407812167225 98.00795839968997 3008.1874253908854 6132.076270879834
117.37524307857441 74.53999862217705 686.0561159053833 5665.913486446129
111.22111037216669 99.94639536814064 2688.32458539508 4333.964023934989
69.90159651132451 68.58459491607222 1764.2297997962066 5365.304366115422
119.62529778722073 77.63079469404614 3062.7372727024385 6218.555423397315
89.22101031619002 75.91050844912971 916.7473084348344 1004.3178944705162
98.79248228406568 60.08024752902948 1025.2978492564457 3193.091689596678
74.86195528245761 83.49466105543615 569.8971695149603 3370.887741305389
78.92969317614408 76.87551518335559 1263.1409101917804 4478.511080901925
96.74719200235867 91.69988230742291 3082.7584966890245 4034.070686403326
105.9385748026215 98.61759052774532 1124.7644623536817 6417.4121918349365
94.34451481364839 97.61993871558657 2411.401174186487 6100.8227959862
67.38860076873323 60.60793515401907 1828.5121044236125 3976.169425003334
70.79668031811917 74.1156727193562 228.94977532506556 1936.3287247562253
100.88984598542993 97.99682494748718 887.7516263262874 7756.60127185129
79.35521937228008 92.18947797580093 309.1928218588122 7572.783024085086
109.61332696789871 60.65391503204726 1727.4548706356732 3006.0725771138036
103.95557805406561 93.93124909783542 1630.7563743751584 6315.719027201808
107.85032127414247 78.99714513186291 1548.5277130824911 1551.4592709811668
88.58884308324642 84.26265054442867 1579.8298064212386 5917.209161244058
83.85339707466582 117.09135041230095 920.7438303142935 4105.197893793782
115.20294850122586 65.20523170466831 853.0505900859071 5982.916449241031
61.0616724087224 84.9563059792949 3560.032719437062 7471.827118564255
117.82403729033392 114.16036701486685 224.23352144052015 3335.8694130662825
86.22923557858626 65.56125404002269 2884.411370408045 6722.163157228581
66.19270534817288 77.01591167428575 2798.950905557067 2743.5075884097328
69.79499846589161 119.22793807574551 3026.41933412235 1834.7181543884894
89.19394693275767 106.09679810498366 2766.4661039139933 5336.296489319472
67.01242540831072 116.50502481434654 1949.4146200856703 6344.3039770047735
72.46400562866546 67.92860777174972 883.2955211770031 1984.2970908229088
68.37777170583472 101.13918680441051 373.745515744773 7115.834433303933
104.06329571546148 63.95966856054867 584.862284061773 6085.3944310990455
101.58853095576966 113.43505300680462 2923.092656377867 3174.781329092915
85.95302627748627 118.6888943798895 3153.238765253065 7764.954789680452
73.54751094940869 111.82677825276969 2148.381107693231 7954.80991837782
84.11157912318666 76.79912868756529 855.7144687051227 6817.803265809184
98.82271485577499 81.02028243282558 3480.6722050692756 3492.8465659108915
108.70896280003939 64.18013171023432 836.9764957996075 4803.781643420437
84.44397976840652 112.43009613263337 2406.008938153756 3451.163263365332
76.15017307991799 108.82772374813807 2857.343179844991 6936.892638284365
104.62145751440599 91.38889071650495 451.44347089532226 4242.9997467886915
96.21864444793859 80.72165996453333 2441.6894797178957 5980.23485727702
86.31929785853649 93.10352761004569 605.6164592381699 7141.839756712167
112.90609347267268 86.63559993778341 1294.4994177702818 5252.260737606483
63.435646444606064 65.6157277129172 2263.982585736205 3443.8789784765845
92.40313382637956 106.8265939178983 1819.9836312993305 5358.694744690104
91.71484509087088 95.55187420716904 1163.9097091044864 3099.9247767381576
106.33956667430338 110.27175166512997 155.4228609553049 4350.136025651478
84.06245108833106 65.96681460779732 1939.2623170711722 6977.352979899015
108.22028190358824 117.28305274069434 2258.6687812205555 3093.0040529610133
90.95426346967899 85.05388795470152 1929.2659312134995 4495.437757985043
83.93469346090525 79.75707710108465 177.99620389617695 4998.720772686939
88.61954417589119 117.27008014998684 1596.3945593280916 1674.5217554961732
73.69222351514944 105.67067997956872 1278.6333053698586 3848.3223299260185
111.54868724408904 86.5049324483302 1351.451646883626 4853.643846053298
111.15157405265289 78.51509381416827 2130.6812985855986 2668.975424072539
89.89583558048952 82.76531675319603 3504.4150703463392 2543.8553314290916
95.6423670964418 99.49586591181605 3340.797004308044 1178.309636814444
83.86644273319698 108.62437473955715 3092.8912564600637 2940.5799176521846
115.84060246901227 80.92193096391553 3444.570063046759 4458.2607081012575
84.29270407784041 67.58456791253755 1037.6978940954502 7405.189473975382
85.40169050568316 110.27121999498257 1661.2032227058419 3375.819754007795
102.11764411742355 112.59050194032372 2021.4666247691575 5811.764650443569
98.26662212419566 108.67143770884576 778.0484326610009 1988.4478423769233
116.6253924797306 61.127183017542315 3130.7301969990335 6441.073083600649
61.61280206284137 69.23915288172333 2577.9252165762455 7340.7024530550925
65.12534142246757 96.05298553965316 1537.522989049318 2312.6751923467427
81.901215922956 88.85576651924845 375.75002074835515 7766.304915503795
110.48634499900746 103.25693517699499 3182.976579906252 5802.487406389549
66.4688633812442 105.26574177887402 3258.8482152072766 1570.0649946126628
66.35163407680643 63.12638261399923 2564.5187369539335 6772.669870702662
90.57824508822577 115.74775052657586 1740.822588409409 5541.3263776607555
79.28144879230923 66.55744558365097 1429.4068633848683 1782.968093896064
87.02074582215056 76.36847092312428 1390.5017608696005 4188.506679820394
84.09248194041754 106.5322625679212 1655.8643509125711 1667.469309570114
60.08688183463324 71.82021728101135 1967.2554305591889 7411.182105968235
70.87329510025621 68.60167401394017 1660.381743302171 6596.866286931741
100.46853804584583 63.732929750773145 86.25559896523383 6947.265302675404
104.40366166617468 92.13703354002138 1248.0849091628243 7742.734558999433
90.35647191178526 90.32584452829883 1263.1406696632478 3546.9615524754186
69.66602052502192 66.05830342621387 1832.4806446468135 1441.4954008385116
74.77860578683516 94.16106949538671 1963.660661913684 3518.2255675357046
90.44055134395327 64.91092159170118 7.404723628130588 1566.7591552647739
78.36137167354663 66.5321502787095 2531.475752063715 3847.7724159076806
72.12667727772947 114.5444476864963 3332.141705676588 5394.2355075197365
66.91384034366627 83.04168074274803 2377.776008741709 7501.696990713157
63.024775849248265 65.14791219554631 2651.37784545631 7070.87757280352
111.34554041051554 103.93471687597838 2205.675296262318 7123.788358978877
84.70832894135314 83.63796019277049 2959.899051616329 7882.61185197819
116.79621169713707 64.82996740977502 1462.2887619969513 6168.578881324653
98.22103553083785 108.51255553807898 787.3218042050477 1988.408471224793
78.48642601855518 102.1818161823102 1854.3325730569534 7935.827572687192
95.00430890881862 74.66115239327604 1433.5517410545467 3850.5988375675247
77.56301559517105 75.33282654288276 512.1485485211977 4070.8664533416472
85.0033166242047 113.95286943816025 2454.9309614877266 7122.456743091801
66.68275964763288 96.70481799441038 1553.637536418398 7838.303810881921
99.9421063425729 83.56148684044288 3127.816908666438 4980.096038898876
64.64776686140635 105.77178624865881 780.2765120023118 7834.546826641188
71.10881713230962 92.00793797246031 3112.3377820545006 7069.455595435483
79.35336595034869 102.08754707422997 24.685975062086673 2993.558298022473
81.50740035616843 68.73138125195082 462.91068420549243 2220.9128935580466
72.58351485796673 99.75978902115273 2446.099585222095 6972.73483984729
72.31197151249559 106.90012849819801 1222.2151415499843 3450.7690256164187
75.98449536890736 62.39130624071264 2283.3654779991803 1070.1941787387832
106.9987550972839 81.8734569388018 1483.0188080768573 1529.278154857365
85.04053447658629 61.942806728494396 197.21365509514342 3944.770426208142
98.51159820433566 115.45030645479542 1926.4573626818167 3066.531010837375
84.30646413642688 85.12233192656639 1267.5952691024124 1364.3764591561899
75.76958387072716 105.67595296378887 2035.5346478188305 1539.6006380783062
82.22037555987724 81.99481664486532 2087.8806788231404 6957.954967427588
73.70248656198878 112.81513787265223 2392.6198536159723 5502.88624566661
96.75660672136034 108.04961612127701 1182.0023305199995 6339.575092410473
99.17462449478123 80.57648389747712 386.43188481045183 1776.0396168403015
116.3053407418882 67.96837948885218 1831.1534362529815 6638.2028447226385
112.71388874594331 107.38342737449183 660.2554640517626 6824.8682522293
118.83433542382345 75.91765894986489 2912.433036384372 2686.9843413619906
79.66915749426938 92.43258163037379 2386.3986830268263 3579.090097299988
78.05762202365732 62.79193118552329 2159.3997644791903 6556.178846313892
94.6949204213546 67.01378776782985 470.95164883298304 3446.647906777012
94.34711375104644 119.87862829239558 2439.0062077934886 7010.141287205337
116.61858250268811 100.60332068360903 2272.516976216304 3491.465604926134
82.49790289510534 89.37573434438985 2287.603832115819 5811.93621119787
71.38401945967 92.5401307694106 451.88832566338226 3610.862642480247
98.9144645166099 117.62489538886376 666.3859442894259 4506.252135094982
83.01667481615635 76.85023058430811 902.3359821886974 1484.7877567914195
84.33010688035193 79.86632478539792 345.33399413826567 6018.053659266407
99.70714746319771 112.82684367383446 3.0542127778900667 1890.6214593812338
86.77087730376618 103.15499568015589 3200.14844933315 3184.5868641276306
114.18213407278024 66.56239716718187 2042.120886962039 5867.925319861085
93.1547656538544 100.72813148485368 934.9024950767481 4915.696273204857
85.86864034731066 106.56487543061006 268.0997751649526 2390.507931950713
62.70528636367955 72.73629498524461 1356.9228877131309 7129.145924418599
104.2216200333433 93.24853116499872 2.4516279982796356 2690.0250895948802
62.411015304126046 77.01249215192706 2083.2520972774955 3833.0830138399037
72.50798779983812 72.59152129663237 2777.6410235586245 7036.0001426523695
60.153861324568915 74.47831788464903 956.783016136467 5334.643487698531
118.11406575651357 74.06234097070904 2144.2212760839984 6732.5831318638375
108.32034273807443 104.7903968306374 2269.3205263951763 2251.0615248649515
99.77099058311781 113.01494797924265 1526.0588092240544 1611.7896165803843
110.25477724821313 103.17419104847912 1043.3727743747775 5093.782884765809
101.21769727679535 84.07315580234764 454.06118632575476 7262.424065283742
74.31682124002342 97.10895171410809 1523.9387774546155 3586.1772657286806
100.88291294086349 83.07729426050005 134.20411094859745 3512.869369950376
63.7164095946348 93.95398212801932 654.8973921969545 7709.668700884179
85.36879216166123 110.03175750461038 2191.2230681255824 7780.2178858586885
119.88749683481737 81.70056840046563 893.1098127163366 1160.826802016198
89.80198327589824 85.2817442197843 469.35710066121607 2478.364725833108
60.4411552692105 65.18931639146601 2083.3153046356756 3659.4375389161955
85.46975754523086 79.83220915402734 2006.6884078075268 2515.6884659383304
84.5007361569112 91.89467541116831 656.4407229057656 5195.443965476027
73.76807981431168 106.9042611020654 858.314774709161 2181.9879906569918
73.87928176226006 92.24476192576769 820.3607453940513 2703.3996480249416
71.09432466776894 112.48177467531568 1009.048104265252 2292.844212896111
96.27621321547969 80.3634642140488 803.9637898097293 1002.4496009623571
87.59985964974229 108.58946248164752 2588.2973985572053 5253.521328041739
77.39276374097302 82.69887392259403 912.3381566886534 4349.1818561419595
85.6651347280149 89.10696861409657 2608.171291643937 6378.843997511497
67.95492913232081 80.97423371545115 567.1359283228317 2998.5853646239143
99.98425059967896 65.41427749472943 1054.642861472827 1860.1142087907758
103.01859132440148 114.88963039775506 434.86493427180307 5730.533754365641
64.47826887844337 108.68812814545856 2313.1343307385605 5738.424548405034
102.80833130146931 83.43576662765336 734.9334228826357 3561.1493304964924
60.92389531058977 106.48635912772605 3219.0194000420242 6912.459498655349
119.65570395457027 95.6100710133089 1664.1318769171544 5814.506265494794
103.83672201190117 63.925373099691704 3398.975018168056 1698.1797225937269
110.64966609441495 71.82827054063421 354.6401448798891 7258.532378079841
117.81090140629917 96.09047107651605 3102.8773596184137 4274.386874933366
92.99645381572356 63.414624814007595 449.6226731530679 6527.414903140601
88.84238036108938 84.58609874317668 3082.0362752287924 7118.176432548969
76.43862380324789 68.63166946610983 965.7835396450042 2354.1703069343616
115.02533294510945 82.85218309305885 3596.5787290249596 7242.580767337579
71.22328316356152 69.09094819864369 3346.405024371747 7829.827198883605
83.26444187009439 116.60995775548895 3596.041961984812 5802.356113076588
79.73443685359366 110.17539527305428 955.3388051573439 1772.6732670340039
74.84838531640135 103.11896146314128 1170.0554430665181 6222.388930510047
114.11642333663515 100.18248875255192 1195.2885843058682 1552.8608299402265
109.08634829599023 66.48019375169207 1744.437832961103 5631.9576675701255
87.73489405529749 118.90322573857513 887.3895104130429 3562.8349402574922
96.28661543486179 119.9086388468662 2844.4682226718032 4468.959697758912
69.47331011537904 99.53638223465654 791.9772702124413 4022.892506363203
75.76502678229791 77.66708927605801 2257.149987087654 7192.305305172722
113.90220629018931 103.2712262922264 2287.1644141214347 1736.5066556561433
105.35440162710691 93.04945538892474 791.0307792097468 7057.072542378875
92.69796355155262 65.04091628456231 425.6940140333736 1081.8620611721576
103.21052425318784 93.86909711233108 2110.156703954974 3751.263694259554
100.45606778046823 70.13450857947637 1800.5684128042517 5640.504234925107
114.65138913982611 71.27174479895285 3097.5326460744873 6515.8889008841825
103.76441188591451 79.5754109341929 2543.169005349156 6878.959116873328
104.95028395058074 117.33780181809965 130.8822563692409 2922.490704648268
66.7077373599255 95.3513543417217 229.04913073296305 7440.04286384485
110.20873957556549 88.3400499106673 2818.2030544639656 4374.462319030228
72.25820133187445 116.5488193778186 2486.3112707541945 7256.2402189775385
64.9256501847628 117.86271644180961 326.9217965200814 3785.607295653161
99.88831153232177 117.14190280339366 1001.8152265284945 6697.853639944327
68.79912399482505 110.89990319138177 1923.32354219252 3476.5447061793484
88.26373645245683 106.77207500681223 2649.9220692315853 5677.122954920811
63.44030823545713 113.00167108296912 3130.49240958097 3690.0863632071014
105.38018202012553 109.7919121020964 2060.7011223722734 4258.023608240544
119.3064120849599 92.34261811655483 1315.8869925501942 4620.508938229204
74.28625849053729 119.95643965929021 914.1631995884 4049.948547325898
64.06891970013339 74.2889084011494 2970.3879488051634 1258.4773455246582
72.73652346947016 69.44218152055366 636.7005100099221 6078.250084814345
60.05461637452246 74.4812706675889 954.9834556364033 5334.594582262653
82.08144150944521 116.69507659946207 3103.487523375426 6353.677049854664
94.2257351670061 65.80973544596986 2113.8202790360137 2202.3195667477858
106.24535909786687 62.356009035793335 2339.702573051284 6075.717223343267
76.09681426512384 62.45525292940118 2285.2284935419834 1070.1162399641644
104.9459763176616 88.38551824721647 1112.153907790761 6425.129001855034
110.73307071249361 105.7660218515501 2107.947070479439 7155.1656714746805
77.86883709878087 80.68407413884627 3495.9571455967152 1358.4306193051973
92.82272858290196 92.04834928443516 2519.75584169893 5302.76299298373
82.92255619108181 103.19489619929148 1281.15383191061 5163.077948642417
85.53999994015227 117.24235544474672 2805.446983243779 1836.261214674265
70.90331210757908 104.42924635210328 2329.3502274911048 2172.606772352077
103.2756677951227 85.91249450641291 1694.7649662579179 5056.179866775266
114.66988973746139 83.25218509722276 924.0359741450527 7654.463738493854
78.88107812325602 107.03547655433012 193.00892473568396 6916.881904332629
69.78972229264996 84.46102097959391 1316.6981019252812 5844.371418111003
109.98588726894621 66.92323832516303 1734.315100882421 4898.530764240488
102.98015264227357 111.42331212141517 1000.439752653514 6469.6659525153145
113.22834131476417 106.75945269320323 3443.909784154147 3919.740406581911
81.65355140709764 105.42479728599822 1519.7423064355557 2761.738621027738
90.46271887228725 116.26488341177236 61.12656845301879 7253.317159156813
90.16636628455275 62.770176839882446 2827.3413471922236 6908.74833957456
114.19968163620875 102.38175311000005 1051.5539374620398 7208.75891567588
119.73767468768419 95.28803245935019 1462.3559427799676 2824.600140884776
85.36173018435878 66.38145425599858 898.4555258132328 7673.124402325891
64.6531850820745 118.77310896382419 901.0504802620511 1351.1371953930382
81.77754878008764 61.73587040830267 2062.809400148082 7742.826122821461
118.5629559152091 79.29001034008257 753.7904826082174 2392.6052701588847
112.67330388299082 71.71623893111355 2906.25182087361 7546.288393371391
88.1368959083532 118.346145463018 583.0146063664437 5605.291251732137
115.41777406453602 117.52470847975115 1166.937302474948 5837.840884579562
70.85587189086816 72.49615819079071 1603.609633211815 5617.948577229186
96.82748708204879 96.27422868329658 946.5951104428744 2569.6226004289183
116.59801766650878 98.66886855440339 3416.495349520364 6833.887169224285
66.13766655574068 69.77609909076764 3221.200990412987 5363.635987888321
69.93970606886447 110.03824084538199 3374.5749093530053 5840.132625588339
101.17421990875053 79.05696248793106 2992.420957731764 3901.3566876157447
110.37900906935869 99.83994031851414 908.9804194761509 4369.975557657594
109.45360610529805 69.43514707972182 677.8967052803256 5377.6137192143615
112.84984521269445 108.90034209287192 3053.5897987600365 3584.1242866387424
86.31936930212059 74.02834678755005 62.561334215383155 5653.87921346233
60.27346969889512 70.50863551221246 707.9546173961492 1789.3835585455736
65.5924994426134 86.99946024003556 1932.5514021857828 5084.189421396266
93.40575571862676 101.82400706427646 3568.846432268153 1976.7579204348954
113.30946846271104 74.26785119691837 503.6119662297731 7977.4120291541
74.74660711613993 70.62300404671997 3116.3904285916733 6121.789432633239
87.18385597059348 104.73578731702509 1483.2542349891326 4568.066568819636
76.02786202980818 102.16761616202521 2422.6694731471143 3621.7499292996145
65.03294642012344 91.4492689559552 2554.8885465816634 1735.9260145309029
108.57402157855651 111.46225343969584 2701.772862385919 7068.499525750221
90.49266400503745 80.59210572817021 1104.0524124460617 4772.724880341513
69.28190890148629 112.33461868768617 1082.123109036081 6494.11778532052
65.37446076970193 67.86620805589787 686.0258102514294 1816.6794183791408
63.49640669920702 65.28025557286833 2569.689434022773 5225.187771130182
114.56686572223957 92.08222103795131 3580.2732967729826 1606.1924906737927
95.11256363187019 77.21987877022781 654.3214779047896 1058.0310638617211
59.944021185757386 89.54980402086493 3489.3429933100224 7152.163146150308
101.0616084548897 99.6977659658774 3450.1983389829848 7177.763579919808
99.54871195909915 113.14013838550082 1524.96691493097 1611.7141523151186
107.8092503916498 65.23549487680562 1178.6199901060743 7724.590870345781
109.27812679471434 62.466404260829165 1575.5330621865648 1893.5911156242867
85.03383345996197 100.66417448917318 2879.492803707857 6623.545527537817
85.88283620059259 68.9034830480375 1191.264741214064 3290.4053006081094
111.63324678283162 96.58409510904109 3179.6801298431924 2896.1295228042663
74.57534452928671 86.33989605449975 1341.0827979203314 1787.1523329775223
74.56678914047036 64.11440969088915 3562.8543379275134 4014.729452377296
92.76951446559514 87.80308646105 529.6675865596617 6645.22871179507
67.54311995455421 71.06423209743542 732.522870335973 4266.7740242900145
67.91609683563148 79.06219297110272 653.5689480946442 1249.5165605480806
65.25594702132155 81.11388579417627 284.8219920558393 5351.402439385716
84.80646041085346 77.67548255892994 3236.4876412921167 7704.120489137079
93.0605022953257 100.11777727629698 3082.065442446486 5172.361371456456
108.60561067525637 108.5045698011012 3038.6603458886843 7750.416676941881
101.28613127417343 112.95207933696699 1660.6773501162693 4872.809962232263
109.46352594088117 108.16420382889694 2835.8390637183097 4688.453849453179
99.44138037759218 74.65397804030316 44.148754132027484 1451.2769320417494
96.49278727314467 96.56164112338996 3363.204452876937 7884.589038280015
101.65375273193976 88.16054773954326 2054.696389665568 6913.026038715618
87.02487521809724 75.39353471481903 2702.406369939768 4940.242463517603
114.57056584724039 71.30863927215735 3092.2348705687173 6515.909455750341
79.45008390099372 93.3393123344045 692.6530839410783 2717.8720631681504
73.97223397639497 118.15873407911212 1911.0607564215072 6628.260211655518
95.79294101084685 107.14296663344146 521.0063440661469 3083.5669267905046
94.79301528987115 76.7103642155594 3215.927650069935 7791.944543954474
75.39686960102776 103.60728397604869 2552.5354031194274 6755.667023045013
103.60620263812191 68.398718868467 123.9097479733634 1731.9839486414135
79.85566060781156 118.70518402057054 3473.2061288718264 4335.37347646774
89.87918460900664 98.84656167017376 1427.0301524773513 2663.0067390214
107.1566848457213 107.47219229660189 2696.7651034191854 4650.49067379947
64.71671564814481 95.89632898628014 2923.1545119327843 3299.0834539436364
85.42654755160295 79.41066061715823 841.6889522272135 6531.453033804026
99.52306849244289 83.19208711748193 935.434504069565 1572.3772847857572
96.45505091323746 64.13633053419474 1150.6598764599405 1331.8852818228338
99.69126193577429 83.42371142172505 840.2366593068444 6485.95260935568
60.878755576584275 105.4743830117109 1465.3411111315065 5066.217220171877
62.65919746813716 62.64907229552671 1345.2229763004736 6478.216685649335
107.93522323167063 119.79960187531059 1132.031820498531 3208.1268452693803
98.79485686434514 97.26711046277616 2770.925892146532 2480.918975222055
104.15670927734908 99.57227756293808 1754.2010515688767 2187.471745911766
66.93925747589536 78.2571110846938 1235.2027856829322 4777.047141513193
104.61590939519502 105.5339894928656 1283.9681729339345 7082.2438004779215
73.49808579866912 69.7516294350009 719.1081400101425 6592.868175446541
108.43532117684434 96.96904144713716 53.83154035540752 6175.770991595415
114.584639973611 88.85080920522846 2576.984817797923 5223.6705427317
117.54519686386246 91.08118496466649 2670.2540808995614 1360.7078977061724
73.10402821716325 99.95887310802712 2139.8792937877147 6111.593848313274
68.07633865106237 90.73794820795447 993.5181608443153 4489.726308138264
107.42203233535237 101.72244448924383 3355.5003403980504 3539.9079857808642
107.3235589707586 86.67030925091213 3510.481495945597 6488.86312702991
77.85590814564034 82.22155938125269 1622.9620040442621 7081.568192701512
72.46767344159716 107.38976965653319 2201.5316040314788 7089.319624074266
70.32428343712165 84.62722055358411 3354.7854418814245 2787.493641850304
82.28749026434552 83.63852822954891 369.5899607165572 5456.824855196784
90.88688968320034 74.42493608253392 2474.6260873788415 4158.515369235686
70.38559926909828 67.24265582114592 410.35778469402106 6740.192210713191
118.18469650960257 85.3373066995142 1110.4432779531485 5277.726448327128
67.55822502147188 99.64431210467893 2827.214474490029 1217.3582242073624
111.3953080690814 112.86233892001084 3273.0630716684936 3711.3591830947635
92.89333773907376 115.9351321033219 1650.850691907624 5059.950305604844
82.40882191923805 79.60411876628343 1611.839910601943 1533.0579498589545
82.09503008539362 110.05197577885787 1712.2154189101352 5402.290743448079
107.60576613039817 119.16143002324591 824.4090622386824 5717.024076849068
119.19244315438938 92.32796423172417 1312.9900331013744 4620.651131504733
75.7052554886831 118.84735843730058 1786.6995592578664 3234.17872169123
64.39126366869601 96.2766035720837 3407.229064933219 4320.823196612862
107.64281854546452 89.81706815692097 2814.803231540854 3074.9683394271046
87.01139130348287 71.11386351067291 2608.0051981923216 3916.728568927218
61.730609809745 63.79232794537076 98.83547922422689 5249.542748784124
79.64364816875396 107.69607302941338 2430.7491406242266 3705.7098698923155
112.81145250608473 66.12458266638245 1904.387302452135 3506.228146200953
70.89093375579644 116.6678995954335 2845.936123454402 4544.657648041616
76.03054417275862 69.22883245651721 2317.48706744 5530.839363396551
99.66346996252332 100.80059450015501 2665.119824272333 3851.3052596266716
87.72859840634469 118.73106295132627 879.0320957313938 3562.6076824639417
88.05620064887894 111.30924041580904 3097.547590050757 2254.7853448208116
98.02606443711744 107.26136859815277 1053.953242776513 4522.320935162249
114.715454673276 106.19823360199408 363.0838151789684 6303.398458108227
94.67902798741413 99.80366181991472 1537.1479704586775 3949.2067005028975
117.44393859057512 72.9659283828398 553.4922552985673 7808.465922117361
67.08818522788248 79.7038650098097 2365.996217753972 4182.185968499058
65.6728706437059 84.1124082398873 2766.953208477954 7424.076728589518
83.04702618634467 113.28357432367804 2807.151786832459 1863.3402356934305
107.68273241037062 98.03656168174152 3483.781413213665 3830.1417344097754
116.40090255550358 91.4914739464888 1573.4546863275248 2658.788771824445
65.949139225716 81.21763666688219 990.9480918388591 7976.745930038421
66.96185633354628 111.76005363776764 1596.4922883460697 5222.048846377686
60.79086376253186 78.25102670343159 165.983738434845 1278.314106297516
81.82440527207316 88.73496832572222 370.3231453289313 7766.255835154323
112.05629615344763 104.15899692760017 417.2415339221127 6680.782985897205
78.9512274233753 71.31270809957897 1762.7690682027498 7428.372479523049
59.96883073059889 106.13726618689013 3316.8710843279196 4638.012632049566
101.24313289089689 114.97362174983446 2857.732306099262 5915.33650128982
112.86710410573859 78.8651172901191 2705.998043367398 3936.8636341084666
93.8926302915893 94.76417199000703 292.23936320460183 6373.513773851613
94.82584185168189 77.4220518533862 2567.0167675399025 7222.364041812035
95.78848879957381 83.59262773252338 1886.812164939811 1518.076981292007
76.14412703573231 86.93160285968722 3315.31153741958 6894.908759554506
83.25828681509134 78.08592792758701 2483.698504739043 3191.9347688607904
71.8119526054693 96.27547593679233 2306.955298874484 3185.727389410486
76.85604720571372 93.23721562056616 2176.5554856845256 2119.6712892719365
119.95586523382659 72.18586382260132 3234.820464007866 6637.183064121161
102.11993559128275 78.17877140556106 769.3385626852358 5759.1150533982045
117.7031218752598 85.06625944559772 1166.3973830928212 7173.494096066643
61.477070715831 106.5687171778972 3381.773133487988 5117.634714585048
113.4739749404158 69.98634728007114 2920.3887390492596 7305.090783363325
68.68209198685284 85.47762943079465 334.1083505107341 6012.684877054919
70.30060985331792 107.605479505947 1084.2086076194664 2184.5509137725244
79.43788549381766 92.50496883394425 2388.8443986958973 3578.9902055703924
79.14927433158087 115.16641068659005 1780.182944257898 4302.91015830066
76.21301566607875 110.84558704834636 1100.61555511663 5225.118076560049
115.8528993306823 111.31628251624976 808.5861854090333 6156.199123134215
95.47951723816924 105.65718660869324 1210.6833880988631 6134.174441811659
92.3134943512735 88.14315408774534 1065.563171934195 7728.7421527424185
112.99785413577766 64.57848357765005 8.576833404322327 5712.046432364281
74.32301352746045 87.71983144651634 2642.5958122851816 7924.878677007273
105.84667828061457 71.32668648285072 1195.953243416463 1450.972723547029
82.55916675638144 118.81588914165512 3173.664763284057 2952.632967786522
97.81596138824654 110.75500233903969 2096.910840799009 7804.778638652502
92.09141522822743 107.9562726380023 789.1752819759864 5092.3977604000165
60.781202317488194 112.24620388713049 664.0653187373608 5710.643125800806
95.59024176920002 91.83272695325012 2827.6530216776314 5384.854797272488
110.08948885912004 98.45922434780684 1184.5695469964755 5412.065216410033
103.71599705452422 115.1926085448506 2311.766285170258 5679.473740677553
77.15197633059141 91.15908189908517 3115.684853485387 2238.658902322554
69.39231724199298 76.50673464052561 3394.342738289483 6128.855284812335
103.87937733071021 84.28521413251549 3016.8733263936256 3774.3739138863757
104.68317931106898 62.34391758178061 1968.7810178956686 7154.641233404392
63.12750893362811 75.45680576924589 2565.676414923545 7958.106574776135
97.93283726553881 79.46220889380764 521.638016165017 5762.60280633355
67.57744426413437 117.18221337704325 1183.8004088967277 6356.442070623311
88.24210880894726 77.58612439244524 1214.395503824019 2460.2587407540677
91.32772825798182 94.72457107546333 3315.882907667251 5529.278984673369
62.392079367286314 116.11604384448727 2286.8689615620283 7869.826358756321
109.80311189357377 100.42921345962571 1501.3940290415735 7729.584745620464
105.13634041493538 73.4458966152887 3180.526977157378 3510.8681479687884
80.00726125692343 73.6175161221342 1845.892024005844 1763.3733071451202
88.86236981952611 94.03799028508105 991.9880819285994 7207.878902103534
76.62799803722287 116.725867104295 3171.967981063954 4876.811716933073
82.167903537844 110.24467417904873 1721.3605175890866 5402.165126628798
71.41047894624654 68.63495759260533 3072.542812568929 5997.014408798762
116.63888053046547 66.44852136992014 3471.5578976438524 4215.633344973946
80.6991449915046 101.21150346849971 822.6282865153481 6182.8034140320415
73.36534761240607 115.81612602520472 1800.5034762663922 5076.634584621216
96.9473225996469 92.33752984780092 3354.9846301463276 6819.151353963128
90.44168119682668 67.94726893759446 1757.1586650451366 7419.632934767958
98.41007147184688 63.838666256127425 90.67360721991048 3341.4689476401136
63.689271568467746 97.70751686278575 237.50892169390542 2330.5825102467425
98.7835999817697 65.02408770289736 3341.566296002933 1724.7490548999544
68.17095314286729 117.83236638098305 481.32776718003794 2813.775457234482
108.35468983729531 68.6889936686424 1982.232144237407 4569.371624300912
64.15246678844763 103.69736873271313 2305.63761177258 3920.766110529389
61.56914757489742 64.39508326614776 1285.4080258455515 6879.15204347724
87.2840882293185 74.1524913312046 2268.9977152502756 2404.7932556504816
60.55555502048597 108.5136330671117 3320.0557504539174 3059.7924063036444
108.43763514865265 83.9564700036855 1812.1302339002652 6522.972069900953
60.56103186743614 99.45742105688888 1568.2046911897248 6277.011138060956
77.83505813007422 94.59312302958439 637.5097550983792 1760.977009451303
74.57493813882735 80.99390810529681 893.6607328030329 6881.501827256228
75.0767161667762 84.56834468837746 2825.093913542327 7659.472379900991
111.13142214768307 99.0645527143462 3266.2896311087407 1379.209673973849
96.17719420502395 77.71935429927456 3297.542711881561 1490.2615028819037
60.88577927319995 65.91087975104794 914.4124722209249 1226.1155151085923
106.0754061786767 60.937448934827245 1452.499740913123 2276.260989543647
72.55759922126946 100.0294214129675 2487.100038667084 6972.75150139861
109.38479561939415 67.90338960318 2982.037459010076 1876.2299127780493
89.52389134496288 107.0137580345298 1573.9095682138293 1990.8089380388003
103.81074902941997 110.1874634287776 3194.088041728208 5048.807286023414
98.8225106980457 82.2807063390951 987.3496449267783 4633.435530954562
69.78905047826072 101.2094206047722 2779.6923385695236 3495.260193138081
75.96722818522768 60.42778772774545 3406.016638432782 3277.9876935238913
111.1847252043743 80.20448660374497 1566.0070140054056 7373.998874554505
86.94745536482363 99.06354747472271 3329.255336046749 4710.367164298275
61.15081305549572 111.59589091198686 1598.9701197940203 7967.5335791744465
63.75989459796948 116.44412068423546 1188.585920583329 6841.470301067308
108.76375728682216 113.47470000480936 2091.100224751386 6628.1054146430315
67.86256441617101 63.067954550277655 1906.3959643909252 2593.0444050560905
64.07091722205081 81.4893062765548 1422.569445687686 6855.62216746463
93.02151033129067 73.07901004199856 395.80540411580756 4209.051196191685
73.50455186630383 112.95909099299773 3317.9678420968035 7516.530319531327
80.90137847258171 64.0090694496102 2944.9492015187125 4781.525375918553
118.32656848058664 104.96598260317126 1817.3775604608302 2145.286808619916
109.66382893413844 116.78962070890636 959.8307021487354 5135.48772445201
96.87848488527347 70.04847285569139 2420.940308570413 1013.2429281776048
107.42392116908687 101.29130551000686 2717.4579732943603 6815.052781914367
88.09036760956056 60.85582282055676 3024.6556489552595 6547.5157498468
67.89310457631082 93.80445425432758 425.00566636748914 1101.540394632711
109.00126154830883 86.80664322205187 3198.306435313872 7787.456777776413
83.88893313813634 61.09897078625645 209.0400240262403 3097.2393794033933
109.9435789208321 100.96276003426792 2229.6776603595918 3491.2562606947736
72.20929112174967 83.29252028663299 3226.5413280087696 5593.529520570492
78.38816726647036 100.7369040061633 2005.1230514846393 5412.255928747345
93.1650743471997 118.12336609350322 3319.22385859136 7344.004399041894
64.66639573281016 105.73855267505529 776.3751188863183 7834.459181717287
79.34587328336468 67.82814423012911 1701.4051820269497 4455.498080818114
81.05364991609487 88.36912337327809 1855.2773559036784 5112.451679032279
117.7794108709559 90.02806888014025 1021.1703103927343 6686.784808956569
117.87839334293338 118.83862687682006 1302.5851762707894 6145.487221049184
66.55653800786202 87.25257726411728 949.4704056427462 6208.822071755457
96.18880584376201 100.57510272301656 3102.384260584853 6959.763782053309
77.98236986959334 93.26246590755859 3420.843057365575 2971.809802321319
67.96371747628775 94.55344401666554 2733.565325080525 1023.9342317014232
66.55759608766296 112.77024381961186 150.45972841990448 1303.107859001121
84.1876512657349 106.54004614664555 1670.6820228412823 1667.4514664638573
116.81931422219245 112.00278589693924 483.97163714503296 4067.8965736248106
106.07474119405546 101.39329194670277 2695.6128224948793 6599.938843533021
63.097942314256564 71.4284378922955 1914.5351108648674 3619.6107724090766
112.50739923471056 73.94461485843091 1625.7913294417613 2990.2933671591554
92.60549113810995 78.48571329933527 403.495199947849 1322.749767222029
104.53310349370898 113.78091915402995 3405.0305740622516 2368.000008449697
74.01982389410928 114.77386166983901 925.2326750969489 1455.9197417889368
86.3479291307028 60.1199945314376 450.8411240016266 5466.3296481955595
85.44727396671426 78.07125821921828 1038.9444311455907 2549.1906641568085
62.19441294114962 97.05512001913957 124.14504427679961 4228.997850405578
61.198497641985846 85.00098141292273 3566.680940717351 7471.412332958427
66.55862928272407 60.76542729432091 307.0796968197832 2645.794246174968
104.33958797107121 63.479121843946906 934.0446678123623 6683.533030047044
73.56387580246569 79.2496194367232 2224.8039456503434 1673.6906797188944
81.96273711353827 62.69856469913691 2653.173871279391 5080.393440929393
82.22392601175966 104.6231900243925 1208.9247689321783 7425.988934092898
87.06883396918558 75.20529500244086 2695.172735010448 4940.342368728717
89.59927075561586 97.48457281364816 1608.5700052946934 7465.673114734328
83.43608900878371 97.697706193148 469.1204658972731 4771.2025851327135
81.68409438852447 108.53954695832675 3591.9870667711934 1360.7710395394174
95.10775602036715 97.70592729442888 1371.2652786431909 5265.683073915747
105.58401861618037 63.330386269135246 1610.9101723576944 6852.705648327782
63.51055219625628 70.218209447968 2967.412794664615 2002.1805678675878
96.16004388419238 119.99090951538479 887.31039600172 2663.347164541765
98.87277084137105 85.81946204918953 1361.8937441336752 4236.045028678476
63.196522830292075 100.63174903072644 2735.8840305092626 4877.038236841485
74.80882496143481 93.44015877690642 722.0064561177551 3874.0755748231522
91.12025480359316 119.7236566344522 1258.9098186251235 3797.885067524504
102.75348902299643 64.16277907456498 1205.030383194438 5161.049019733153
87.74752609225436 98.62299332683101 2219.394640052825 6562.935405460089
64.02847482273097 76.92953111322682 2002.66149300788 3937.103544721155
113.68999943378131 61.7630393524579 897.1789132619526 3639.0138064905495
70.23566445532954 68.96472146547897 224.71480023674025 2055.1236713136645
95.00334270934346 61.20749549982046 923.957066760449 2459.587863864322
90.95924312513107 60.474790823548126 2173.3863288316775 2239.3744197828073
90.7880079698338 107.12620872135663 442.7024776646922 1835.7232807508399
118.15809086064834 84.38781149265469 1213.9108744860196 6261.863414072417
84.88100469012505 61.55269684705983 2401.497844506498 4297.473001374931
103.67251015779344 101.34515881950769 1558.009671646027 6601.199367859703
67.381791845788 112.46803915229194 2659.1033116257 2064.6640251753115
74.26874159348205 93.16520725851707 1307.937327111531 4498.99248534686
116.47950129794224 74.14794224292717 89.00344848059112 6209.8829192989315
93.59872325606096 109.74129157056544 1864.70913329136 1534.8973728682538
105.21169507229239 74.6273695520401 722.2756673360877 7102.323173810093
91.2582631349322 79.0849424264661 1592.5634619686414 2414.5500693370745
89.46764965512493 78.52011214843539 23.471668401550517 6122.428320355141
64.54095766182314 75.98536445364606 2768.534942408546 3403.5462696799245
112.2731157941568 90.16308740683135 491.40955679488627 5959.432654794575
85.31686278956727 65.572167385047 665.8748093225558 5840.861955370847
101.66827799170593 113.35899677958386 2929.7525808952864 3174.5998721889787
119.15851050505209 80.79401674396273 3147.813405688625 6787.049582747663
107.54331639813603 105.66552545280551 1169.6690968449066 6414.9846978306705
63.405900834630025 107.10180529461839 1304.5868863410242 4607.68804292039
99.05115290681258 102.80266962827383 3390.546931513222 6218.5741636983375
87.65956266880188 72.4881477983485 3519.384034799305 7662.478271131736
110.25545225334541 93.01524702390529 1947.5548431024974 5070.948116508994
91.69939744544943 98.41393209399386 3511.1555741442935 3514.370150124395
62.384997874758945 114.41769051735068 1999.891798865757 3904.177644339231
74.73501338448872 75.1956425396146 1449.5707438548873 3736.850862829877
105.7275503925609 86.65041652282676 2915.0597510929833 2956.289342006403
118.45102605014446 81.77361815330816 1996.4902530329066 1387.891152838859
118.63924196217714 66.36244473920392 833.3402833483353 3509.5081612725435
72.88418940914752 97.58584856247394 3074.196034377364 3050.648963337966
96.09142228336579 119.35381645233666 2698.4802583823607 3493.074871620905
69.83625014372055 78.13846434041147 812.9699058186105 1218.0669193737504
82.83629420962805 96.54220814908874 1585.8471282191438 2867.19354574015
66.33774824924427 100.81565151117357 1541.7716120711107 2628.5642015405633
76.14910569936677 61.23259746860244 1881.882575918075 2966.5780145150325
98.82698985107334 85.71843178408875 1353.8340961086446 4236.054110151211
98.42732436819468 67.98417052794154 518.5955492437529 6131.452170879765
108.62070701770162 64.23622937476732 885.4705398809319 4803.621367158343
66.932793234219 79.08594735935985 3293.9708029823782 4039.0334195329256
99.8145981846457 64.47606713490757 1800.4904524564733 1866.6778949978907
103.73347995056156 113.1114501286276 1330.2908596270581 2754.6757005579307
111.05948150729164 66.85596498954678 1266.9544148409702 4467.8240395629755
77.71069913136306 78.71305958998985 460.7388880604207 2052.5207371906026
112.32206690219923 76.24911180099451 2453.1470871749375 2112.2290372453326
119.17716614353346 66.45819619801303 266.91559535673247 7918.418732168835
75.05177686805165 94.37007427755907 2038.7938296144537 7464.4052241563095
109.95996436004383 89.4695367687509 1842.9729918171895 3234.2409825549944
100.81980557370848 116.69144929676268 3592.7260080015003 3016.08097919093
108.85024814862314 88.78570959995535 1089.138730872168 4320.270050411606
78.47164698341156 79.07114850316799 1756.412098409999 4166.443538822746
76.9632439018095 91.78078128778053 2762.9884469994627 5086.270364130709
83.96877621901052 76.75818298226547 496.2265094243749 7518.994753217319
114.9685032700295 94.75567992472419 1845.4083959261093 4273.798785332664
61.69824066824233 75.25910190662229 89.13099096837242 6724.453738393817
70.30094969727604 60.612101373979975 374.8213907999035 7500.784614847526
107.82854373075723 106.4753895520901 2797.567641599436 7920.708160956616
108.66445743661136 108.76251767365713 622.8446690516511 5252.7723725313
85.61057900370666 111.20848082406012 2783.2254024222498 7966.3352349530805
80.31781806759221 117.33258056956917 2906.1252476714053 2909.007219303666
115.35425231163207 118.93726849769007 675.4613629686421 1947.2075245616488
82.56102726672466 94.2489989589021 317.6380905366457 6572.163085442171
83.44015105106797 94.98690629774127 1718.9008507623225 5344.842686355196
78.74331372656177 108.59477261467886 892.849039431187 3433.338208822783
98.773449161395 84.81669111956859 2654.477077478443 5308.555457606157
113.12798729062209 107.37263927883967 3371.9356089077633 2539.013692188862
82.90400839713284 64.69089580816485 2185.6162024351524 5284.803654197709
94.87581651677516 104.96414769650968 3367.5734544248726 2296.4414572814862
117.99444868238328 73.02243950399803 2284.3478541571926 5214.909929146745
99.70931903617503 61.30851232954921 1602.82752105107 3694.403395078361
115.5797381138686 119.12234665176292 662.9565786865711 1947.1367498518296
63.40306904986876 113.58299894958982 1749.995644625134 3601.1639836970226
81.3119899649054 89.83586156453555 3072.614665173955 4118.521108031577
95.97799313778147 72.72568895442987 3382.2202904046703 2723.9785823696257
110.24182364973927 86.96411620469364 1250.8943042950164 2976.8891496335596
102.04428879891616 76.55364263455692 3200.024737153928 7927.096579742083
103.89278332674476 89.73880829169777 1758.8540154306015 1553.4652420619975
85.75222940013545 62.947215394686125 2098.680150704462 2969.689319131973
109.88730481095787 60.986629599206644 988.2951696863523 7538.8369756972415
92.38400663576199 95.77655146752802 1165.333795093067 7494.202772216242
115.28694447421503 73.9220885524279 3413.0871395531667 5134.25521894353
67.50216874017282 69.06788552215713 303.3350180602497 6816.252292376263
75.30317706088846 102.08262817576616 2274.0033410606948 5484.0729490900585
108.33867059157915 64.16789541713169 846.674713418725 4803.734414445705
75.01359342146186 72.57076883250473 2215.5112471077628 6629.520800707121
75.6661869166429 87.67689181440831 1380.4672797536023 7572.121348935904
82.33984884782413 108.70522851186858 483.7047996631124 3519.4763860972316
87.79478948738925 108.63353668973129 2581.1059977928403 5253.603664229191
113.1599842056658 69.22638539067898 2922.9861659518097 7275.261595135464
105.62518459663677 118.02228521059635 909.4026963864541 1120.8242296915473
101.72664419032772 70.62046516339133 377.40261297949996 2091.024384671106
65.04476365361201 96.02784070134699 1528.368553488161 2312.820711495429
77.81324895966834 101.30590775541553 622.8635624738585 3109.6159145968318
107.93219240439062 61.722786654779384 2610.02405140643 2055.6564028998623
65.12021896268831 74.58366963334818 2267.4631514295706 5326.8758641629165
109.1676063872596 74.96916708679878 577.9501263953413 4561.070033903901
99.92840880671814 80.96669941873724 9.090770294075291 3782.3431749369383
106.00681007517188 80.02821995754374 2130.1748269917503 4421.052777669728
97.76874730999015 95.80172698837936 2404.2098910365034 7691.7367644024725
106.30453077590232 110.43919697113336 759.0884275660134 7594.504775957304
103.01917553251532 68.1659472835856 1676.5127941608537 1175.8670790621304
68.46269546043965 100.44885534468143 2501.51496537473 2203.6818252522535
108.25493375547687 117.65230794768367 3415.0528542819075 5085.031866196223
64.16125737833168 105.14211678510635 2579.115129472614 2071.4438124791095
104.45919339755515 91.4619739445214 448.22744125636075 4242.973427376919
105.69201982864938 77.51003183800617 448.17647241807776 3245.366285060691
98.35666130975112 107.486039477161 843.3298830242079 2031.914479858307
64.82870124914173 117.59172487707158 334.5567371634343 3785.7213184525335
108.8565161137372 101.37307891850813 1252.6825277492196 5251.779768297046
107.97119949503939 75.02777824257275 1961.7694391847183 4518.4667092855825
104.06416311304525 93.14624745856473 2805.1096552740105 4974.205524842117
92.94960585783667 63.115797828238975 3076.739018646033 4019.450302421802
102.53508641315817 117.1889320631927 2843.201825424784 1916.2309971289164
117.68712264063478 92.68756146960636 2324.577287416745 1831.4358430225916
66.11158709460986 83.80508886319757 671.2831700398248 1916.8279887889942
115.13973304501305 69.35769263232123 3190.11797548144 1113.0484400339187
108.14212251189687 108.73022396517419 428.7606482616323 3954.1418448969694
116.22624124498364 98.056990224879 1019.3588050612778 6818.1187315033585
107.64323326474795 75.98810655451096 2261.6628229737944 3965.0032453787508
101.93183921171523 69.80732037010375 1745.0739158797155 5534.222476457824
113.5764140792594 85.82360001499511 3051.1735949671333 6450.736300624772
105.26988624960943 75.26237181376044 2784.9733710542064 6792.40193242634
66.58010774441661 66.25744105600204 1587.8053436555235 7550.271673745961
106.79644048537287 61.194375881527364 155.2588465086095 2747.47837360517
91.53338605749106 62.445630266072214 3141.550479103426 4437.169839335238
72.99279152584594 112.36538066004255 2672.356620950832 6204.177069463853
81.73589703450928 107.7730290343917 2400.48507105892 3446.1480966150684
90.36130294165531 117.30188457210419 1641.3083890686817 2733.240405211439
105.9318607206737 67.19598193019841 313.3476034624411 3662.245567151267
119.1644549012705 101.46670380388628 169.92856913913428 2667.902446517718
68.28603768019407 101.83259504949942 2526.2864416824254 1873.5000740926528
99.53618242626962 89.86414713124097 2870.1223609157746 2561.756771433051
116.0158148277803 92.27294430711207 3451.165394677002 2630.015056456352
105.30015117549631 96.97290090231931 2186.0377870820002 7004.368180531626
115.60609992432119 65.263504688341 122.53218716513534 6295.586431377537
78.56807392976788 88.73349016155181 2172.031593361724 1985.785039058103
84.87180943413743 106.2297174974906 408.32445465120395 6938.713600373015
71.54317264671121 104.64789979543032 2021.9208362782283 2692.6623255471063
103.58385625467437 74.86478453109684 2267.4281628028625 6214.034156888318
103.3461344230068 77.01552238512716 1657.2845056212236 3319.827365838995
104.05790468255233 63.29962308720928 1835.2807443688796 2837.298563864195
117.97860137356814 84.87546317259095 205.12968857710382 5741.682813946277
111.02138904838327 66.65189015872986 1271.2246849121143 4467.7755437523865
110.62163063618341 71.49967330399026 684.9708126140927 7681.557966034188
97.64157941696946 89.72043452321195 2900.262550511008 2093.596124811656
100.27095719644147 108.7885230716042 2204.9183439687085 1148.6321706893987
108.10636346711534 63.281104928365195 2840.2397609029654 1795.6625131202177
70.5277701033494 84.25283830219107 2357.390145575414 3056.012154522928
67.58170154718123 86.41903773244867 1863.3464860082915 7042.3450623555755
105.65620827787698 101.09106600899449 425.1419543763615 2519.4131726974992
70.10432184905277 73.46870711016854 3166.1594055030882 3850.4481041588124
118.08711360674428 88.25686509639921 2071.215325380241 7410.067925778585
93.58585449908696 106.66712017864363 2741.4579463110704 6607.362745960248
73.69521981992193 75.96599552690188 1306.5831438578418 2800.235154287141
80.25961697783931 118.36054512407588 2591.1704279310898 4291.567453412154
114.8236741906647 119.917393116972 1817.036905990137 2956.807140466336
114.22087485487553 110.71019518873446 3423.3214276890535 3603.1918972437943
117.56543695197432 118.14732313787685 58.3616852018323 1123.501127127081
82.98389131911068 93.91878673094314 1024.145715258862 7332.167393308522
108.7213699811518 64.09724159046323 2984.8537364455756 2513.874873089343
64.78321560973195 62.59725185119567 2915.786650140427 5698.877281290793
108.9094946473829 81.75498774239159 2913.5245513637446 4497.963621577047
101.82390802141259 72.85385739766612 930.8875646128115 5593.627885485932
68.44617981732442 107.06041731078659 378.8005237822317 6361.989205049215
116.32505054248043 67.31624513713416 797.1932210795193 2334.9603951385475
69.97063656312339 91.97544060923146 1413.6464562660792 1730.1131175671908
65.61993469098162 95.70977574712369 2308.369769977817 4037.5709796174115
112.01445298907322 94.67913058489323 1067.9694300608967 3607.034864006217
99.08284332543204 113.34229420987423 1511.977022010736 6487.479682048129
65.71481615218028 114.24292800574412 291.3714630153149 3188.6705246885567
66.85645706064577 91.8415262457657 3338.298186673253 5420.939163374497
95.99738698906212 68.19253167580757 851.6019947959214 7562.990094761742
92.41717420592131 110.38751832284176 3481.3833732066973 7329.669218543872
93.54135429921408 90.62681172130115 2166.7374066290054 6212.592136474072
62.713204362606646 86.65233621201774 3059.049092386677 7827.163880321093
70.07532408803581 101.62953547393899 1157.8152509174488 4820.509262823993
64.37100428319643 98.18775988804799 1712.3209871339004 1281.5764669683806
106.45132871877836 68.41299213865639 2864.3374207333554 5201.055734801213
103.77323465899345 67.20835723906215 3170.171887503026 7152.360525187516
91.8866853088965 76.39117087777583 140.26601039385187 3953.4835486555553
93.06405283643443 63.33566630301418 455.5348714616208 6527.315105544414
109.6390457303615 71.16101939115383 1045.3846906555514 1610.7984403253197
69.87592934476861 103.67956343781272 1138.9185102247845 5029.669797096568
87.06774912117613 92.66573729894638 3288.991456148889 2642.184125557066
86.08064265163779 119.48498024320268 2490.4450567517088 2912.5972247066898
70.13425407301233 72.10676415059272 1101.217993032962 2445.5460916941493
118.63248429519295 101.17127470625712 3021.0320684159287 3947.891076007415
74.76170560582186 111.88891872890103 1241.05248686769 7564.380149806917
85.77169291602199 106.8761289744902 1171.4274772527535 7863.286936494868
93.62352724344305 62.91719258778761 1607.7303144722512 2081.6005958778446
120.05788672131257 90.52614888488313 1588.0860388852786 6493.737136371781
116.1679187068656 111.79083830985121 2856.586394398809 6649.927658257217
75.08617094650762 68.98291340410951 1371.0568786552878 5295.437174117102
96.46708727815366 73.31562320599839 1792.898057901599 6700.400229752775
71.97853929698545 62.17589412915181 3575.0036700294772 3393.463954894656
79.28301008839762 71.109125331007 2637.9504943062216 3199.2224955188576
94.09960192285267 84.47617041568985 1542.1445168553512 7537.724021062449
74.49581976112151 105.16634264786352 2826.2795362451375 2196.372549579829
90.51293657984745 112.07106583498152 1676.307940926956 4103.275184420977
114.98658060940791 78.15384352024945 690.5762673929326 7956.8067408505885
91.86633920935823 87.87751166373623 1299.7396354932662 5135.694235377536
69.74685579444376 77.79445629774256 3288.773603673528 3889.099897885502
93.56142406362558 91.92820823226978 913.1486823955044 3270.2519807308654
117.76051298887334 96.7028938090944 3097.7121506110097 5566.061855876416
60.50796636478026 108.47444714429733 3362.0992557871336 2754.905476201732
62.43435888673854 101.24576111923238 409.50579294251565 2211.3707966614434
107.57226972436916 118.7227795375079 3516.818589471144 4295.902803184378
63.73248866078925 106.63113905575192 2987.9621765606094 6665.233016481308
82.68929506388858 83.1281600440877 385.03474592918104 2210.5093379046343
71.22418234813716 75.34695336834757 1061.3651461746017 5257.277565701411
108.7798730803629 112.01490903604838 1259.2240950411212 6984.715205396901
108.33282596888398 100.68171905697531 1972.6684081408775 1705.650047229703
112.35486805223167 63.38338251856945 821.0857246229657 2850.475169284152
77.81570623662714 81.75893636021748 1873.9748091309546 5797.8647640795725
82.16532954268877 117.79705524161369 3529.6874422109627 2740.8515934000493
112.79384806675904 75.36467612957736 3294.422108120938 2064.5518165391845
103.15348568069496 99.2743954407135 969.1789781688992 4097.09441122598
108.27555113633017 100.84239054725518 1941.9362817726542 1705.7820294378055
117.35369497597863 87.43355862351669 2789.0409155832876 5877.206684477861
80.50716897570157 60.318393748172085 2397.0027872172236 6560.292007421041
90.64309214617845 97.24128755342541 103.9319054992857 6853.362569632968
95.1893766331348 94.01807368542426 571.914516011176 5068.114322394185
63.62357308863933 75.93879342713309 1621.4599377311702 2272.2622756349274
110.62036831352715 91.27862214027013 2155.937599670844 5315.042895280233
102.2495498776567 77.68181904618832 987.0593811594212 6294.104168794648
117.06932598574564 93.21401460153844 1413.4291782337427 1845.221679012288
111.22087786374811 116.23306554655736 1891.2109017194286 5500.018616007171
103.40576882146094 87.54137444674564 321.1763611126104 7384.440923049877
96.94038688232858 66.30536266243415 107.15055924200155 3488.3849080679047
99.40071090339426 62.75608026170705 932.3512406421884 5933.639107283478
119.33195566604572 93.42509373755553 2294.6394055964684 5887.514311724793
105.58250882415345 80.16777050478333 3131.7581988479187 5842.625117100869
70.35957711816523 73.7050918997362 3161.725952151176 3850.596823994959
75.72854090560513 109.82845985664062 2252.6064058066127 5401.599606050002
117.33041278201495 67.74457140200184 1739.1231200461439 5461.061054402669
114.83139179412828 94.93602286863901 1707.7421296596178 6158.336514282682
77.72374101105203 82.45659831762316 3039.2521883073005 4234.519637963242
60.33423633323528 67.1681268468368 603.1757130028753 5546.553883306256
84.27594514896342 110.25953522308382 3218.2670167405067 7566.042696070673
114.86271138794643 93.1701993488708 554.5516677778328 7051.739212903226
94.37944069269793 114.71898305964008 1682.317306081383 6993.518044609559
93.43990562609244 75.40324842388253 2506.8656324454264 7370.6438847283935
102.11314589422918 90.64648530134578 3304.4792367767905 2035.4062409724595
111.43327197964773 88.44130580346437 2058.0857051420203 1946.16166059875
79.86739356698588 69.39527824071574 2109.068445319831 1478.7926288359854
78.60874288001114 66.76632589109248 2854.308981159973 6040.031451884113
117.27507839241574 105.67290742706368 2946.6147614606634 1870.3805932922967
78.91745010241704 86.43716176028029 2864.8442929777734 6753.79456834935
103.51388138291713 78.71543542894356 1706.77301083005 4148.178226651128
111.41003855604562 62.05440832329987 3404.879449563422 3385.375559992455
60.64817572937933 108.54886353015152 3358.4831976449123 2754.727529526503
66.11435231761043 78.71113148985182 2824.1947005010134 5101.510797889176
119.56632374208351 85.07372404647052 3082.4658328424466 5553.311736630078
67.04777261230825 74.06790569515326 1544.692029565736 2885.664310883121
69.35279549835555 101.84962364399667 2703.12837477607 6869.404127320296
113.03768705310166 78.6459100091746 2557.915763066555 4257.538507380128
116.85438654643116 115.88676284532036 3342.603558325198 1806.4891147532153
63.000682546585296 98.4140173943608 131.41353177164874 2531.145743265465
91.35935595854968 106.91092947700332 2025.6166396539345 6953.461594395309
75.78734851606357 107.16778238857773 1633.0370321897228 1513.8428521107483
106.38836042111068 108.73671705476764 634.7778475154395 6623.384506973242
66.81500282288759 70.33016030702895 3214.1329848579867 5752.390614498601
88.93630478793132 112.09263066586907 696.4882643851255 1280.5574445077093
62.257896885736635 69.63854697980555 297.76210730758964 3751.3264901627895
87.82416274598599 80.35162966646332 1528.8943948650106 4979.099273637808
105.26860015565843 112.1601027859324 1441.4479588286242 5187.268090213448
64.5564296117598 105.06184979284224 848.3903751944897 5122.722952714986
70.15873825900786 76.16293282148457 2163.7436641630184 2565.7487022559512
80.48813686851703 107.50103178900137 3007.8660165904807 7745.207120054275
91.53136631322317 68.44675509375541 192.8860886614442 4261.907054162402
78.9530233366274 91.74180254761075 1617.1747490716393 4084.7409994711666
88.38927952105637 69.84328462521839 3548.109132119397 5205.225454309263
106.68274450608139 80.76746772823617 453.46587890410524 6789.122796069093
81.94104567064099 100.04821924065841 2824.2535876856923 7754.297138885831
87.28533326789223 70.08123654735478 1050.3112352993958 4164.399260127055
92.34782983895421 97.42626510629027 955.2492212926139 7086.3235114239815
110.73530605859798 112.05641929166741 1570.8589308539297 7177.218556516275
77.20333228836671 66.7176161466865 2659.762918397153 4636.255569659688
95.57533957345069 86.55485574125404 165.61443060650944 7066.5217836875
78.97473033914339 66.41877573955634 2328.180064336808 7508.258926893598
102.08118611730096 105.38419568414443 1262.6662321323531 3402.163932220184
70.98872460131473 74.45899885490975 2316.1818489109887 1680.9866416850473
72.58118178899991 69.1387460993554 744.7541983808995 1179.700353115192
107.22720390001908 68.21299315164224 198.39995448958078 4816.254854455926
107.256308130387 105.96199815828732 1172.0235625403739 6415.004139284567
82.33591870076565 90.60483622059775 1345.6296328702165 6335.671334962013
109.28852815680625 117.95987677491519 792.9845304643355 5365.319979241104
99.42863970177311 106.88349671939157 3585.032364679494 7850.908979877142
60.464373573138424 84.76931651499717 1995.634896728279 4496.254597010492
74.26984719830685 75.97037714147974 1309.1741884887124 4919.007913188194
102.4738982806383 78.34074290775486 3148.087777121717 1723.3348452115674
65.1982458730697 93.34725905940851 304.07895556430447 1209.849197634567
103.30609536000505 74.83661300818285 117.704517582418 7246.391232871615
75.04391473251421 69.03060289595534 1364.758495489706 5295.522664742758
87.97111004368531 63.5638840648644 574.1995922338368 2699.5250313669258
86.26752167420878 105.37420231638059 2092.1890450448795 7555.720250259778
116.67635324734907 92.17862171041037 864.8702975456603 4568.5429155521515
87.63314918696231 101.82408635247751 2532.599096820979 3328.6079934651802
89.05294478400903 65.02197868009762 3554.7535807779095 1949.2099773224777
76.53997551877008 60.4195105859148 1284.4903703940886 4559.8990385492325
118.37821856640505 115.36719856783611 305.52826714936185 2595.114627710268
114.9865416708348 94.9126519723926 1704.6432834103125 6158.209527330391
110.6609649154494 94.24322659692793 1625.1962151885575 5305.7189442725685
86.88459011393816 93.63136474595667 701.0705659024352 7502.65211589598
76.00773428466393 99.02451253089555 2600.340246372286 3278.1508951971014
81.97608864723779 61.5884340060453 2059.2961629636447 7742.823453149679
116.18300733343709 97.59411266193285 3196.1028132295205 5326.773201895243
92.91322004867841 69.13452945920963 3106.1393957181817 3273.8622446960735
92.82588477758902 118.23188944838334 1334.238734883265 6048.159274850822
61.60621990221142 110.07375462690192 1093.593469799729 4760.546356092192
79.16254511514497 116.93319656141225 2010.4096970750331 7703.238658996257
89.12201286983003 111.33177610542094 2000.0803723887561 2961.0787614860797
76.11513352618677 111.31578858317175 3403.2418376183127 2592.9651355001065
81.30519936730002 101.86120659799316 3334.720274511982 2069.2596813970695
109.81585125737638 61.214278099428995 3066.141408493809 4173.818926123298
116.94261119555837 84.44901314934742 3494.3741520848007 6395.722931097386
90.19460381635528 98.61911197074836 2953.717515798884 3172.4991864902804
89.93975183217253 75.3752711733819 2767.466700040586 7591.82158885713
107.8619436649304 117.81094493726812 3405.7676077461283 5085.156489620253
63.912601917054076 81.07661528619704 2063.287100213784 5547.069845398374
109.23158879591604 110.1459712722449 93.58717200539313 2847.0418200715767
73.63787021472926 68.93597696642716 3256.332454994892 3680.247395027842
83.88371881587186 71.96311895186336 2769.2687795048414 2146.4419551134097
60.64656541282434 61.04772979889414 218.9223673552909 5485.564201427106
62.103285732417774 102.92764455362858 3124.800151785131 1621.9487586507387
118.41781970905916 117.41684841505943 1669.9111934397863 2622.722566222222
116.09833555491151 78.96983146721377 704.8566907628233 4521.937704003523
68.76396765604204 109.27174463287255 724.2796263952022 6230.991433902096
63.27286684274358 111.61815510874189 3065.807254317669 1038.7751410036701
93.33711643454316 79.33773356032566 2142.2069940224414 6180.9695480869705
116.99600522511591 77.17198083556038 2457.7689597805947 5973.322905921778
114.12715040451732 89.42709420721768 2822.286615918277 7634.234253068537
78.3964338673996 100.35298967111618 2463.922903928604 4344.153984596259
74.75008218039454 89.21861500180603 239.70221147363014 2164.463378411552
93.08985981877066 115.60734792808555 618.9024447326996 6101.63137301109
115.00611947213699 87.02819847293135 1401.427624137116 4731.432774849208
85.02520980387264 107.50690799135553 346.80666200428885 2027.035687584194
83.06033900297963 84.24451036458424 3447.4812913234628 7751.693318557117
60.393564509057 85.84290338102194 792.9563766540191 5274.136582180681
116.07712336546632 80.48579145626067 1460.290369198828 2520.297081153796
98.58907533886821 115.30979583267047 1917.5905913029583 3066.5545049615794
100.93918184277541 97.85564380634094 889.6010887022777 7756.581611020191
108.32603028445537 100.98607041292506 1949.6191849036916 1705.8120611623165
62.73732757275454 86.87389260864363 2502.085158841842 3530.7307159098937
98.31650825738214 83.05827865040767 1189.7855161684092 2662.0735041639164
113.7542127081736 77.12442504765502 3395.7690072542646 6735.350887971912
82.35230483604673 89.54143925732427 3079.105917347698 1073.1394387620703
119.96663631763971 65.17667478756839 2020.1797064915147 4098.002394827275
94.91765356367883 74.89550044390533 2802.3574316873355 2534.828531816134
84.47348406386396 108.41769320131554 2712.2059007824814 5108.708569358588
77.25962195458395 112.00489651032746 2243.4688840021404 7590.604207494223
95.16610695430799 96.09476545927903 690.9417852172136 7705.288055961753
116.26505256124186 75.13071396658285 787.465214646042 3100.986162641526
60.11792641116927 118.78653634521751 3589.7644233503743 4525.592917530391
70.45787621919455 90.90949488804438 2588.2636419275486 3174.779549250197
99.18494883347937 102.5354489392237 3597.9270967674315 1399.5610317728015
86.86840238590123 96.57173299760788 1959.541405381191 5222.242974786346
61.82331996585315 103.04214427189858 3117.562980299921 1622.2054536241353
68.72432197404467 85.57335571182351 333.0833178342909 6012.492778709851
108.43945026646126 100.80429909066194 1911.20545694204 1705.9124909508605
118.670597700591 82.57176639423146 1098.1026311897513 6700.282839375869
110.5271131844189 97.9455466105357 626.6744776848329 3927.257182690441
77.85153486952197 112.39250138423682 2146.4658665859056 2904.1750483817386
79.18534144746398 99.33083340102954 2221.717916144257 3842.487088695908
95.04273415135576 95.91363966959246 3520.6735759581643 6971.118648970414
111.8910509747487 82.11533278823124 583.0978357887793 5182.43260561261
84.1207012316154 61.64858000292669 788.0832359114925 3270.513816520399
89.37522932130162 75.76078788736046 2271.482430141439 6865.425228579608
74.26186329947647 115.63980455057268 1282.4341471443327 7809.817314988878
114.32271902363047 102.32328389180839 1065.040364972077 7208.685202193409
68.5329560325051 68.48519156480867 1983.1559136639287 7229.4440524674155
83.18050609747625 93.99560352829177 1020.9162282729465 7332.173688180575
102.62441537522736 100.56685136601388 723.6591639302867 1653.2778985965008
105.79408771449759 66.90806563413486 1379.203423501467 4152.866007679229
100.93589461045791 76.36282927505368 2139.8226004227413 2549.313412409452
76.40144337615757 119.14723631901326 1504.4488398218527 3678.8082106187403
87.45271707738245 75.07748376740466 169.1073421755757 3213.097440792597
97.00011530072335 75.59091651498244 707.9757763225336 7816.150618226598
81.69348055083229 90.2207635480755 1596.7080210075696 6785.116415890615
69.60618987251836 101.73446026182474 2705.818503134154 6869.410542443257
63.08463213209166 113.75229306582763 1208.8721412329703 2626.9936171509034
97.49000667993083 61.1606006332057 555.7103795057379 3113.0880577595462
104.44620937484198 62.281842852107545 326.4640784897412 2603.9558555651474
116.92945972015188 118.64008720069259 587.1996659824008 5838.4238729553235
104.02889418258033 106.92864936799393 1975.148794844335 4137.847704920868
83.36575354057473 110.43098945539948 159.1121288378776 3683.4978129749134
79.95765959754624 64.73900021724168 3441.244519718884 3076.9294252526697
100.88836765200236 61.84974465326442 1303.5177738257557 3871.3412315969467
113.47662641235819 67.2389436352393 3036.021594378928 5426.269351882844
108.11219947831636 118.72736433155065 2733.4517858893696 1527.9345595072725
83.87527635512086 77.55551489122139 99.66018906597236 4910.790425954483
80.38258278459675 83.33203821557655 448.9535717119242 1492.8789548353457
67.36320951144795 114.37442952137656 3262.314029483588 5870.109324642647
81.41834751850278 68.81871196045293 2859.9017348494817 3303.0776430233695
66.0278622870946 117.21522211679057 101.3715115549372 1121.3298931021702
112.53143458841384 95.77110155868463 1476.4812535085834 6454.993437237165
111.98954501722741 109.41821209076362 177.49963107245486 5364.345350735807
105.55289694032129 97.30374496582328 1700.1078634980786 6205.945158508424
107.74537545609068 65.6102225978381 203.9751665188036 6247.001571069951
109.61178850551394 67.96003196972882 876.0432953008577 7026.908089863151
84.28463367457108 103.23625952005631 1980.5177436710767 5181.757541996915
78.1484789481722 81.23419668772397 766.4987116751687 6371.475428041083
109.02816446706586 98.59409923808849 100.33862644547764 7762.780821568957
102.55615260885692 89.6052011519112 2455.285670222903 7890.222088736426
108.27624479691411 63.73521350681545 1467.9203761678598 5129.159202488266
72.58771498118392 93.884272082604 2199.34774025581 3591.656552187701
116.74704849790038 114.2277916154196 780.0214853908766 2458.688165546774
114.62972482754496 118.97969774282178 1460.4833316643937 4032.775534487778
111.91424296602756 68.95839808042518 3389.949112375129 1684.733505577501
95.68381362114091 95.61980211080926 2854.7458724182848 7768.699220570722
88.36005135476532 108.0783849714777 570.9084570465259 5475.135844910321
114.83415973389215 106.10806213627195 1604.0829619536953 3355.0079611392052
102.40926031641729 77.46580321608421 2018.6916084216498 1680.1302256388067
75.13438072271259 100.50066535755226 402.10510409649635 5346.8920293965
109.97307610696022 65.26683048331803 1257.6730293395444 5278.909742675642
104.50679000913938 78.39967322521157 147.6021379414164 3336.2099509451496
109.1325008009413 117.16372830994392 2336.8649689214344 5805.7194687735855
75.33262832187641 94.4353763940623 2873.721231382736 1307.9094020037105
61.59783020847108 75.40215909786674 1829.3830667781535 1857.3803801869387
102.88438213778028 112.05101970312123 325.49204914321166 1220.1088647365814
80.55293921275515 60.39874952350391 2392.5049829114323 6560.318306177618
65.50898631026429 77.41893720945028 1117.499896662058 6810.676773885802
77.08174664880984 86.82140453098562 202.48146738556767 6827.55335306481
60.66411899237644 108.5435819964295 3363.9078523128674 2754.9470672087004
115.481435645392 105.87616121025476 1971.6706466853238 4078.3442371824312
90.37332865514554 113.70665290937073 82.03676588512184 7084.110453159633
108.23442474334642 118.68286842419761 2742.556504602565 1527.7672000491234
93.534583245622 81.15613391924002 3186.4517705396147 1877.6336903587335
70.28744903951419 107.51573868904245 1089.223637956615 2184.5555707380754
94.20596509295784 65.31192022483042 2639.1473836652267 6003.062859805227
103.65281535394249 78.56130461444936 2790.149332507475 4632.73950566674
110.4415963978984 77.36620788711019 1071.598577574454 5819.500120786203
108.44083519922152 96.94403182669285 57.743763013364564 6175.581649013537
82.89950823291665 79.3899848685876 870.6688664256037 1657.6711371007827
87.41298506665272 69.35417142979458 122.43268422960168 2919.579618639089
90.75144703754533 88.18254542015572 1594.9820162436574 2947.481661328891
97.29594832540546 105.15045040827945 1829.567014595799 1252.7218020020725
111.65380335208633 76.91381761910839 1238.7363649838167 1384.9481835910644
101.82831630502594 105.72439905982026 1870.7572534246472 4383.2286402373
82.88588793850593 87.4095860610244 1405.216456344452 7729.996866130879
76.40510942165588 59.93207091123015 2601.5124201943604 6051.19815925974
75.36447434937465 89.90512468347362 1066.4629026399111 7115.244074482372
119.27439429013528 95.6182043233737 1620.6002537275774 3485.7636589329923
80.39781782824414 112.92478561686025 3172.646345961608 6594.450519493988
90.59574798670629 101.37024566613466 612.0587842103274 1151.8654385685536
61.66906079839114 92.98218590155687 989.9290927816163 1295.5868857045898
119.22405651454096 84.34322866301716 2920.7148641844146 4444.0621742772955
109.06167385367397 93.31899072376845 2383.0918270576713 5510.031148192339
67.17256885757308 76.02207862909593 709.8098360462657 2074.2116191438636
66.7921866538122 62.089321339592786 833.7126643249724 7489.340877680501
114.1463643956266 79.65174292331932 1645.9534208649782 1049.6093676947849
74.25172398784184 93.99248885197069 1994.025576402254 6465.934449303166
90.00132891383744 72.1784976624511 2093.737649592773 7546.674250668872
93.70465077815456 101.52900662359825 1478.3028376702416 7259.05486759576
119.45274995531476 108.65871028086022 2782.5243058592177 6644.233473448556
82.15153603728668 85.44764635838774 3133.9140691566786 2542.2422935052678
90.00278696894958 80.63826066005792 3312.5450241122785 6924.860652813768
82.25470887202323 119.88084384785101 2216.96306502646 1906.2543685086032
76.02161904001686 114.15257922132923 263.20084444752297 2639.031442279569
80.00268535077869 104.98082985318341 2515.221117076075 7996.82404038838
87.92216557808969 113.34963442469056 3409.846577778155 7674.8460247702305
89.57026607356094 88.93621855518869 611.2411390238022 4704.913154301258
101.670414589267 112.79682649070784 724.0203694392811 1990.9551144347881
71.60951314819643 88.26130567839628 3385.988251072973 2121.268593073759
77.72966940492661 64.83430361366115 1183.38467358243 6888.6567382627345
63.65171726452907 67.59928143845836 2703.2346540933318 4116.517136908316
82.32623693969425 64.04175746355675 1291.4677486437274 6863.858379753483
99.05611413757117 82.66454570023605 1566.4800815187375 5072.394275316855
82.04767365185577 93.73111549688325 2550.511694453908 3042.6142721843057
69.46798446015079 69.3320136870718 330.84319383761283 6437.044754377493
100.15089178147565 68.76830424770228 3078.2516291720053 4477.507479147819
87.58375688575666 119.3989951200591 765.5970262028644 4977.687346458118
73.77925342089169 113.81664672939688 2944.6129618483574 6125.259118299607
77.39721772816775 117.67582649362176 745.4417353911526 4976.751191249168
62.20262592929959 85.61812784234414 2288.7165027914016 7743.263860497732
61.73828858173579 106.49800295530547 657.4995674205985 7851.985012257667
71.82445260772712 81.97730996757942 2363.0489222109895 5498.959502282347
82.83686641001975 79.70295305264278 876.7281884062086 1657.6378672352653
69.04810719593524 114.66384604402754 2033.2675342279904 5636.253543273409
78.85061143456832 102.57078895347576 1408.1977024110067 4632.547576065744
112.43377236000654 87.1065363336061 2555.6666572964527 6041.663585057985
79.86927765986802 72.98990063504912 2823.7639446701437 3838.3866309958403
64.24257857961537 66.34883534380627 1817.7606612259585 5684.246059915307
111.38739753414542 80.23444102035094 1574.7633371216796 7374.117948416988
117.65343867294226 77.51783769836022 3158.554082704588 6658.559012801618
113.52992325269818 69.99893414794336 2924.9510478499233 7305.34749505762
108.36191581280116 92.83576472154412 878.4080452938764 6852.764037324865
79.08126535853557 104.57866169042143 2957.8226180939155 5681.496756610997
112.94801500742301 83.59404261476499 2670.657322415009 2227.6299238768684
85.49872632574619 78.99476762950898 2285.5037928356574 1920.6616551832487
107.63780722328525 76.08014082806771 2259.2558047852885 3964.7464917062453
104.26156958871476 102.0228379113988 2693.7953262585 2643.930740735037
113.85692887571403 105.900486289561 3467.3238863500887 1392.8777444593575
71.15873746079662 74.7485148668748 1657.3186552997577 2502.2934087173912
118.53452960461739 87.31074134530542 1757.3729837579467 4353.374581443042
65.69246958702222 84.03282417440512 2757.494520064963 7424.0143055996705
104.1444197055147 97.52264982164003 3405.715480231364 6563.0934136021915
119.98832692680963 90.69759206187595 1579.1774673042369 6493.704678574408
116.78455718335869 61.3024514483107 3121.9858470283416 6440.966540477789
74.6178584524526 105.78514066958388 1921.7303141159819 2088.270345608232
95.50058852898864 115.28117749691292 373.00440029015033 7575.769061977556
108.03288785584652 107.49695528671266 951.7441711813576 3756.982744475478
68.56060031761612 82.83187446262635 2310.0739824565408 4993.269788732471
100.69124120519379 119.13932845897503 1997.768415007906 3391.5375973812156
81.19655806961235 76.52635884884499 1312.9927743278633 4959.494687762054
68.04988235849682 98.11172586950616 199.66960705240248 2642.3826090997663
96.32885389592 71.40735431932666 2493.2286604349924 6683.363462413564
65.28907682196524 103.98823149762174 2922.4489222864363 1498.4577485193104
63.80716857530803 71.63161633455239 1101.7594497739808 2550.6782941813694
80.34064821034067 100.91834204054345 321.9968182118212 3460.1108316159066
99.80229267122624 65.45312390050151 258.4625234540233 3601.113875928847
116.205653884034 116.18479952111551 2236.735773435244 4195.837194913729
112.62860381773876 78.84636334734489 999.7463077299691 2423.2409093241436
112.52189036309353 113.41899113386488 2291.9445566090253 4378.663997033067
86.19600903618411 78.3498432468549 3376.662866121362 1093.688140000493
72.07756778183041 66.12831461102994 406.2365231103431 1098.8274356826098
76.94677346905462 74.69184906890669 1568.3531854412531 3092.5739878755
96.21150273491116 77.76418708357825 2564.9137132372093 6271.803151767347
83.50146612719017 87.15697197399378 12.009424416471234 4320.253100884477
107.72879957058869 82.55189833315852 1709.320393131532 3314.726287749947
63.06747358726983 106.84480910100538 1617.7463146672371 1258.5497828621553
108.63367224571655 99.42346750094285 2335.541496029901 1550.3852337252881
101.1385912123491 100.42939855534567 1561.9092580932606 6900.05748291555
79.44670385533205 109.82140578525075 2826.565530578063 4462.508442911259
85.23552338564859 116.1939045067583 941.1066340302383 4846.291623746623
62.99922635333186 64.31161103864257 2181.1480280268765 7044.532914353926
108.41938821659426 100.786398653622 1980.3506962812596 1705.65547624788
103.85400742611887 84.20560869855642 3008.3536561137466 3774.284334195586
69.42749125673049 65.74017038794517 3336.3142028834095 1178.6146563217537
90.00755164403185 74.46661385503401 673.7806230028702 5617.681645135524
100.85947681879261 97.89891255509859 421.3908370297078 2654.1711585826743
70.27075581998 60.695423968674014 172.0098313678602 1936.3253400323501
72.52592924723196 114.46442675671156 3339.4507801394166 5394.360816078689
94.42175847067263 76.97383415717297 131.25409379176833 4203.271495369206
76.45491387087016 64.75178542621073 3529.8107157217723 3130.883100788027
70.71249355793029 75.70752514012156 3205.437442646377 7250.995024446004
65.28911252109323 113.55544682628538 1406.7200386898805 6825.738925176986
111.96501296851979 93.02326996637998 1208.4486402122207 3053.3471422904177
103.4855436667367 110.98413892881463 3200.2947158054726 2606.2950740250144
112.23952785840392 105.44752380260084 290.47987347872856 4730.066341169098
107.65597632994793 111.24143622434102 2149.1348804812 4959.921014909837
75.75210108065282 89.04317439638913 2503.6237771729034 1901.3779466602377
111.41466637842083 69.47543688179391 1968.7585758079163 2241.514727810583
102.00381186351355 108.6416548132173 1740.517888950704 5644.448633164817
63.74536741755406 103.66501964517833 1479.7996041699503 2555.055343277513
94.04493821370755 74.12652940615641 636.2795370998934 5331.415440770735
77.55423425687687 69.55743791335235 470.6087262790155 6084.883385642467
88.80974887424578 119.0230014804749 360.06906886886674 5941.108342042481
69.56300947047443 93.83650168357052 923.011077330629 2573.4066697137127
109.41417784761802 89.38459887344226 2376.1559068672177 5292.379065358811
102.88801355151831 78.62505941084822 1206.5007389554119 6910.842798432648
102.65824936945828 60.024933254620045 807.6873513252074 3186.2361363326704
98.06745054026483 70.714933261476 2631.170542559609 7612.878543474154
89.73026008312762 106.89092995461624 3194.4796140999656 4516.594914943654
108.17937767266407 100.02164759330745 1748.1442726668777 2315.9821932667796
65.54741647508482 93.23653027558863 1463.4658377150324 3988.166504198916
65.39258309473223 98.75485644746256 1649.7077953366743 5120.74629260916
99.82003296154518 65.4386556407242 255.45357934567724 3601.1540529625568
109.45352352221812 96.97154001281248 1241.6043714854686 6412.876551438657
65.38308009272865 117.34960619291098 3564.365931753041 2674.1570583234125
81.18332472478197 89.7151770749399 3064.7440309975464 4118.425739614095
112.7176707600589 68.07475199129236 1512.2186319642635 7834.496716321004
62.5791507473977 70.22798889435252 2404.699814777729 3299.2388718734346
119.93257376187962 71.75365365145453 2761.8934212565227 6349.283640558918
91.9784380470355 82.04312572304909 3285.936824648698 4220.257724544109
114.01972769955664 75.19354597248145 114.37598509054445 7957.380154876786
88.4089362779328 118.5463789018179 3317.640486382186 3873.933409084834
82.32351990519446 64.54423930520358 2315.1271132542743 3742.3195449802442
74.55862923790245 113.08408366423582 46.60229286044133 4895.8888897894285
84.49321370367805 65.98045286441797 1839.919377313507 5379.446068298933
99.67912292500584 105.06636963635655 1666.432520448885 3676.9112833082763
73.15694293150551 105.76965035246431 242.59802991150391 3068.810352697501
86.23811259141581 79.35347137440189 422.2001316944842 5304.691849924237
69.2039702126619 119.93025700688449 2469.729949295096 7282.237750323643
67.22439827875462 76.20566182118137 707.5265037398233 2074.1964729703295
110.84498437536766 98.17270750666685 1798.5610351146559 7756.408489802879
90.8086429309332 95.96239470628664 2818.794510365075 6494.417434568666
85.2822483273931 89.89471897593225 140.94168148835172 3173.955657210931
62.99407054151473 60.5645235845956 3203.1652365779437 7482.506120514919
66.4368073703761 115.52630953441715 871.463001050285 7171.288996609312
97.58173397933786 68.0410972881348 2917.1886173215507 5046.15766214895
111.93966645774461 62.19389508210891 1962.8018924752978 1364.1073759855685
69.1226526941982 76.01372555887397 1.4771020651075852 2282.356506941118
117.12800419780447 102.2056900843718 2360.1940925964122 6220.262543722636
63.41836421567108 105.54455679017376 1902.5237155810794 2757.0474334802793
60.693335373226276 77.11777357532324 1698.5499463902024 3062.6360898077046
93.04118376307584 74.50383609482414 1632.6348734990615 4677.947581765331
78.72592606451276 110.62264111677356 37.484658015663385 7365.605819487
111.09629831593668 108.5446898629216 1225.1165046865235 5883.269746629147
60.17331140992917 70.47408185319922 3169.4350843747548 2558.681302890667
114.85838919300089 86.25005580842432 3563.1766218311727 4284.308211385296
110.00092229138824 86.1394067660879 1745.0163942420347 1780.8242850983345
91.58343746791785 62.84481962884722 807.2099881119799 6516.346920680672
69.88442405413761 102.69897650030721 3399.5617334158683 5618.948329348936
77.16348404329777 61.18071713434182 2770.255184041373 3737.045684837436
73.2419575738107 79.34275365133618 1069.2690159400547 2781.5663628732523
115.77378819031719 80.51943838883712 2150.2171988679765 5651.2734433410515
88.90895789074396 111.13141325553073 2324.771351872308 2037.1433505982118
89.0560631211929 95.19756998899192 2223.4584081071375 7819.969929811841
118.47485747175986 63.22724102230483 2416.2241004868497 2381.7017206249643
91.09367711925509 61.558238676953216 22.0205676591298 5981.147509470666
73.43473801630026 86.90923030022185 497.73811186164085 3922.9035858874095
68.80806892132092 78.48756178476968 3546.457754785105 2275.723505021342
79.82738724182542 69.26747858222264 2309.832928743483 5478.465775522483
69.05658791607708 87.88073953322842 206.11463509379962 6133.374455968403
111.56846457789676 102.18394746794772 279.84986782116687 3343.3694743055785
104.4346081620075 90.0229242457919 3559.363019113501 2500.7636522890084
66.64568342646554 64.6074257555695 3522.218635804731 4274.033949086384
98.63519856178503 115.69172494961954 1782.3883316094095 6652.198188292374
114.97244113158563 84.30692549182426 1994.438539638521 6137.023350386007
94.76835719193387 104.10865091134681 3123.220012764396 5374.3289239524265
107.58474466216205 118.58900875321308 716.629115144976 7454.425773337729
71.82159510849708 82.54664429001478 1691.2626717191927 7346.883681217074
67.50999046761595 71.77324217697607 15.564237148217572 4385.234553900209
71.15660535732954 85.21588497275286 1376.1786509113838 7022.057618346241
68.55869126245527 96.82781531337882 2287.3325142154204 1045.4541255703027
106.03477518236492 97.19087418584327 2380.1150678396175 7142.830013149813
98.86082702412008 95.12050073596642 3586.1033069367886 2121.8856318539815
92.94542892928729 76.50172817054305 910.2721500817154 3251.457789050115
81.11462882977555 82.366873084454 1784.9681171959244 7781.503550405631
118.65496784937154 78.33583245217726 3124.4225615248106 4415.400152906608
74.19004803163585 110.02970002190541 906.7504341446331 4447.478638795558
65.85034827516809 110.32360368182111 1599.0610948734904 1152.0624272023374
71.4291578981778 115.87234713927047 998.5192481678291 6683.215811075138
84.12213807297434 96.05185628710325 938.8385832562875 7640.759780472341
111.5297636418258 117.02131785105398 2203.2075567673282 4002.3329657883087
117.75724382103107 70.99652019592392 2813.7127588702997 7302.51537100185
90.88859164763565 101.62415386362404 2531.9762928176115 1681.7842895227393
75.00608270896123 72.59229525256454 2214.4432670188394 6629.622145132551
94.95640719901856 86.08566519126998 2134.9699069525286 1127.4460086865965
114.26882645163057 63.1922257964235 120.59844471736238 5846.096202192448
70.9095622107264 83.7064357180153 2939.5150893262557 6534.377740269838
86.7993527420736 109.32837902967276 1559.812009250226 3878.7759216984255
89.19077013277453 63.75209532686425 244.2599927884733 7445.68260205546
119.82606113204776 90.2671638277496 2227.4828334255967 2956.998581878197
116.59534225177597 72.33637877131369 2064.554382352885 4345.053134452701
69.97962326351298 86.83723243422267 2010.8963016424257 6334.834857782618
76.4816197215608 64.35903035304705 3535.136753857316 2605.6405041600096
107.65686558935384 115.04301450918508 1296.6062912570028 1637.060903057747
100.76859361857636 87.99750453512198 1581.1580481728695 6436.588030877221
107.4940753788327 85.11190863105338 1133.4208651066112 6421.545608447353
90.17653728396839 118.97320712620281 2109.7034949777253 6044.307837694751
95.59624547275818 76.65135998464406 298.89545138606127 1592.686629734352
68.16519245233688 83.84057122566593 2162.122442810153 7128.486201695167
84.62261678330701 66.99366481313035 743.3117350818968 3390.909470657669
63.863191911556974 78.15487978781013 2171.196468461796 5745.435706757103
61.56452471333402 104.42863412147965 1932.0049461475933 7583.314184290523
75.36647192140039 64.42627983395654 1068.8588894771895 6617.119853229414
75.82793977248906 120.03313103053125 2665.970721936154 7248.504218566407
90.20222036670276 113.9769822616569 2445.698157354404 7335.857760649577
65.41492896634925 84.04995933570791 1828.731777458832 4286.644313807155
105.93643698774409 112.71462403708146 1678.8850372333436 1703.4567164680227
86.69929897561869 63.593039449914556 118.7059191788816 3160.9198254986018
60.30583883963919 117.4084389265748 3256.220072061466 6957.408605953427
112.68696092639573 103.26205762728834 2957.663522445607 1714.5019572750932
100.2203325030345 85.80635664781288 2685.2262607636635 6088.642040185112
104.96135683749723 93.47453569120978 3189.5288427254254 4110.689869481478
107.69918595877894 92.19390494009104 348.72351569904544 3310.423935927527
114.19957758962451 113.71228890707567 285.96133114123154 2081.088955311606
67.47453531499963 88.87368810676514 2507.7676730221283 3993.3291323979256
104.99741462325593 100.91413824839749 489.97443222580426 3882.7609385687424
112.78878305349713 112.68080431073717 3116.134884934957 5671.814560514765
109.9236626200564 70.31919010283995 1922.5073512963904 3502.457826238661
72.57307064374842 99.85451048898713 2511.701509335189 6972.66856826827
108.45693344888592 103.90152432425407 2439.279946093872 5701.321010817688
98.6539284437848 96.34850321586364 2676.5032261805827 6322.862688313035
110.22623755211502 83.20563429158825 2718.405825806809 5951.9244853189575
92.03254160996524 105.96942758704124 2411.7446780360297 2643.9484278559344
101.51249225091436 78.29887179274316 1099.9782382428562 7963.489076323488
77.69443124293322 82.9190948392505 1466.5263205984866 5617.120217985223
103.0309601552331 75.77602498430444 415.3386671338258 4732.712497389368
110.08211043177849 95.58875881673605 1920.4471722567805 7167.102161177501
71.47636909975579 77.01236079546987 2032.452962600467 7527.639671149982
63.582792101476166 65.35552022711012 1231.5690662845323 7772.530430626923
99.27432628673756 102.75962933401978 3396.409872416229 6218.510079723521
103.19150935114678 74.83380387045251 2417.0166542680963 7578.859742249795
94.15863517687346 88.41556557890742 1160.9699372609095 3589.803489866091
95.22984637809589 86.25181246029108 2094.2388277634604 1127.2689287415255
82.91496382479058 78.26908261480476 2447.438478225993 7282.575275981566
90.88138011121508 97.48823925855329 1921.1893429021457 4127.7336727288875
103.05350532935744 67.48744014352366 2253.211986650322 3810.18768375113
85.9746177370836 94.69441740060783 3116.3764813250127 4132.756974072815
82.99524194359935 67.60872177672375 72.09346011221655 6659.377510922618
83.71908401880026 69.31251346755235 3532.3198196584203 1578.8734160028368
65.24465459089532 83.77064495880863 1834.66271595034 4286.7786921129955
64.22176401688995 114.73331621175502 96.17267725692972 5182.220677599359
64.85086014936132 74.52317871128558 1828.3925194107255 7613.256020180014
66.69355648786109 87.30996582068231 958.6783948709284 6208.8883457639795
96.63262713428992 65.49710112817095 1176.6566218789383 3030.3907440507764
99.12737188745015 63.73153978696629 815.4227430913259 6021.45779218591
104.86304235598467 99.46831456518997 3498.632380001029 6091.316667385777
100.22898035585598 117.08817337646988 720.155758693543 3291.8660083526174
118.97272114575762 74.23665216161118 721.4455658563902 1477.9432138164343
69.7155092796806 78.99218999755004 3555.4546721816164 3038.989354228936
99.72403603214552 94.04125869520689 3556.769804428167 6784.85150837043
100.54529067772476 62.44288075577574 1966.4546370499882 4709.3773131120515
75.26218041307914 117.32562771375439 3209.332048247277 6871.264918982589
83.32509365926607 89.98048112477223 2550.8616688763254 5481.632741637437
77.07261783027461 71.81785396733743 3448.3145346256492 7113.746881971461
117.11196109385706 104.37646427986064 115.02875170709727 4395.621339710682
69.42467937080963 94.9471259997687 3103.411069123538 3893.4898680944516
102.58588783070267 79.66134721958288 3402.609255624993 7070.3998170086425
114.90498892276763 100.4019034990685 534.1358274947199 2279.320708505539
60.64494934197251 92.46606990832575 2421.406158612382 5252.309747997101
79.89320860642361 86.5405789463674 3531.0596071957116 4648.008368552188
91.53691819717608 114.87681916974881 45.53735377934229 2329.0085319424666
115.28829492371122 99.07797300977086 2000.0077831574813 3553.0018811805867
66.7680944796384 93.16879064837707 1169.2092071355419 2437.652019124647
60.9637977140672 97.73744045194877 722.1172385045542 1891.8602258329972
115.7558973591389 73.13249520083404 570.6242165381985 2198.850232763458
76.25410760256804 116.56636566924368 2413.757205883584 4575.6104282594515
72.51428256839976 99.72397545952776 2482.998216754375 6972.43376347493
90.13977118371474 87.51515980049534 2009.565574931725 7099.2940692000275
117.84803872284988 96.63535310889438 3107.3324176329565 5566.386281930822
72.36449246061444 108.44185416227619 488.4903479761071 2687.360924154635
108.99835833713958 107.73022868318961 1778.7992899513022 2735.1484726730882
88.31722486410744 94.50744025174998 523.483447745973 4433.316819671531
83.56705760793396 118.58913915949674 1975.8185332915916 4399.984301817547
117.12883250569233 76.06328395478633 2623.3317465979876 3877.870087352865
72.41250382142482 70.09665882377355 343.36065043306996 4015.875065000705
99.60784149487266 101.34528553565033 3562.949444219295 7756.811831226585
107.9923291046611 90.76136705607499 2317.6958175785167 5415.066176166985
76.12922762214401 64.86681225978397 3007.259291828539 2856.7476910362193
60.49385266729204 66.97838705691039 810.9554095611983 3027.503495514415
79.27787447827157 75.71564972401968 1825.1244952604256 2409.014598094318
99.50907086058912 89.76771214978811 2880.0682300632207 2562.028528295861
119.95159780579634 82.7321390623699 2326.9678826721097 4614.188319080652
99.8546383922967 108.61761675305007 3062.7035966085114 5021.782373887791
77.25556356632033 97.98730306808183 280.14295361734014 2518.5470280256527
70.22083304590004 71.02069244137061 3413.9032909543394 3750.3919460708616
77.62511058011198 116.94576640507219 2136.9626245979957 3495.0899046676664
67.4947215286695 64.44036879761933 3325.828154969431 5367.7475986175505
100.09570527980956 100.58382395173321 1541.5535309923098 1141.0935491026512
69.88571906783909 79.7919939909404 2298.2604352886638 3144.1141171920126
78.54869739862882 79.07054974140247 1749.2345260287555 4166.452020638397
71.3988089644212 115.8039202810079 2740.378971420899 7647.999905369925
77.7829016877095 83.3247511281941 1728.3780089693241 7433.054666969237
109.77331567429908 70.18461701747992 1924.5170047004824 3502.310596201252
93.51216306892101 61.19404025393276 3237.7944112474843 7395.1504517016065
64.27575727173979 76.0916281694183 2774.8968516853292 3403.674227054715
83.63939271800122 116.3899172759534 1657.7569210680801 4476.75774559373
85.18742879983867 109.85423380934186 2181.459601839096 7780.083206775838
91.15722645538696 82.61234284772031 916.3454872409693 3041.937790310983
113.46664563934411 116.95768337319542 1933.0847837419367 6024.180504637205
114.64026646685711 87.71510306684229 1788.4133402876964 2045.57825221475
74.65768861818714 69.65414572692596 1489.233090159141 5180.288769577009
94.88508038111308 111.03329759358448 990.4317148568992 4754.941152373657
104.62216906074146 105.45461023391745 1294.9200145736895 7082.4571808277005
83.63342525018793 89.45893349627241 2872.734330439208 6322.720452176684
68.88199133840112 100.61093063107293 870.9570657928028 7598.281497022641
83.01283899143758 78.31461027672019 2449.6820120828347 7282.48537722639
114.06902997187893 88.11356590365646 1607.457421303651 5187.86229266878
94.30493578117623 97.04028934702038 986.5733440515625 7799.430300927139
98.22577371235023 72.0504868303371 2015.541632072352 2856.222581879869
84.91180354775571 82.82673583008739 123.17786624347096 6620.335714794816
83.36567365377984 96.44733536166376 516.6638066549591 2023.3703741522802
89.80543078318628 75.47037565006329 2774.2254237994684 7591.846657441108
115.03014673259551 115.64738216563211 3509.2172625718144 1427.936706617134
104.92755850161038 74.13635723573228 2251.3507507981208 6395.75364808241
77.90948555841399 97.6911222565679 3200.674163851015 1858.4103489890415
119.66441793963506 108.47575050488611 3269.0780575276694 5585.296182127137
99.84565662989935 96.5734530834503 3368.968614492828 1421.1742604078515
111.38685389492632 111.05018077162264 3280.167738283091 7927.214228463608
88.86983020836568 92.76020807335124 2851.8826857910944 1464.3533004805108
94.70170343480467 112.22705518389941 1278.9967051294161 1239.6446488929846
71.30055332467238 60.64136364666614 1580.0562788655427 5445.802443262222
73.17445349620989 94.14903264562973 3421.906209333687 7592.283707688961
98.31745976512403 117.0464843125552 1223.6398055670288 3942.7492735701185
119.41504616967495 101.59324414477523 305.32915250922605 2850.6388628680907
109.75707890490035 89.08116569664773 168.4700531950065 2034.7302988880526
86.6733715627768 76.10819193740468 257.9409354670927 5906.0227026715
110.19539869807402 104.93285544432575 2188.3803068064267 6722.121788276014
79.65632065344228 117.96838420309797 1968.1360744926465 5201.114715959604
113.75440200987481 106.13328551975167 1394.6465463565562 6823.273340717732
89.61792744607476 85.01757822333268 470.7529585309939 2478.6756882708387
112.30568309386607 70.36807859703158 1863.2005314719395 5219.8487042561665
112.26406311855483 76.27508943777643 2443.455247006239 2112.115522219576
101.43577232797224 79.7267854487203 2763.7777888108467 5569.002036896336
114.55116748812786 100.91660067131077 140.52521959672288 3415.511469192697
63.33329299818451 68.18519313145926 1658.9976573437905 6895.681936582471
100.57721279133835 91.14155550244257 879.4003910130649 3427.5698828555687
82.49235214253144 104.91627579334309 405.3168724842565 1236.932349989657
74.84426108343398 80.28650971952587 1606.0454376468222 7842.892632094535
109.95848845485229 104.00122338043633 1226.6882576975765 6225.156222621923
96.39492367412525 110.70699177885518 757.5135832947407 1158.0715168909276
92.52551437563824 107.33885934016878 1476.0219603407022 3179.5407215330943
119.68161947952593 98.19661556300451 214.393633000353 7801.848365538707
111.34696585813533 81.7493462892545 1516.8810659861329 1451.2017650713692
112.08767372151884 102.84608792240752 2308.9058501539653 4707.687936279605
68.63944809915712 76.33993806541343 139.8450736570736 1694.8077819514574
72.34625610801322 100.0444800094792 2466.598744544187 6972.78931670671
116.42706141506193 95.67081524189973 275.05585271436206 2231.4323235345055
67.87465880311463 80.76469128860083 1244.5678816512946 2992.709478029179
83.51005474019036 78.0563172786834 3112.629198996598 2899.1263207599773
103.9210263217007 78.91560071794125 3430.9633646838106 6391.734707637274
82.19713823900427 97.48529190709085 1522.8221994475414 5160.12697150037
98.67652330421066 81.5731040736059 941.2937526718856 6095.766913202059
115.34261242562933 117.47320505302623 67.03752036566635 5103.667069073422
105.42794303044354 74.9141885273108 659.9662863576336 2570.955156081007
78.63597251520818 119.26158445705535 2628.1265456471488 3144.031493789414
75.04602697297332 83.3296226630354 161.62298597660921 3663.2429631933073
79.43347249846794 100.98418803149656 3107.228451898734 6602.5848022650425
111.24999235212239 83.23051286225437 3038.140998551331 1184.4022047780168
105.07818302086407 103.39426979526816 1282.363129796039 5639.669487760851
88.07690269907478 63.78609207769286 1846.1348109868516 4572.869974003553
71.75925494566647 94.34661907856885 1815.17879622835 6620.959066828598
81.82140680197566 106.23700874117756 1009.3809205255208 6801.091911947368
61.20211548622444 112.19840548584095 3586.1593140822215 6196.3578619582095
119.64925314877557 89.65365292460596 1255.1732556884529 4903.921092710166
109.02572348300926 98.26601951635759 107.03603525345073 7762.782458451745
91.14319834793628 95.36419035141873 2264.155618780199 4070.947690893911
118.7830331535821 78.75965714806041 3043.1517576088304 7592.731911591545
75.38344556153841 117.07028329744956 2274.589967917043 4450.982259251811
73.77382985392836 106.82481838045939 863.8808828326613 2181.926582307456
111.74010355950145 62.19877012922057 1953.0288828450714 1363.980773099077
86.11075536683747 96.52835089777949 2146.997966278975 4617.5588198874
73.23771751727416 80.73074607283348 996.7241104405048 5164.820661738288
111.68176179619623 70.57478875669585 3323.5937776234473 6489.286080422434
84.31378645631908 88.1694486506142 1719.4500786333597 6709.531930488346
63.87136822093508 112.09344401552116 1249.6591063672572 7189.483582395507
60.015431358230465 112.85072049747737 2687.2950583120737 3792.2590365736487
90.89796780967856 83.85547926572767 15.200387582427405 3670.8061456750397
115.86581755522967 82.65502175059024 1868.969484856361 4857.1298663853395
95.40659143842342 62.90540767724397 3483.074577909283 4599.239262114884
62.28554710451975 81.79747485085745 3411.4092303535062 3580.699057695039
119.37832019050879 67.6741578255429 3113.147096847564 4924.932034225968
103.49386143241071 85.50090056300081 1615.982951286357 4293.979004419735
112.42171088620839 99.83019896460567 988.8467298236022 6809.025968861433
69.74295535175477 95.71282990934523 1239.7764596446325 5778.639664344238
101.31715654944377 84.77194523382569 1018.1346814447036 7207.5091353034095
78.52010503117829 101.26354291751552 1510.887084702253 7943.029384986169
108.4126089658559 74.4259747496779 825.2024953821232 6732.6379800748455
72.32072168901472 99.45919999852022 2756.9803099272035 6314.014817583928
79.73586175789174 110.60598091739534 2615.6418488364243 3486.706920694292
66.67503796757617 91.48551970892036 2056.997070921048 5558.353203323278
112.91341183763865 87.00983521786483 2107.7511603469643 5340.302266515441
108.37740289517404 119.3211848660943 3567.8963182566195 1388.8974868337812
82.55152440792077 82.50389326748449 327.74747247518536 6457.61857636876
117.04366670013835 101.68798093831613 1244.8567875761303 4505.430517836629
92.71427682534464 77.75141221478907 608.9358878972835 1988.0564982791798
65.60271908805164 95.73573062173149 2302.0829681950268 4037.72852835937
67.83362285642565 78.66117043062535 978.0977060282421 3292.6969746635127
112.5578841869604 96.03478016677349 2250.984754059063 5013.476341686854
103.45179898649724 73.85921147453321 427.50545383976333 7471.18337955472
96.32308314728681 109.0652914096162 1766.2858514570814 7765.066461042212
65.61960066174679 83.34198184234336 2050.4335275430863 1322.695979920433
115.52592693538296 118.92839483187905 667.1260348784723 1947.1801207004871
72.43415936479313 64.24771504624373 1154.4719480104764 2951.3730610237594
97.95401716282004 101.43561083386369 908.1143822837266 1752.548004359271
114.77982413273772 97.5673025909646 1118.0019222815777 6231.609748417026
108.69601504592235 115.993211366118 3494.607837722874 1371.618950632656
70.18949938914615 71.20538001506948 3045.600089829821 2887.6764779404157
68.90827851544957 72.20120415697033 2268.9144188257887 1009.2154130218036
72.46168278617355 92.84977104636155 1080.6995320907367 1054.3947435301013
115.87881646709037 119.48707303168953 562.3328250316754 6893.942511367653
76.69630609214312 93.80699671754687 1075.9657453833415 4078.7290131575505
78.61039839787755 110.31381590021162 33.71340132119862 7365.591378252455
84.76087941559712 78.89707964213127 2879.9347019508195 4690.44904519523
95.32119321592106 100.2972231216669 3185.119835884124 2952.641585201325
110.1915947934019 88.03546355457344 3150.6350603240576 2355.1010132758984
70.80872223522994 74.13530869010836 238.25261834646543 1936.6468202956526
63.29538252751483 96.17640240641062 2725.1273598038847 6623.225588854298
100.97281590389393 110.2541464717979 3296.1066084602976 5529.633291075184
78.12466576712445 97.11944276358122 2134.932839523286 7435.63052746086
107.86882697211861 92.22971380428726 3593.821979197945 3972.0496975471397
93.33510555233666 100.76089657085676 942.3588688985953 4915.670725783075
114.88797984387884 65.6766290828178 2731.9240824212816 3150.939662450607
113.1768068618281 62.7677836936074 1318.0716193699332 4630.677266514968
79.08683627927508 110.7605980824896 1870.917819011192 1874.8422516861694
97.34119244168159 112.19400714549641 3324.920673863261 2963.5749261219767
69.81426671086932 116.06487484955035 2165.7152601644566 3754.2149933626815
96.72382604874352 78.08988894934343 2282.6138711385483 5677.981619040177
102.03287869124478 70.0720085875132 3431.6087175579373 4963.633347084447
102.3916595423771 72.22657102496848 2790.965171649226 5636.275699458129
98.53199851113997 82.0221620668734 1661.6706392244216 3733.1682764572042
72.5062460601336 115.47590796324002 2291.2653842195855 7091.927465845962
109.74888352890287 119.9701913248061 1389.8731980705547 4386.186605246397
89.49585544531989 67.77136351167245 3442.6616010163243 4359.035044921789
70.71073654314425 81.77180488176494 1315.4516406399534 1697.1641309579202
98.78321238811503 82.2053186782676 994.6852605138381 4633.6303383222275
103.97316283874136 90.40753454045075 2561.6198651008576 6572.125030512469
82.10538439638096 111.94869985642286 3371.592800952105 3477.1664322899114
105.80702050020871 75.50222104107993 1210.437596041637 2308.757552082962
77.68769365084823 80.63516150675936 3500.0335350120854 1358.1857856626873
84.34399126886926 117.81677171712563 2139.5766372584862 1298.539900220546
117.65616721159509 86.32669802443424 2435.133054743738 1819.9537085292973
103.8940256626388 103.72686224099354 1698.800648431017 6672.869592194329
94.12205073662997 72.86227612375552 457.6887695843774 2450.6918463739435
75.79006451444316 73.5044449827032 1079.2513308355676 5200.835393519244
89.24451951306168 88.90668547365927 3530.7445955668336 5462.128332082611
91.27382934299408 82.61164731393451 920.1099534549811 3041.9544784402297
70.37518167440535 105.21607448352226 802.1534419915924 2642.0918511895084
96.2670515930112 76.5720668921885 908.9595107398957 7946.901909080938
66.97332560418015 92.89396356540944 2443.1534081076743 4831.695531959156
92.69523361214642 65.07520344108582 428.6020820736949 1081.7235098314945
75.91759514962415 116.24802758191471 2605.484543022685 3434.517557528123
92.09519755499197 70.29260766672105 1673.9200388812935 7858.823151846864
78.91204748083989 89.56339173426785 2112.824819117795 7910.335452593647
64.0523468766479 93.577240225331 686.2880443757748 1999.699310251286
75.57036015429044 114.43474237349506 3222.665905930504 7637.499522697319
68.58158875667155 71.66746485098862 3010.820216944328 4194.385295389271
77.90537550228429 96.4803202041929 1811.4038811190849 5764.162478693307
73.42926921726003 113.96525621369578 3150.0302637623217 2767.689299158988
89.45054474284541 60.50061598687588 2983.3321788164376 4550.9122222897795
112.72936266529936 67.69975737196361 1381.7677945786008 2849.7507041233835
77.84168927176601 70.55347819149878 2897.8082359571877 2689.32296747334
110.15087133199033 72.48261957420007 1248.6362479888217 6725.329513397164
79.50032042505548 83.38173052136874 3046.6540191021313 1292.4666504625304
82.6282386983294 78.29618434981559 2111.45794304066 5259.607717645044
87.79957655653183 72.41779568184919 3522.185007871334 7662.599158373943
91.16862323683866 66.48551643724694 710.9842777789808 7372.648397143072
88.25954225158797 118.6430266753765 3325.8762645177953 3874.067156928924
114.22986392734137 102.4489652237888 1058.2974275430338 7208.831945050612
64.17102343615971 81.42476452519217 1432.4821212757317 6855.620151825458
64.23321898977088 110.74603051796863 2597.880263740992 6141.432314351046
68.6887475871514 86.1658266120097 310.6003648940247 2229.8437756193202
107.29012956767325 99.06356108796342 2195.155654419141 7459.006015552987
107.9221780702737 114.6588997550852 3060.704464953838 3464.8142378596253
120.03585540427075 72.07011204282819 3240.8992839211746 6637.151727017578
65.85676529722976 117.36749693295393 586.5557869050325 1544.8544973403277
116.03045789813166 74.09826680334481 1529.2879193879007 5452.561835706353
111.65595309046213 119.12150451169313 3420.6651848472466 5721.557837787361
95.50252392387199 104.7733211359268 1636.53194620581 3672.3647409212576
73.67007412201177 100.1999749830665 260.539588633033 6936.0641580388365
87.1588511352858 85.59062548242389 832.7643554182364 7829.210573375178
75.61940877317988 119.47547541892199 2354.4392904586234 3863.179519892818
74.39578666901909 63.6930477645859 3357.7945423934407 1598.0926423567319
87.35801419248291 104.49937899779934 1492.4167255672935 4568.070481748815
99.68251714998073 100.6341692817546 904.6103933733168 2622.0726152767625
84.89065408760823 116.2212465360998 3498.7458801490147 6022.733527167548
109.89419697455736 95.34649314523638 1912.884242910261 7167.059082870182
102.31258741087406 106.16564721225868 3358.6069534783464 1605.1380267054487
114.96536003982231 86.44209303696277 3554.3647948519665 4284.165285093215
109.78160920439426 65.33418035547368 356.49459114424394 6422.823129585109
64.5333317930166 100.26705929207132 571.9739752988111 6586.849261384607
80.62272339411248 80.57089841816561 3187.939181510593 3922.1378588866833
79.99432012024734 113.80481680018866 529.1941911576181 4961.005817113025
113.45693996897242 67.39212510051861 416.9063502489632 5904.301077990208
97.53571769199903 99.35807114558317 2170.059134097095 2694.247014971191
118.21807064303172 80.9815742577842 2305.1577955171033 7643.615603152657
87.72057120273419 114.91556552439052 619.590409422333 7623.083580522507
62.29277355654165 76.07055983634922 2706.3606033239766 3535.5210254834283
75.51216635651139 103.59989235589175 2558.403716226959 6755.76288336799
111.01296176649541 92.59030128776574 2648.8216579351856 3579.643254702327
97.49077511608205 72.30877050640632 2836.115578122217 7785.570199540144
82.43138707977617 71.48495801962143 95.38140048412907 5457.048301239797
115.22423990852602 87.15034368995906 1958.8061942416996 6411.233167226637
93.329665056045 102.12613238522779 2688.574847335206 1725.5971446173069
116.3872008610691 110.81583738267018 3416.7186440425726 1846.6314024458293
107.98903217519431 113.68750285665047 1426.2029587153097 2785.345581133516
98.92930961405382 83.4948056187666 2090.201198850955 4765.434018517945
113.50922075096511 96.77696216588073 445.4826910456919 4644.909117425265
62.93849260204277 93.04084300025063 2895.604577911053 4047.3963454250215
113.85066017637864 75.5678184963122 1657.6972073303039 5725.335761737648
62.80252060333585 60.60840565483535 3200.8598134179992 7482.444064550753
119.46640870505506 116.68846117768626 1710.2729796327715 7415.075380516435
66.50270461633905 76.24937574648389 2613.1079436456257 5916.8712353793035
71.08881100492874 60.21911967769274 3190.205754121868 5223.4408505161155
89.71212981535068 64.79006455155633 3279.842157283456 3524.642137986824
81.96771048955074 115.53755598707005 1171.7586531033232 5961.238776471142
114.01323845405737 107.02404773390691 956.5651002144589 7913.670470791891
94.87615220095553 115.30775222276526 483.84935522313725 2301.116150424691
101.81480744218109 79.88641149631637 2765.92156171381 5568.70127699576
113.32145466607051 68.26410650021423 1688.2139082988463 7859.581862928341
113.51522955301745 103.41881902477779 1616.3052451086899 3252.877027098376
105.63816837415771 115.80162111477327 3033.013277313254 5415.158826075435
95.25187474719723 78.26952784993381 1890.9971186446785 6231.666518000565
93.31670717279857 81.97026325476394 379.6330955533416 6631.853633038626
99.9319219984053 117.75321029345038 453.7063952539027 3784.4247071787518
79.76000383149224 69.6295641689855 297.95573709550587 6529.168208530341
118.19366614104698 108.82164629119605 3189.6977184499056 5920.240399524328
100.08448769427157 67.5429701218269 2701.8592680121596 3549.4019035296824
84.63064332711818 95.58441221282195 371.8076184646024 3152.382437633857
80.13791325314395 61.55699552022478 2959.584555058786 1491.2108399592435
86.89899230154639 108.9551258427061 2845.1914463884523 1483.0379083970627
60.7743352390442 73.3659859901484 2587.03877254714 1693.4070482691006
73.83752465427233 60.52885602077591 2227.674453960037 1441.705456602061
78.36361630961292 110.56624269896538 346.4706116015738 6830.667249272586
99.61642045316604 77.11878412976226 2589.76032258918 5466.200694322499
99.60265258674103 86.78554267736627 1073.9255920792627 4064.8967368415624
67.36084846885522 115.8899089913153 3428.729318461662 1735.6574637399792
77.07960602232745 73.93411165100284 1606.4639273290115 7422.395212754439
116.57470680822834 77.81168232479371 1584.5846931318824 7423.969481092356
119.40179431402169 95.1198365944972 1468.07909603001 2824.744676055097
76.70385423631406 61.50118146631996 2285.10937525612 3554.3972215438966
88.83487252826515 115.85802491954954 3013.0789156658634 7968.4115702887975
89.76994509040827 115.7432853745851 2508.350410473952 7840.706214913225
114.969044986646 111.63773300647908 716.7747213646305 4627.127337968375
109.78032144955189 79.23335262278933 3494.2528346150766 4138.0773683839725
102.01681471330767 88.07791479040384 825.244108866199 5560.897331338962
108.27943463161961 110.67310658134055 2867.8006390444907 5334.846120693028
109.85559758027021 67.70504761783394 3191.9890121386484 3027.3908400549976
77.0882044211622 66.61980809101692 2657.5917003648033 4636.326556664397
97.18104664411558 113.98153824333372 2503.9831718322976 5441.955059469024
63.76056122989376 70.20016243024425 511.13546453686894 2151.1136356201496
114.21532793532019 110.48554837981679 3430.580446137895 3603.4942181811984
77.21624096674894 120.00656003736877 90.99298155391502 1964.9580375709857
71.21847978926944 105.15564091621695 941.5425074324687 4944.061420015894
70.64320160352368 90.93913841274663 2560.252142740985 4490.966983837838
96.65973411890039 73.02307747774661 3395.313750476646 2073.233904511694
118.87351831745893 68.12700439117383 1296.7535200161415 5564.256075188412
107.07024469786482 67.07779626738859 2872.379793337003 2565.4598590435376
101.67854287228428 70.46580964883209 1052.715990375621 3579.7228087623366
62.61417536813689 75.30089321888438 783.7733520268476 1423.1101239162676
63.14119663341269 110.62772298125837 3323.6888291220844 6710.469228523939
91.4110631226104 84.73109708886291 742.8533579335867 2723.2218592415356
103.72666595989439 68.59733840076709 975.0565083608495 2718.206523409001
63.087907114783945 82.7256104748697 1281.3302068326423 6391.470918823441
105.29891868258795 61.57643817986683 3449.583938022959 3101.6813750705537
93.28854701752294 96.48937925632698 728.9177386463475 7194.365119434033
115.72984350276793 87.70325052504612 2412.1495471690387 5291.711272019139
113.94528766003373 81.39717535501163 73.98271950041321 7687.044497071851
89.36885414613555 105.32045864307236 879.1500612593301 7898.625409371957
77.82351927172589 93.10819058907245 2986.8109237561 3456.8659372056745
79.42287729872508 69.65349898250396 3134.6077246939203 7102.397264013351
69.31886446675195 116.46245647860435 915.5317219372251 2493.781410627672
91.81442003212982 65.88402945453146 1278.5280335604866 6026.42297950647
103.76754000437161 96.45525327022052 3178.5295857825718 6499.839758323547
92.05108034287116 114.8834959852972 3441.0512832658724 7577.458729757768
99.90128399300666 94.20252575963723 841.7216047483729 6135.140850014494
110.75186171010093 84.9110024738365 3343.238999161101 2862.5427707418157
68.70441776417383 65.26513896529318 3344.4728449918325 6809.634729533396
96.80127413939908 73.67349308583806 2824.196979376531 6376.81107925464
112.33366558857982 73.39991674933302 1293.2916803970413 3076.583967882738
118.60797537089694 61.68741564398578 479.7003708809611 1728.0026385802585
114.55679105636467 118.5184600876653 1135.254307887055 7694.096232633378
68.3275325777548 95.41648198022574 156.18654637760636 5812.727011979367
87.94029657254747 74.54230697036485 508.0538974507548 3436.7617504954783
115.3321290438973 108.70772980649541 2581.097062546413 3729.651169990959
91.74348867272775 86.77998877802378 587.2696909954925 1955.3468725810721
104.97284598817313 74.12592474142217 2244.4637091404375 6395.720025489359
62.265311422499984 79.72883748252889 337.8794647715305 6782.518910638993
103.59398582979925 85.75258565726334 1611.8728952218414 4294.094648142722
81.2923856355042 60.96645177978988 648.4310200967075 4677.507732458599
85.38982244418348 95.28138119836944 2221.071556104864 5960.085065082576
62.99239791939718 91.31722975383884 1369.3882856559323 6993.761210365284
109.89424237399429 119.57625090321058 2687.6403070650617 2845.9948762163704
68.70984231376747 110.47480807655808 3566.9998405289025 4825.483123144153
113.684355863852 78.77085762298255 570.2508515564289 3189.515127089178
77.56402445879161 100.20429765792184 1843.8976682305347 7498.529230367486
114.95357476867153 71.00073239622333 2442.00065791906 5592.338176631054
91.84877207687197 81.7896648101391 1231.442409731021 3518.116513548699
97.47687258387961 115.41157938899637 863.5929049895129 7801.0608608322755
60.78547484032506 116.59200037249227 2325.979439730525 3752.669936640381
109.0250370140168 81.56672980672249 1909.785872782698 4619.94957468536
116.09982798343862 94.96463144855515 2430.583505895539 1377.379855687735
75.94848571472382 86.92188601361924 1025.2363402935503 3377.4521230460746
110.41488430335502 72.10833374553091 347.33384206715886 7258.648512186151
109.52985077186375 97.38074592628354 2881.91701261497 5246.589214292013
82.07248274213815 83.45776672762993 2221.3778083942448 5236.072239236324
95.49545787295233 103.34155399590702 1006.1959197142245 1511.4553114014257
68.10201537950007 91.50706723142355 218.94875913425085 2053.5227668602206
81.26205876660073 100.49647521225083 3550.781584237549 5181.803986655167
85.86462087734215 80.5950498159242 1711.7293150795876 2804.634159590364
119.85043507716856 81.73379574393161 890.4038661270539 1160.847233894804
77.73740000073109 99.8364027549448 1840.153121222083 5650.611589649787
81.37853831898661 73.48717142967301 1852.0366016358962 2917.398798004506
98.39370071146094 117.78864273723724 3279.082021277256 2690.5611313154905
108.61876650006121 111.47317305355236 2692.404675309665 7068.466455823649
64.08532583118796 99.77582630582174 2167.3771117722663 1343.4513949645063
75.32136708209526 73.66751549530899 806.4952752800345 3047.461252162481
99.07364310695317 100.95174124427365 350.79292396062806 4203.2017729877825
88.12543831021497 68.06416689506715 2125.6038123750695 7026.3195803244
64.72023537412205 98.76645854246838 1114.5212467255362 4112.746495890759
63.42007352096544 115.04945934909287 1950.8684113867766 3609.034867307631
116.65456694595152 86.38893552315523 1801.0159635743119 3835.4323679088106
112.1540261433667 74.14047842615443 1367.5363818787246 1308.1420770768075
80.95533724092768 108.10760831001018 552.8117907265591 4951.52753535971
71.785409539545 79.08287079824248 771.3073417398513 3352.8029592835246
118.37040104749607 81.67219656507707 1993.5814850133108 1387.9441207692817
109.47114538485035 118.4301112074719 802.2862309464768 7277.144126079671
64.3704043774482 96.38000130138889 3414.379238903966 4320.579362063604
109.53497871944255 65.66604109933947 297.76865760548554 3201.57956746161
100.8464943857962 109.83870914819389 3486.194195306592 1298.731767682423
90.06136508605735 62.577149709643436 1516.5897773692218 3463.8166773717494
118.26273258209706 111.24836590214137 1041.4162958556137 6845.3540911186155
73.53468595519526 61.3564905841602 3062.954549522453 7731.247695870216
91.202522424704 92.89286965622564 1967.7194679834604 5650.083186520163
92.90367397988406 68.26832570140506 2934.383633447304 5993.270418971249
105.87587355078824 97.41836490318966 2363.5839854337587 7143.004894945656
111.70575078802213 102.03661163271133 3396.654606547829 6658.317355072562
85.17003627937221 114.05329451431957 2448.3544549595604 7122.188478550729
64.71093957779533 59.95464404456584 1750.6208896249102 5334.39917686664
113.17870120266824 107.55118252248664 1510.9292004017325 3524.589188217021
112.65918270939872 98.18173202586945 2919.825739268759 3589.282371734043
100.37139626263212 99.62236615202025 1372.37789205912 4594.301534795212
75.31196664654925 102.02804639121938 2283.945575497222 5484.213121665929
83.42269431028268 113.4608126783229 2686.8548968213267 7420.068056247709
81.03387395955423 117.2080224781625 2591.7214067834943 7311.679612638074
104.60146684004603 114.4964126649634 1982.5281997530753 5380.558815912645
105.11343326877164 72.00810431872198 2665.5679367890793 4900.886588010478
62.89960538055008 110.7069405213326 1403.1646917845942 1460.5179772732515
86.89688092845749 109.8060710028789 2786.076004933202 1193.1346028598389
89.93174749835353 70.91624206911622 1729.6211448860354 7182.3960682851075
85.08718706072169 113.42625090962139 1589.408643926842 6658.79961615215
101.19230534699474 79.64400192723963 917.1749423976728 1158.1023054688776
115.08300821097019 87.32512697785974 1954.7112292914073 6411.57588740189
88.83631878964728 112.58748557508882 1197.5258250425338 1121.155072182057
116.56907443161046 64.02875971782046 2944.2714624368455 6444.244405365856
59.93914458842383 107.64993696604132 3254.648775060613 2502.793265432861
70.35638601275532 104.91762304427581 2666.6187319595615 3432.943429561695
104.20749754904291 98.2187908714475 1959.8066519282092 2157.560962137361
80.84630531541204 75.61743036063304 3049.918369400242 6094.652510498383
66.81362095212263 65.77052182503513 3343.7310333625205 3629.3818861717978
69.78160645424718 111.89297077156493 2085.09646778553 3274.8967960995433
81.88511859913204 79.07427033548326 2807.3270372896955 4950.270219092027
101.98974933607948 82.49828511924248 148.9597347800476 5684.604504138891
88.31181067053207 77.45561338773243 254.74123584466017 2662.4136937325698
84.75479803056213 79.13115070237448 2662.7989921735534 7806.92639583181
80.1910307492402 101.11092878052871 352.3039377281221 2444.635497906357
76.54410907052984 73.89390062521694 2483.4286313777693 5510.479455327933
104.70685438588426 62.320102535078355 595.8861127575057 4915.10497600386
71.65777749002953 60.82693152257858 3123.6177242489716 1203.3623602206433
74.45308995383381 101.7090929302726 1464.8274976992009 5904.450247805023
108.57077304579823 74.40849850966855 783.8678210730945 4593.53675528076
63.66394963736803 117.89223753416888 2470.5512498536264 3497.1363108251694
117.28962173201504 76.59726306175244 240.9712397685576 1096.8095542212268
74.4236609398556 74.54877879525718 829.3295034216961 2101.749084922073
104.25388898151276 96.87401380985052 588.465176639027 6427.817957850572
103.9063239779119 94.98051629298084 966.8382277089424 3067.3917364046724
90.72854243714495 100.8568330255808 3145.6191410124907 7694.415164757149
82.03471363983932 77.52138821345747 387.3031342126959 4731.5020762270215
114.79741159983409 81.12549302214964 1412.0940011063537 7110.418494476447
106.3652397663754 114.0465799764861 782.0252214413265 6110.548056861084
115.35290435142252 115.51240976321922 2005.773602942236 6237.148836930739
61.06039169834978 113.28823370384318 2690.611947539316 7502.998182384744
111.54263550483182 90.1084765461813 642.8388459932044 3258.8768534075184
80.26085029025091 117.13608190470862 2912.813633942468 2908.9941796547564
110.2668375942897 75.13383021266588 1612.780412505277 4161.859841122342
117.58392496731997 78.45681652761725 3347.4788863819836 6081.742816953238
115.4869126739478 70.39879671967847 58.44555270879473 5749.9914781646585
81.26300639328485 112.16509960035806 680.9210002782224 3468.132944577152
83.88027770253764 81.98564733973227 1310.6614554243151 2943.7729577174723
116.3516431264643 90.53084891095574 1735.228500268955 4313.744783871364
94.98562505157135 110.77159444993329 1944.0566517310124 6776.3512163843025
74.17585762808154 113.77096593140901 872.4334002573938 3032.8773299455265
107.25004379325247 66.50338165650405 1564.4006417764147 6913.136418843853
98.97913889357872 98.46979526776926 3292.7546697051116 3386.224042202927
115.95054715416545 67.34047810994485 1306.4945939923427 1699.439422021925
112.74548597681986 114.30183480748077 656.8458188075407 1102.241583337294
64.33784601641521 68.5220164560358 537.539259001531 7452.05790502074
115.96648539430255 87.36289459215271 1079.8198555139454 1648.5043792665897
61.844364840852315 98.63507885929323 3191.2034584746757 3065.3093034629437
82.64996492607631 111.56141647322494 1299.1564388630966 1927.5574743800348
91.23286446146155 102.95802256230293 514.9310173812238 4455.454800294022
82.36038704295278 107.44997214109237 2410.984289516833 4357.432969531856
68.36610169735364 62.29716993846855 2516.1852928895437 3718.524874626455
93.414544646761 61.1982775208215 3236.0207569543204 7395.6067155292685
86.71479150556509 83.89346642439878 2690.040994558412 2848.8295522142953
101.02931555772386 77.30529330033856 393.46673537182875 2556.103594512786
91.241460526452 77.08124626346007 480.65914164223364 6250.7881083393495
77.34411229353555 113.65956484807766 673.0176202797702 2105.5301309049883
101.74852290470355 86.05833141485954 1030.8987726830157 7374.693694309566
88.44243922078955 68.38427496131787 3286.5920235368108 4323.521701151879
99.7105475526867 96.70890468133751 3361.522522294876 1421.1366293322444
79.72761095792995 99.62986803117437 2860.235245609346 7271.235800748991
118.67725372269244 97.25978404459772 1573.3773110238067 4731.086060638689
106.7891380310135 110.30583547607947 1261.0803472194646 2304.0233710934203
74.46653696380051 70.61139568468674 1901.6771596694962 3700.7609576454265
93.79419266043764 71.24767644829467 2012.987906160311 7459.0779764372555
119.52808736227782 98.10059415574281 219.84757643656476 7801.710273769455
95.26716892467284 63.7824626714547 1676.5941572422203 6635.070918745241
76.46225511745062 71.03815845196611 2030.155943444873 7319.21832694288
109.34628581861675 110.77146671866468 1181.3030324138524 7684.530006288382
72.59192044683505 94.76662370581822 2797.250418515189 5341.663427593696
91.62838200513147 98.98414507632974 2391.8895894378534 6130.671196824202
60.242215322817664 115.10799423364995 2214.0063511752883 5164.341289396797
59.88659215154669 110.78222564254715 1113.2479330522285 1116.6557538651716
86.91666458882794 78.46315311900811 3382.652161484234 3787.8824924610726
96.24227021565338 92.42143910517622 1787.9953760901649 5201.829814996307
104.97222738502937 104.89687491746459 3381.1894108787906 5068.347023852256
62.2876981845693 118.5284796839127 404.0593771811735 5382.504282003015
118.4300374839225 69.69356821171922 1343.1652680014058 6751.101007157738
103.22692680986775 102.55701696256725 2988.1306298407653 3547.4595403977733
63.18064589899703 84.0565349688531 2990.850272010033 6432.544888775364
116.91085503488549 83.0700281430015 30.970272293998534 2669.452170340303
80.53108638961642 75.54881141294004 2281.3901674733493 5797.667269528401
68.54733098207971 69.26370888100242 2481.7446528925907 1365.1821742481777
100.10575928577164 104.55558199953062 1496.3472347896566 5382.277822244815
68.62381324736643 74.24109404631179 673.2560390924411 2644.840226354812
118.23423569536696 72.63916836600849 1405.0626025916945 3195.929657711923
77.71228592342298 111.26482246328612 2182.3570332973195 6490.98710871107
67.57142563109939 103.09264369635034 326.7107576292879 2446.891752062073
64.65867913703079 62.5086094036648 2919.152846144695 5698.726422898819
69.63877492571955 103.98347049619807 169.43039407867525 7331.775745018051
111.74930945572974 64.77587346185526 2084.5602067286145 6461.096437768492
64.96729633560957 64.78673544678497 2302.522880286849 2341.8419978649526
66.58532430382898 95.30666457461228 221.53551309584978 7440.108892536691
99.94861898731152 62.21820217730567 207.7241620990309 1679.625966862793
69.32457348440701 69.60499719947961 1348.6826350113806 7162.458289506753
69.5406180226644 103.21938930528268 1837.2108275212613 3342.7666885202134
97.62005602464967 99.03047909654354 3591.377462325074 5853.529097770971
94.35361957529119 76.525350349095 2802.4673962364986 6179.8230159161485
110.71891296273645 103.32123273112732 3176.1503299888655 5802.46275981401
80.75567220709894 106.00919049237535 86.30939975262402 3971.2521462536165
84.41894036989203 100.14106288098822 975.2691130407122 1994.4352527021597
93.55636963764022 113.70199331112809 3423.0352146745436 5999.492503163049
92.07705235121654 70.12854283362354 1672.3831597929634 7858.60419053804
119.27871499925459 75.92120634118842 2172.0364481443694 2091.791721392302
77.26789315992968 116.42100508299265 2638.6836010957877 2998.3359588291623
107.85213377219947 106.54228100927466 2802.255253599477 7920.7457815623475
87.63172318112441 99.18151260201101 3325.8081433869156 4344.580247385724
113.37661272725029 83.19418164136125 1421.0172603027165 5222.618774654623
74.55041443625052 87.23410409768289 3499.557874078609 5701.316437485083
109.96560124478783 77.1416102853944 712.7489770540111 7148.085521611703
63.74220499912842 91.66709154626321 3354.975525915552 5692.318185063486
102.6300846479224 89.96339864654688 460.0124191420673 1835.745567780712
95.97989646428381 113.01310624097076 1764.292741041688 1180.2070698627888
71.98422702750685 70.35980362802891 309.2013836945162 4103.05692101921
66.04499838242484 90.25703760914061 2839.634691542769 6983.88488938257
65.2871409718941 112.12287771979598 882.9648323476255 3953.7066920549914
81.78219460526896 72.2369267135366 1119.2588417237876 6615.039962623462
83.89771242849689 106.8425430176125 2210.535767178679 4485.846582455191
81.29645184390971 96.09825491696151 3465.1142192281673 3006.0215279104764
92.05470770815157 82.03279342383146 3281.5700583827306 4220.0125323919465
94.226814130868 96.86186993660534 983.6302230421577 7799.592745291064
72.13653068287205 99.87661917278416 2474.799710524056 6972.65363372048
104.19688323219341 106.7061477518424 1.532052283128489 6923.053074924597
119.88697176222223 98.43499614149646 1211.4908234537352 3570.823792643539
99.88807920485296 93.9269930522414 2600.068558460549 2783.2270834614405
103.82425434239549 103.77539461236789 1691.654052608035 6672.654695197453
74.82958863458555 93.26821962580995 729.3285017285583 3873.948666701673
73.78559399030347 84.48738626209416 3601.8488111822626 3888.9400297166985
105.38634718557039 82.35216457122156 2790.6692454750946 4628.270445965017
83.13215656500637 99.63497631000106 238.30652531683074 3418.307131564987
75.6851677933585 114.5936440431002 3218.8204522062147 7637.398866824261
74.9168982554027 96.62898114615629 2064.5260968915736 4146.256554330719
107.56471675159271 90.86473390568692 2995.733357988228 7111.9512524289075
115.23940909526507 82.00425525746273 1000.2457796157016 4698.679786188153
78.03758339454978 69.88005600164179 2377.0982437779203 1030.1793724199258
78.88725048581001 76.96928886950623 1266.921229184359 4478.734864885837
67.5992527734937 102.97734773556509 319.01989092147045 2446.744669541709
95.9219420038075 112.09863603581152 1030.9346640095775 6416.35002263501
115.60550522998986 106.63034678812954 3011.513498241866 3103.422953254926
105.52837809712253 102.87782273680239 332.17552047033627 7828.554306077306
84.7998987919059 105.79380542385049 2016.3327789633477 4967.399288335785
116.37536974768364 104.60217926159547 312.09944957563357 1898.4600741581853
78.56254579580947 100.9460669328196 1357.656734863597 7639.181827320982
78.9646582934871 112.50870097691916 2937.582697101197 7623.561051179802
96.24145366620337 80.87630793488097 2442.8059937140097 5980.018183602514
61.56417892537553 60.60711331378061 1106.7646540663864 1885.1100851572016
113.57968802761856 74.31105030973448 788.4813584142546 2152.98983417675
102.45263618213099 102.9153116829686 3524.270650715768 6791.937647545703
66.80137651125587 102.64621623201467 395.13588306679435 5745.065301349726
80.61701992921896 81.01976803852733 1780.957563701384 6717.504467705329
83.28395053388176 113.81749153030142 1995.1609859563077 1658.906981388336
105.40251214570338 64.31240708899323 2912.6948182785113 7880.056719368456
88.01798186919312 113.31854399321277 3413.9194247484857 7674.927879439185
67.82038725780788 74.67642189969737 3537.9502173666756 1330.7888004947
100.9575014119035 98.12555761731406 108.07323752073899 7284.586679251544
66.34834085819544 80.82870176857811 1347.0833913203737 2548.8933770428475
104.05326188745403 110.90475511194013 108.56062456326042 5250.47940844997
96.27438342446492 79.62364284120434 1541.7637818957917 3055.0249018225277
119.71696869430131 90.73817022457273 146.40790480522332 4067.3018007732417
119.82282723491264 61.20882383174755 2049.421377813446 5306.530412047028
78.77245602619936 118.10999862555153 2519.479074077433 3169.2194298099885
116.55114778391054 84.02239658342573 935.9865636388665 7023.16412677751
105.14108205522274 66.01593160437544 2291.6509905987155 4726.827513343409
71.54289542540205 111.69998301216648 364.9447455708504 2717.1191395984897
68.14966366941339 85.8637622988093 1132.4520838442522 4427.111388805082
86.1156679224771 71.46830178866146 445.4304834044227 5477.59062575495
77.44160912789063 94.1075521427568 762.7205515591492 2029.1635274487628
67.15390041386772 81.44531337164968 2232.609272473722 3666.948527004238
74.10880018375549 96.5225195737486 1681.0975050846116 1604.0501934941958
99.99860238943572 109.27697138677593 2063.6065289015896 1083.452467304588
99.91623119371815 119.77214718275617 1845.983256903702 1406.270042714709
60.850919748193846 97.85347149844216 929.4696352392557 2153.7845144537137
110.82609673511557 82.25470201830997 1085.0717295548188 1501.2065111158556
72.13922991544999 64.00177252839384 1223.8489144244113 3585.472584614018
90.55685590734025 88.19024236530309 103.1354524112522 5470.035661084985
70.33451172036834 81.1319007102739 1079.8111475143724 3799.5060991591845
105.69496794828333 82.69559491672533 1048.7853631829341 1275.7843756327304
60.979207393901426 78.17537593372121 158.3084549702392 1278.1558795111464
82.94309969208409 79.95132892130647 2437.707765763954 5767.822407678419
67.75310285766746 109.09160989091143 410.1358479442007 7591.94627599744
89.63781353420723 112.143901340441 143.1632257319247 1822.1303877158202
62.008284824194 107.45378002610089 2276.4196286693145 7373.292863916546
108.68929491449336 116.20313025333049 3499.0363512941135 1371.713467224364
99.5939946700042 95.28217000179389 437.2520299711158 6446.544371138053
112.04187072853242 104.22307511001786 408.43485702207664 6680.4910586749975
119.87425573909199 84.96051396504065 3390.9296592237033 4097.463541644528
102.70929409476 92.1037493873702 2619.6119142034763 4705.792960214475
73.30475007095397 80.6352253255365 999.1899270245384 5164.8451003494065
79.82886875312093 104.93283958134596 2506.319640455447 7997.121744301775
106.90214124586701 104.23693401917659 3086.824889668704 1446.5415738048955
77.10438998944582 95.30730246425965 3153.0949252061664 2729.9167539233686
95.45425039792168 73.42921806408057 1291.5867379469694 1175.880089228668
109.28492718205555 81.36319773917296 1402.6766799278398 5842.804118536554
62.2087525969934 111.74805764546959 2634.364651281005 3103.5638973866166
96.00662568343837 62.893942221293365 3205.679055353884 5451.655792233317
67.73420233339215 99.5349008233477 2811.982570327887 1217.530504895506
107.66087395328688 68.35095371727289 3449.377936586212 3455.1858656555423
83.56506555713005 108.35186548164616 2918.361276348089 2453.7664588011658
85.0707928365027 107.4961729942252 351.6253016523385 2027.2195345119285
93.8431202700204 85.99127912186646 2510.260261873619 5879.595402728095
79.69279224047384 69.37211046507713 2435.210703447455 6439.400994865349
103.34366649355393 85.01669936537925 1258.6522216815981 5597.2418795772455
61.04975818667017 106.60404078957043 503.32754342913114 6985.096451872744
99.9657953587303 81.17239960828272 2724.2019277588156 7492.342372594682
62.36115076425739 92.16957704641423 1936.81596943841 2046.5334391918852
69.33671007366982 118.54243515826559 1779.7558722466927 3903.6135589221876
90.43287859401475 76.01570082441175 1077.8691686294383 4274.3605940173165
70.19015958697504 85.7672421050176 1585.1856814206033 2607.3928383188477
101.21810033977836 72.39125562952948 2352.2409594270352 5454.684456594762
103.50938697858761 115.05017397262093 991.600758913199 2349.648588881517
72.30457682122781 87.9768417503557 418.5447975693695 4402.403452212423
80.00255418954305 96.46978196025152 1191.5029196859011 2874.9507379649235
115.14827973865337 82.12506712004371 1018.7392115411691 4698.599847926544
89.08520570752037 116.52626281832646 1264.401677698305 1495.1744501247279
107.64288815368141 80.32465326651452 1646.0923254011068 2000.6424364724633
112.40899754021538 94.03795643536398 1511.014761751928 4106.858852942757
91.8701860619432 87.62838021277004 1014.8633661874192 1966.0953272239262
119.28586720620747 105.55987231602482 1969.5469723138508 6661.889849964341
72.61906843579031 99.86081168881167 2458.399266476772 6972.33689285907
97.64582407327559 118.3446827633598 3379.9840666000005 4587.009469629193
109.93892171872963 80.96528048796507 3034.365294213049 5818.344735901327
69.83607855084749 118.76890916207402 335.28540619345034 6978.440579988416
79.41962799710952 65.1880602382372 2796.2554311244176 5886.730816540596
103.70831862332061 64.0150328564956 3393.4828935291853 1698.363671301807
103.12061731389518 60.76827731790865 2760.091506636029 1029.1154073377154
71.193067589745 95.62492647287478 3129.706165601471 5459.66734270262
92.02866845205527 105.97337042169883 347.16612559406065 2264.0333752294478
98.59445863115238 77.75861369520153 2319.566745485019 3806.6752993917976
65.23609407800205 118.2228782291783 18.159672025194936 5604.407911750789
89.41458181693615 67.77790495005311 3439.9240459975763 4359.071951944293
116.69673934078767 64.91232821261573 3366.265393882671 3918.4448804704457
91.28477313341371 77.31010640177503 472.8729604960672 6250.609710511022
76.01647665857162 64.91714074845855 558.2952435877103 5006.635288239487
66.13808521840117 83.9658342362611 666.3157893264229 1916.6599183435703
100.92208101399575 93.78897826125375 2482.0224756653674 5444.607514538389
110.8761323945774 66.77235250872029 588.261623709089 7659.710119716054
68.68443384982511 97.65721384302303 431.7495935501159 3338.5073790027764
72.2064737530553 90.57055559394294 2874.4804421266226 1485.394494076276
64.93591676404903 103.82866115286672 1849.0826796628585 7488.342552064322
72.99150625320904 93.3965735089569 306.4536049294679 5197.635993374134
105.50738934864854 90.43257857836018 3188.3864758755963 5183.110245645485
113.55977910685971 66.36631906773933 2713.2530459929058 1718.4220508611147
95.81894097360365 112.43942607255327 1036.9018234250125 6416.106565973831
90.83130583250876 62.29255869376871 419.80432539342564 2658.912994552318
79.00133180091328 102.54600967568213 2247.968222981379 2194.1209837451806
88.50393436002646 68.08297552884065 2893.3528741099667 7772.068205103984
76.11206704525476 116.11122027431549 2607.2829639705405 3434.5817031023066
81.15483588302916 75.04660025783016 350.4730211187757 4228.344311859243
79.09215415007897 66.401389688633 112.81696072995031 7889.230538397247
96.50254654218176 104.62564016158392 861.4061679783124 5923.352664963213
108.57609354449212 115.30968374713292 2790.279261540013 5145.620014104808
62.78468669255092 80.598235760499 2369.158282040328 4314.2268989958175
60.803107019566895 83.06065342554308 175.82384877275913 6384.864437540794
93.64679273347012 63.49499419692443 1892.5206517995744 1065.8726532157896
115.42344338018313 94.09578496286468 1771.5684634085549 3781.532402033687
113.17729091355547 109.9401863176528 437.74902928119354 2016.803290423718
103.66277188312375 78.39855746544256 2786.687527012468 4632.708380117155
100.79185480293926 99.01298381918497 1452.7085562692241 7801.106983294058
63.09069251617746 71.58649655637434 3349.9341564526735 7283.236429481482
91.38239335743032 76.22666247026861 2049.394786569656 3137.9173358392227
118.26752475726062 81.35172971444548 3448.925817016838 6055.1649938552355
106.68013195688113 91.0798285367586 989.2446070500886 5026.709460406676
96.32834373772063 105.99327424060145 786.8001049571734 6350.493612506022
108.25615448562544 89.7112086121642 2357.5442867500606 4678.204326398702
78.80447899768491 105.21091181043353 2468.7697415219914 5156.678016821452
73.61671891747814 90.12293362864887 3260.4097650852273 3799.384028857854
71.87067281767456 100.69106874646974 2534.0158547409064 1181.7093360726376
65.7951411724689 99.10525747875656 3023.1538498372265 7468.488471725908
73.07098302876038 66.04754144978887 127.80754190233084 1461.4903695760195
61.14579661460358 68.46863985166308 1660.2438237880988 5909.81500110258
100.38902071597342 94.86260700884979 2382.5395112083584 4393.821584371124
77.1624563261043 73.78529661884357 1375.8288814230932 4104.229687867267
85.81968840874417 118.73566520296973 2313.7799522758155 2336.7265398387635
116.90212060332883 94.96948932101732 117.52236637317506 2663.8073374771416
88.56101990827082 106.16328179733878 1083.645762924718 2069.2487752311613
117.21561835706154 102.85757906781421 484.6526932433694 7426.015298945653
96.47938286703115 102.48853488372015 498.7938821123646 3011.1066680766876
91.70410425661056 98.38462933487536 3503.610634005041 3514.3745788111028
86.17217087393155 116.02947997426443 3405.0683374937917 2786.467704116517
62.985850399171724 107.08471951415359 2164.320438496721 4263.880221467377
91.9186536247659 86.61419669117187 907.5788896661692 3600.3082768781787
80.5763426853986 80.73529710178116 2138.5040051491837 2332.63404784421
95.16732163898673 104.89492300567056 3359.9311489693846 2296.579406973873
88.17930201194015 104.25624509049425 3341.614728008996 1149.0174825148245
115.25960446009127 109.87546540367765 1173.5837014750878 5897.565953561924
87.59625976620772 80.03689648003296 1419.4278168605206 2098.3369940449256
84.33471105377996 70.21899137330982 1959.0056150501796 5715.660663525668
113.60017484972703 77.97452304718598 1883.0923874852251 4150.197577136504
106.00638792890066 106.91402958273403 2344.121881382544 2018.7996025255047
61.386518806537104 75.35296597306224 3484.6310491717986 1264.8868241581506
118.10057921273281 107.6177116717247 794.9689298183649 4518.542307796308
79.61068744316202 66.73265519185264 571.1869010896933 2997.476386548093
105.97792272440911 101.06807479058064 1650.587756933976 7873.263719931051
72.53361343944002 108.50378534295783 2339.509655196098 1252.3062028678864
107.34836058164784 68.13032530076734 204.2248843328257 4816.143378413788
71.92064090481782 96.45504141028671 2300.6990554764557 3185.91965442639
66.06063164815227 80.50047538402812 2178.0571316885257 6464.764012347401
99.25498108955665 106.12618617082231 324.77297495932277 3161.463196465034
88.65567824209059 109.85213001270407 523.740083433059 1381.321318680764
96.00245902370418 81.23671009290508 1251.081000142411 4173.007372543149
117.27471727117579 79.33806319939134 223.83631800330537 6170.141942069125
106.41043228783876 79.74229347505958 3125.450359575341 4729.553751023938
78.43127206850437 100.49166110850813 444.56793364771045 1577.5139555147068
108.22761800752974 119.04355461291823 3481.3786497588194 4717.456123444715
92.9363087231396 99.8040276671733 67.98437037320463 3416.8849622569523
81.58492421585301 98.42165356343742 2368.8955265888303 7918.706108158168
101.2541943648661 94.96787888366845 3395.2667965218866 7413.2388133072545
91.88580217255807 104.44112738228176 459.63270334982064 1471.2855938107023
72.83123733346635 81.82124733235257 3009.1840644295175 4170.954919091489
113.33331914524913 113.3230367646683 2617.9146926489325 4956.487052466432
110.8134482082264 90.01181711921379 1033.280970379204 5934.149739220948
63.86480474548999 92.91638726706529 2074.7202163470884 3370.859548792978
113.97460618632445 101.27461007364617 1439.0531476094932 3512.9432379705427
92.20600437813964 110.44553274150233 3075.1991073340587 4857.068467830386
111.56678589807625 90.12678021615787 647.3335033432442 3259.045520266616
82.48195528750173 85.06326780192359 1239.8370529409829 7002.356475698863
87.45461770337332 65.25748806486239 1068.3027130786022 3542.819099639885
83.76922362777361 97.56101158803529 1543.9097336489663 2186.1704880231514
111.56904639286438 78.63614321388184 2040.2736623486312 5869.681059407206
100.52162660491005 87.8268214523179 3396.722709501305 5358.750663172491
88.36662252191688 113.72477998025282 2511.571981883591 6363.584131011399
116.80690286205918 63.397804673169276 1939.9878338179706 1641.2383935403134
107.63625210947572 110.57196617826064 2988.8768051236166 6414.1394558397005
106.48444147990917 77.83495183411583 279.3124895573088 6167.047264314539
115.41831278639648 119.05481096498448 679.6312166582823 1946.9954669794313
117.72478319026547 81.55417971098191 2971.5611949136887 7902.16816900022
74.2290278050311 114.2174234695782 2.3786903178584353 2949.612101123879
84.23636403348834 97.99713751996647 836.0729055216718 1018.8934924230769
88.98842733595464 64.86064408006257 3551.9107543878404 1949.4595282566481
87.88612660052976 92.63716702244297 1718.6884871753657 3172.08696430496
114.25311889335717 110.59447941636206 3426.9489943632334 3603.1851419049276
69.84473645065191 67.25177160467632 48.33466621148062 5938.239150346727
60.444806599487336 104.65617455478166 1469.0118249413988 4311.976035759679
76.74416921344317 88.04307119614089 473.6395255125163 5443.411654191886
82.04044805630423 97.50452923691753 681.1713775208611 1225.527460254318
102.48130029735358 77.43751191608791 2016.6243884048647 1679.9522126901122
115.32287464419069 98.82248962668717 2271.1042112460013 7270.242089264759
90.02345983640897 103.47674015043162 1221.7624123919607 3230.600195472617
118.09233514464222 95.67818133405264 2651.7684940679524 7103.792193325211
80.05490207110385 72.8721963741091 2814.6883905005147 3838.499562457825
116.38889730137006 119.01667650970607 3203.047066485127 3948.264638851343
119.23731115938493 105.42952963734885 1968.043668749904 6661.988002721768
114.25071591351242 66.46732913131676 2046.4128677704105 5867.998220688165
109.00566776572202 117.53671176768013 406.9733325436653 4361.872305818578
109.00438713444882 94.7504793242676 26.522589168981025 1871.039546458011
83.90121916126571 99.98963828370789 33.963566280579215 6802.578959911094
85.59360776801007 72.87547154697683 567.0731736831748 6620.033102820608
91.24716832219993 76.78138910605685 1307.524668154615 4573.515481789697
61.272108833157176 72.50607203259712 1896.7450975490283 5556.235607342408
115.4663050286362 91.67259464163793 750.7401247715935 1715.8788625459956
79.32766977379029 88.85381252849459 3244.708541322255 7925.326136707681
97.11597608590114 92.51693378305436 3360.9460620754444 6819.424758092732
91.81596853633434 72.93690174127029 3126.1069987274677 5206.124167962208
63.25741398740174 96.11856902753152 32.65771572481604 3203.0416523776726
111.60072196939313 86.45589427059285 1357.875198960076 4853.683470884078
89.23114616594864 96.38394118432247 2084.8435712379614 5174.489329943407
85.89356969507146 118.32726169845792 1015.2944602996007 7160.793882476551
67.87180600537204 103.06781636407922 2555.6811800962396 2568.440799590197
103.2695165113224 71.62780347831739 2865.98624971579 1838.1680292604299
68.81705190112501 73.4585056559549 2252.038428468348 2126.0662850473823
84.97353153459635 82.96384014695964 131.5324206185675 6620.425987381076
119.73026375893755 114.24714808776463 2055.0383806090667 2702.383922580282
77.44240613800963 74.13689476069612 2346.943890456628 6293.106735979973
112.31316306207708 75.4442978562364 2199.555207324424 6521.863173831717
83.38316736310327 61.81119477094412 2156.332267014129 2363.7404614558245
105.49082493869662 93.92852405304738 2547.830206130324 3525.1725071949336
84.15958135961246 106.54091042727254 1648.4578328109287 1667.41596855741
115.80177117180702 71.80910674410401 547.9623393797567 5772.528901696101
96.90584210936771 84.38386756148685 3373.5187716479445 2536.898944527694
82.20095146076704 96.26433758657976 12.891499290044464 3816.001749608254
74.85389556205565 78.92523324763869 2690.7815814430614 7142.550033180229
91.12829533916087 101.27837844951809 3284.616046611726 5430.2507835610595
117.77844129337566 101.57765750158828 3126.9419453725272 3871.0543882757443
116.63117384674437 102.6512447846035 3550.8971946217584 3690.790034552476
80.57938812200322 108.62821033083692 454.7207532767243 6050.660676727323
84.40866511423485 97.6956322654403 134.74786502056193 3692.725023573969
87.12563321434982 118.39497277026717 2706.1029590533117 4457.564626434316
60.63525470082187 102.456970719839 1231.6754173984834 2056.7152137172247
103.75956497135529 109.62183532127099 1517.6217709163302 6546.304408049593
90.51596277997695 114.0322254968439 2062.919493153575 2459.303757349235
73.98051281092616 92.66779422144046 2337.8639010638253 2029.2130341172772
94.94464047787424 108.12062691585862 2935.321949949909 4856.538523163184
74.78681742709006 79.29282207410952 3179.1651212437423 1152.093853313527
116.01328789593803 87.39585208099076 1081.935127141805 1648.5863362317016
64.92912780760189 71.77777096339682 1458.3719465253444 6419.813261632449
99.12960290584978 83.42786735975527 1445.9134070572488 5511.590521951696
110.46059728757042 100.0483674374228 1963.6561464323051 6166.3807455245915
112.22142354420957 71.09378261308396 2986.703093078927 5695.49757503793
110.58798222529016 101.90747627599247 510.7182544339865 5320.20745305937
67.00854384697108 92.55309467936351 455.5687302528616 4104.260214609409
92.70924891611017 88.5330029100992 3559.85949773758 4921.927178418136
77.13123657336374 60.261516147350314 2455.7706209222706 2640.9852339361128
117.04268695086543 66.70677677601338 230.54624574300172 1649.4698547835324
94.15869347597437 71.43987995104635 1947.9684100097907 4012.0168356219892
112.35182487562562 109.38615819240903 3039.0634590575405 1810.8636213300103
110.89286446817707 108.71593800298312 831.0382619948823 1600.8723545238465
109.58828134422852 117.37265713436001 1205.8182058195466 7793.925956718327
95.65552718816126 86.87919886101575 417.77201328587455 5780.092416512
80.68516724652443 95.47193251579378 3168.8790083746103 6528.884867219327
86.29967060803601 102.72236280204056 2478.199833201491 1088.9208171666867
73.07838221024474 97.98913448512239 1943.6000592917107 2639.707933770641
80.95609790489988 83.04447445811654 491.13217248530395 5535.130924810527
115.45983259392344 80.58336983731014 2155.191391088053 5651.2331691897
86.89512903728773 66.93494504434541 391.80960371612144 2217.582698451666
111.11156845392881 117.28770611939144 550.5055964919329 1188.5367427082945
107.63606183877812 61.568442340206595 1493.3146726764592 1303.2150590756
105.13738278735252 117.47714783315023 127.69301932830047 2922.5485124570273
77.50961554197978 117.62239072898403 736.5008932970549 4976.83085523589
71.13457317231882 103.97741454720544 3324.634188075881 4654.288225995492
83.94437325829695 81.92810031280929 1306.6197736721892 2943.71593355742
76.52448536963419 64.50688550957999 3539.4193546847437 2605.647932293012
109.52936355292566 104.07435110586903 2979.6843785130172 6868.9377299395355
106.62630272336553 78.60573820620056 3415.3015403368554 2163.7073679162318
70.30731733147375 63.2700556323549 329.434039131015 6645.743956745804
103.088102045141 61.073430455092314 529.5960368233158 4067.1440520048495
67.52016995817385 60.93444662453408 2662.06939376762 7879.635015515898
113.08433536750634 113.60077980829749 1940.8692563838454 5858.280882800291
103.6304234669914 109.72531719767743 365.59365737815466 5952.423396314619
75.76079857177216 110.03397545455323 2402.7072490652604 3724.9401641902896
87.30404763275772 67.21347736590658 366.09693740316374 4458.019460970384
102.80924747950944 90.50764215747846 3432.057681884661 2685.5762274399094
96.9790443674107 117.33240815721949 2764.280708921043 4041.5925668157647
78.20676308407579 110.83963268607597 989.0245260586062 3013.997652622691
119.34858975679909 72.2777681778778 1175.3742965202257 7895.025804075928
63.66350454091135 93.9303811313913 650.1334859306758 7709.695874198519
106.57033405193806 79.91467417519657 2360.4125713039 7431.390830604899
80.74608299715918 69.89000600768475 3121.321728787353 2723.2219892435855
75.64326654711667 73.04700203886048 2799.7880729907424 6161.682653968325
67.3343658251758 100.96749739930424 665.3391393289173 2885.261686297195
77.16468981475542 120.03894595366873 98.4041874502509 1964.799445638883
85.22746176770802 82.0642774763569 2097.665375054021 4272.719233400565
101.2886538922075 116.90736427513377 2395.489726357341 4580.368576789442
78.61847090514213 101.63188028235314 212.7830639462965 7320.0136314003585
85.185873722265 72.14984167558885 1028.8145321839665 2041.1964821347303
109.86408275550518 78.8384971641261 1408.1931332209867 1544.1421534238289
73.68017314825661 79.20468840810894 2220.3182162356525 1673.498252256724
80.55714860958838 93.10324766447913 276.5673538000354 5533.599891275679
72.64006627072443 99.78935257630796 2478.899786929185 6972.59329299218
89.65557860779536 64.52207679499202 3270.812377823365 3524.6232146011353
107.46815982869069 90.8622675123503 85.86321284795928 7112.4416002560565
84.71252234806283 118.425417629775 865.3557340762212 1015.0792741093929
106.28560471298889 69.53819739496622 1436.2454115174792 7373.197792609091
91.8517837621489 93.18449236431641 1855.9046740290332 6757.736295989596
87.86197438750877 110.96883346964262 2355.8042970548336 6058.05631028314
109.13822517474038 66.12238616886377 1750.2110746732117 5631.8039141776835
68.5856370136867 110.75732183393744 1914.359962080182 3476.4677139471446
103.70677053655739 62.28826113571712 1137.539606603412 1674.1835103018027
102.50478273627103 82.00947229148436 1742.5237153182443 3860.7572164918347
82.36699654662625 109.63198357003063 2933.8486555233194 4799.850119202182
75.51073843815159 88.98600045186512 1852.4273673085627 4597.638122651933
95.4824304923166 98.7997294215795 2484.812319978624 1429.7215848498176
94.69239694438609 110.72614116061425 1004.2635344189948 4755.06552453579
90.3901071648603 109.96689819456435 95.18841664605105 6459.717048233502
117.11843138559456 113.55443516960962 740.7512329886058 1819.9723837925105
71.157083985171 68.22895108838148 377.6356603535389 2993.966335799179
115.84767291650314 96.7999765010582 253.62536994990379 3495.9314037072086
81.65740676413832 83.94418338793088 2549.3132927830025 5375.656159511835
103.39055458769437 102.58016270055917 17.57610907490904 5711.49134052722
104.14268732314422 86.59848170122541 744.5290189131987 3193.3132163356963
62.839817551551846 60.50365584025804 3199.708170756929 7482.290371854575
89.21768488581193 89.35566588386652 2029.7686109739846 7407.5107720132955
60.599452134092225 91.46465400467989 2597.7434216350925 1412.3730366414175
81.9035274391341 61.44154913190554 311.126898440426 5094.571358445566
100.40413609938854 64.53868051815155 2623.9432626011367 4904.112464315914
102.82182222932283 76.67158151233937 3233.7399329660766 7627.854203726809
66.97725822518993 81.34077731711737 2229.781491578509 3666.788165742978
98.92195649474509 71.7274546953415 2873.688826216313 5795.58753462098
89.15512715742331 102.58318569616989 2584.620955496096 6100.113216119021
102.53223657606453 102.29689225672428 272.8752378088246 4546.85100003723
119.14179160356427 78.90730169859809 3176.39529386527 3426.962339638099
115.44093596013963 108.72249782160304 2577.8371725201437 3729.7895694972012
104.71392185714083 117.05405265428381 787.4437739192465 3104.3213664948
82.86484823333322 70.87468540519448 3162.429137138593 3358.346662942589
66.01514744097416 74.81279526997692 3552.1981091126563 4113.3074177878525
63.87708038093468 114.58090092678181 179.0629583366919 3194.562009699662
81.95491931612567 81.14177000916878 246.72855731821207 6821.9781465452215
89.19235983219473 96.3329571343363 2090.604737808249 5174.491174087108
96.29071011282292 117.30056680648603 1357.5646758527637 5927.68142639353
88.70394698458765 119.14268560693698 1702.406544891603 5823.581606351682
112.78770279895728 114.38828726979031 655.366047548059 1102.417885649525
77.49238287645592 65.50196863378731 1089.4006524321917 3042.7522866156946
113.8578717404952 81.14609604500427 2379.0198988667084 3534.421163867293
64.19561696792387 103.8204655209858 2298.484943485042 3920.6726777734248
110.35282292201306 99.97078318080429 2346.8099972662744 6468.009020686095
65.69935828012325 64.29785797649511 3235.6520118545527 7550.184913780934
71.8872313907863 91.88236513497445 1687.3520767037685 1491.8861846096215
78.24216583745617 86.11472693409956 564.09455521648 3013.611175933359
105.84430454783215 101.72325647670156 2019.8192037192314 5943.517139598861
85.08710786590485 72.18016840256203 3209.5891284331046 4322.261804409998
73.34753494859237 98.12926280063722 1942.0204018891334 2639.816308533276
90.04096988439706 102.21191704600314 969.6130567085766 4558.448526501737
86.67875486991991 73.9270440900632 57.96695604129839 5653.601387954146
97.02380510364752 101.9720585012193 3450.426807447053 6798.809074332061
118.76894126465471 108.89075107767515 3325.997285111261 5691.332412216329
64.71459374714831 63.50835361092939 2658.1674626319923 2936.610724314445
96.83036846864623 95.64451113280721 1200.8714832426544 5972.159204225537
108.71038669780098 64.18681269873983 856.3732206514135 4803.394667967661
116.27401211878492 95.52171128783209 2638.5094024817427 4400.265388983929
105.41064000794151 88.05427965144452 2103.1816761284117 5846.775271749932
103.44961498058471 88.83526023555994 185.66889611338144 3326.384410121141
79.74844305164946 64.81582986362334 3444.7444891245204 3076.9614368179805
79.02947478624235 66.45780321402029 1434.5799121858734 1783.075542191469
88.78215209568104 105.54867251738399 1.5822279527589798 7228.448034315822
110.70100557124609 105.56276225060306 3501.6886949965947 1832.0125821409324
84.9983098007185 80.82567045571302 174.22124678039012 1261.222356251769
63.93471061621438 81.00212865879618 2072.8256853131998 5547.0516660033845
65.31808950040974 99.77785992657391 1208.8626531796044 7534.295422864577
118.46576103058909 72.11350190824892 2441.106356863021 1481.8545164508525
101.18738143856635 115.01488000781754 2865.095569839839 5915.392087656305
72.41163605018306 107.24873662718959 1230.1201657083973 3450.8445032528193
89.82303461035768 119.11046148831647 803.5709984591934 2418.4142808903007
89.13166567960099 100.33389078765046 779.1857099834929 3313.631055631474
63.695341395617746 85.82522023345814 2766.649264925771 1299.2830999355754
92.95313852009402 110.63195235110136 1355.1652423934493 5285.675305199336
103.96627998665167 78.87968271070403 2140.8795007854624 6252.340385868282
92.2093964577135 86.51073000782026 901.034497519981 3600.6580368498653
111.37961026607498 111.07189118529799 3287.926447245004 7927.128373944273
79.9395133862678 78.17940902373155 2997.4471078505535 3560.142970022628
66.19230600052089 82.30496414870146 3175.3850110958056 2039.551720014592
62.94580444542422 71.334641809724 2715.6140182054673 2799.9556999720676
60.08758045227359 91.59358820207613 521.0540917413429 2243.0751648160235
68.53034332007255 100.31391997928378 2505.3459618396605 2203.7458668817953
62.79517412177696 86.75381999526455 3060.578377577277 7827.2086984715115
101.20623437130347 116.35378078513318 161.36627051215135 2696.006838671248
80.60516987981534 101.90614519412028 1748.8085898242937 6394.786924972961
76.03277043179457 62.27457885711543 2279.6434269219917 1070.0615695695278
99.22410897095833 118.47755934119225 67.57674531195883 1055.0888469610447
108.5510654666436 107.29463192992696 1995.5134004708614 5094.687072143916
81.46048746759294 76.55841894320281 3572.956503628994 6545.469242871558
93.14993723977082 110.20096298869619 2466.8698897298373 1875.5180312627242
105.69618738855003 66.42149838574753 3342.3239918646645 6592.7459938586435
85.46725079583342 108.08822875816486 1590.5351428465763 5658.936043614883
103.70645209717033 102.0975655959505 963.7018801250632 3676.905400545144
119.57572305775717 99.77598245887019 339.59952163101616 6210.308083420172
71.67197471295998 71.33627674428732 1124.6250754102623 3620.337103792457
95.77129049030019 67.18259613165793 1153.4885386942465 5293.348824427521
98.64982282800072 88.75986410061546 3442.1069241990494 3564.402258856017
91.08169654376182 95.29935235663262 1464.046160148153 6686.973855032969
118.73255237636997 71.18859611440067 1583.9126407760782 1589.6141083731293
111.23382793955274 115.38128043514226 2114.198901092323 2321.826021782028
98.42436844968181 73.32002754280185 3128.601979742267 4717.438651669255
62.05915849574678 107.25325053722489 2282.899589069973 7373.297211674466
117.93813453449413 111.01281436777455 1050.494737680811 6845.277529598663
99.91331205357926 64.37070862090901 1807.3156137329374 1866.740292630438
109.1182952843643 105.8764039005488 2685.9700507550983 4136.758022999479
115.98621331360904 81.49715838807028 3098.1271293273617 6744.3111231438215
114.63611350604269 68.06990897047734 1250.5939367988872 4180.357874032178
67.59219488661029 96.92071679535977 1171.3178361401413 5853.34604680014
72.95980330655794 102.14960540910533 3330.6991651896587 4383.158536490663
86.69198302323389 115.68423120530069 1451.3502826504712 1932.3746086464528
76.11918211908508 109.53895086978615 652.8644071600535 1230.7140572425767
62.6783475154883 101.73548679103229 247.21823708266905 5466.843348304864
65.25987401479692 65.02425098726005 2311.675609162506 2341.6938263160764
71.90204780271769 102.59252820140485 937.2551473015304 6793.264656427095
61.971704675033024 84.71205988704357 1832.4607173888014 3523.555069878952
99.40506251765333 90.92001489619057 3174.711296860801 4224.803703034347
109.43009241050956 79.35600932245225 2421.296307638828 1933.4587003288043
92.33061795491115 71.79997231751966 1041.047103237344 3014.6435495432806
75.26936773040167 68.49305054256959 1986.4701060187028 2069.019877647752
106.67412386411017 81.53336293915089 2404.9109820839526 4273.641952807986
89.66529505369395 82.85515084920932 424.0209235873703 3171.065483754217
111.42526596695481 108.79145386575158 1214.7509590202578 5883.276270697501
86.53133556758688 90.42288721134638 174.0410082072467 4805.365014232889
95.54653288117218 102.89359916455597 2545.759777139314 3708.719808541998
92.89286664030267 103.89572211427023 480.95340800102286 5940.369274306258
106.17849637325949 86.25755424587925 3053.129487884242 5535.911240598641
105.88631876579593 81.33220227077938 944.2126442917144 4434.309729699165
92.67188444358581 75.54874263806346 3576.2377122238563 4329.623266407005
76.03115758354541 85.29351087871456 592.5613898719156 3287.9782377438996
79.16867555253059 61.607607193715225 1979.477155848708 3490.573191983814
70.27276590801854 107.10564917066188 1285.4266089306666 7143.121829157839
105.0110661228416 86.76316500203721 784.3108396211182 2979.8407186687537
63.23083098509162 111.59683246363645 3075.69665723804 1038.8383519023662
62.591900076953365 63.31038724371635 2660.5289438494324 6864.3592113862605
105.2804602740316 96.90076901516697 2188.622019216976 7004.527308669197
82.98331130965718 105.97765391814815 1033.2024064822428 5333.154522092949
115.81742252395699 87.55147834862865 2404.115254069072 5291.861412943188
119.9793100649336 81.64971602162468 887.6983350929447 1160.7909511838402
85.73641312227453 97.56207608874676 113.06470412324114 6162.638579613088
110.70249791313184 113.57257122833079 2575.1830497473766 4722.627753981531
108.98791419048797 117.15290070038978 2342.968434808519 5805.67467829969
78.47280607351233 88.90240398177014 2177.1286887421757 1985.9344978308673
94.00045268724622 84.37431892050873 434.3330543504874 2629.1939134099157
112.38861173759175 93.19688382822086 2970.37990861937 7905.607569858065
92.70113823123646 84.99254065910792 1375.7126459715528 4632.5296789496
71.43929959054266 70.6389473499472 1878.905908130848 7212.987453757788
118.55031103590584 61.733418559045774 474.8070844301757 1728.1668131228391
105.21911756814912 116.24361901802148 3376.073209630545 3785.763531683385
74.75714625606612 91.63849229173792 812.8418828321273 3658.883114166629
61.69186009748653 108.40925648353617 1881.0654200474344 1586.5343693517125
112.3047926484395 69.49076101228884 245.86669727243796 6035.104369299781
88.01383136144807 105.1640098287328 859.3631823641186 4693.078092020309
103.09678897314393 76.9515515483334 3226.355451013311 7628.076732161802
106.78219697105601 113.06904366775494 961.5395283538774 4514.180097746019
90.70353344264709 107.38125086716448 2906.874443308507 4022.891808306468
64.16191812645013 116.65970627478367 1280.2386539848694 3397.1152412476695
76.11898291405757 115.29672564871706 2596.2903108822416 7683.529629865925
112.64214820612669 75.3119589652579 181.0878633351076 3651.636208342408
83.88403764109671 60.664375005436696 306.7620053673317 4188.95085380247
119.66537626004634 95.6381069027205 1668.9160618684093 5814.556399405001
94.19221005854558 104.17504664808945 2359.5165621001893 5738.29743298893
91.57482915517207 96.36322958407395 1945.1430044933709 7864.903498016525
115.02795819923003 87.07597510746936 1409.969814798285 4731.416094089473
106.66684116483376 114.55539541489053 2378.2879772481947 5933.907243147811
82.09920188036818 90.59165521875123 1349.622749202926 6335.8399695334865
73.45827874256493 79.61707853398704 1073.7007387784813 2781.4413364478396
102.61577643070186 103.55479919361095 2780.1154740663637 3975.696514545084
85.62176533888314 83.97666362204498 93.04986446661964 6141.430698077424
109.50333288258754 80.79055879348033 892.121864051191 1305.4987223645953
106.04841159075504 77.9898809672252 2001.1125929103646 2784.226965663493
117.96629327049476 95.18419186041157 443.70503267952375 7332.148491844582
112.96425878220022 91.17304663125202 2186.6248644499287 1701.1274698911814
89.91940057473985 96.78524335092649 446.897546834566 4664.254597303843
64.22908617377861 115.84488247849913 2815.2298622486396 1887.2417292965838
100.13198406035515 81.03994702486045 963.1592787304106 2047.2901450990332
119.12409778821632 64.3547601187735 1586.7135561216946 5785.428425629633
71.09702469967044 74.36409477003733 3290.0675127208115 5259.343325427643
72.58024146732703 114.3985578921847 86.59373125223198 4163.13150759058
84.75631701145552 70.87828714582423 1451.3315931157767 4778.805422272154
110.48920758254754 71.46751242144936 687.2311060868548 7681.615934740226
69.78979546219935 61.039440171870005 1276.4776589325286 2893.6970817950705
94.29287369675207 78.89253003063132 211.43150464872753 4735.305835100108
96.44708069954191 64.17145964036033 1142.4599420175236 1331.9544255875142
60.73009441852757 70.85729334240932 3321.967483917085 1720.7565133936343
104.95945529537717 75.41806895683604 1832.0333326286398 7946.377921368325
118.13988366212016 111.13711800328468 1055.0366056352868 6845.225474782069
77.00253256734105 107.19414447217589 1551.5981397344278 2878.699872654042
77.85594975293067 94.43399057940557 1742.5714627100945 1916.653750608168
115.79535822320643 85.27976050750293 911.1253937991274 3176.3533159766157
61.53679453348316 93.15606665877809 980.3320189943146 1295.3151747777517
103.07422170428829 75.89556354950186 411.8720307551148 4732.647982472754
66.98719499659808 63.07403451424807 3556.0470217835873 7893.476754781125
117.77519486008423 69.5647307474382 3171.8586736516045 4463.59643007239
72.53803780746583 70.22250634799892 347.0013004722665 4015.9523649997877
62.460794949840555 94.91520979798376 1776.9492587356262 5641.737882125288
88.2574724379992 106.73484276431 2644.161474879135 5677.298393509917
72.31512340835845 87.98244960348563 412.99870348012024 4402.658209500567
119.18922095452066 62.45873831528825 2174.31515979694 4526.922827366874
93.45264522965896 96.35246601359587 2359.4037251667305 2953.6554737142883
87.600573231378 82.95168814122073 1860.3651409626602 2530.113328387011
84.47255408835778 72.23561255622971 729.6835821490887 1527.4420820492373
80.3390599421017 100.8371245444897 315.25290878694625 3460.2869104762976
70.85330877705101 75.89661644584494 424.17411706635454 1665.0429746085758
107.96493831734867 109.76986292361177 1034.7125566473821 6240.250811350227
77.6912775652515 108.7285632759636 2691.903004995134 1223.2673889950202
112.07708046780502 70.67050646972265 694.1049515489843 6579.644757155007
104.99006214010512 81.31923694784348 1349.6224778696137 6177.244064388963
66.14301510496793 90.99845442656901 3074.8096976573515 7558.243485696797
105.50760627239264 83.32037071536699 1737.1220863305318 2450.295773691799
85.5063524291739 109.29655231500335 3366.8230280887574 6751.239351639629
90.54954438588122 80.76055102697315 1832.040048498565 7350.511954590458
117.42922476920086 64.87414102321613 2797.8750536806074 4778.119775475756
111.94820233046418 88.6175393266884 92.65049195680416 3113.3980271539453
95.78196877398373 66.81098689824798 2825.134171450004 2937.804006245574
101.49244791418745 105.20820896145021 630.8090171815646 3778.5450685988812
66.17936411576727 60.9688551668542 1223.1770360559187 4169.51099381525
92.28300235377068 88.49728244095218 163.92241685766678 2395.3167994117066
94.19925880982647 65.58420838104584 2644.738831503443 6002.946083917293
60.19069366730725 79.9101124462777 2171.077358641512 3833.023347021084
109.81168158950746 62.86767620648807 691.5548139657093 7559.226315018253
98.68304888232183 82.48352165111761 1327.3114472919171 5071.8801046378485
112.40406945244256 111.14292586533179 1127.8982259609338 5428.35602037376
107.0382789442046 107.35661436303589 441.5856653249217 3656.764236697413
85.55478468028411 61.87246611433091 1352.9369197121014 3114.397646314052
65.94994085251611 109.25440213638696 1769.7487357862021 7042.145682865825
70.7558440005558 74.54099430310058 1439.7802050285216 7098.774616341075
118.16160028512368 85.25849090724748 1964.704425633546 4186.069207073257
82.59602913781558 108.89392544183056 735.4261028532028 5484.730341423728
103.45819735781679 100.32263774795321 1390.138428700921 7905.805529019657
76.80075541338297 111.14375382808404 2755.1477768749824 4470.999080217163
113.57056281148793 107.76235859801902 3347.894899193397 1819.8727093607572
88.09279406642398 77.43708272764587 2894.344564512575 3384.2035607408507
79.43908724405114 92.43302775260408 313.1127442231844 7572.722467253979
75.63109922173624 115.74536782464875 2486.180580312792 1132.1406820619234
75.56081648345688 95.34753041452227 89.71925879408688 7414.329354684008
60.94888060502659 82.8754143712879 2348.010262079536 1988.9490535465898
98.43379296288428 60.54632287326837 1217.9923322147106 3153.913739165446
80.22807814213829 106.96996674607074 1825.2672246007435 3677.85339364808
112.22189710291735 72.81484668342151 775.7307495763436 7106.817639232682
64.99795153303194 62.017764348468724 3405.23626238414 2277.5553144308847
95.2137179983584 92.13881858165273 1329.4258967406458 1517.3721023631224
72.45321325733936 111.75206584178305 1123.5458498285016 1339.714616686581
96.19647121704085 117.94178836932079 674.0432345501276 1809.2337301444907
104.60532247250569 117.55800933426076 1630.2770902973432 3132.1882962516734
99.90876362848739 103.63194714891966 1076.4951230371776 7241.58441477446
92.21699040881091 91.8323787458882 3397.88224694128 2768.532478670283
108.09685133662454 66.57809528948269 243.0760585482257 6275.293994282689
98.58306695489675 85.18780050974213 1342.4643419925414 1544.1588768091647
93.71275063367008 63.63809607797438 1245.1887290173972 6773.439468072657
77.08793754165838 73.71947814621132 1599.2320075571208 7422.2306638541395
66.3666548235896 107.69468677280761 1666.1050097907223 6224.295946180611
81.22767558297515 60.96713857936412 647.4112158544958 4677.451907720039
81.374620106936 93.41084339719342 1699.8754585732288 6110.754154138523
64.39854059332467 69.13411091026836 498.4875757083354 7412.805744673624
66.35990871950555 101.4160787477557 961.9790111025519 6056.337077402739
117.99744965569522 90.29721612929734 3030.573298370991 6167.584081354015
103.65652423550407 74.85383219261507 2265.214127925625 6213.8916841416085
113.58439316569388 101.47919643741136 3080.9400597075237 2020.5859304133617
100.37620466180367 116.1571106073631 1502.4311891323127 1738.0953297814747
70.40001258886304 116.86233237345338 2136.426769904075 6601.22864904393
101.24380297076068 105.00731487068106 2648.2574181753125 5529.252879612573
95.66456476655739 111.06305224309513 102.52790279473047 6207.118909086059
75.80326793887733 92.15886335442485 2162.160634926824 4211.153152656499
73.59683115223464 113.6624185005821 2584.6698952158713 4626.417711065039
80.41664325465894 115.25362770893385 3365.223654677747 1060.0275914668832
107.98569229367489 100.62196930629379 1072.8492524652065 1173.6325766288069
101.54383983114319 95.24668401983745 1489.839807979415 1904.5996999716206
85.16649952133736 81.25921119987042 2232.537654206627 6855.801834033287
60.352249506432074 97.55530680832413 1238.533542852015 2194.207016111379
84.80589196880247 105.63489484571798 2012.1405091656536 4967.280635397338
72.37653250458985 80.44005635116505 3151.501864483729 4449.925569460456
65.87658498268861 114.98349998198186 792.5578936844367 5140.39525051407
80.975609897072 90.75772145104163 260.8991145063553 4179.200225917857
116.70036188788569 64.75225428701862 1467.7347671659954 6168.803963938009
82.1023816309495 91.69548099268083 780.3505518046775 1662.9478274645724
116.91917737748557 107.47422984121864 2674.5377805633902 1551.4422713291867
91.86219188889088 89.61284739994078 3040.8450038742885 6034.8926170751765
95.06198460308127 96.05059012563588 689.6848404199865 7705.3559209032765
108.85537183134092 93.4219846959546 2378.0544483270955 5510.032052080627
88.73963985495877 74.10031791416813 3485.7908953732453 1790.0573770743215
67.97140273550274 82.57835149702044 2123.663309231179 5780.975311577209
71.40672632141755 109.18393075539626 1487.31110300183 5214.045592246895
109.88227535064915 82.63379505332264 2519.0027218327928 7392.813563411592
72.68399926904046 102.9286770501436 1748.0655759493927 4840.90187712839
62.669652434487496 105.454450467554 1692.5704963705862 6003.841421539056
119.75978602216998 90.40648002670235 2226.2236394403385 2957.0666789710604
76.25336209077801 76.92182505100615 3574.0908832310306 6999.9389954650505
101.20763103717692 119.04839544640268 2266.2330171455887 2505.366498044703
112.41426449852823 91.45533825466937 3282.5076828108517 7899.283379639323
111.72188929726359 70.21493794921291 3325.2615763761146 6489.397475330031
118.74502378152553 84.24001223395747 2069.282859251186 7160.254398274224
69.6802474626068 119.45598239821402 2665.889682030241 3910.940997981752
81.44385263853948 98.65379362599784 2363.982838534495 7918.738900786548
62.06775024030185 99.49845750598621 3197.3791376575236 1748.5793047866866
103.97483541862265 107.02576716478926 1984.336185438472 4137.740388957363
95.08606080094069 94.03298299628509 590.8296158095069 5068.222584027507
100.46424322603185 87.68542726036 1392.612186889607 7146.716111104837
94.06551888960841 84.09299287458721 429.1693127408906 2629.050985836595
91.51357997580718 107.83055491786297 1210.5313705216834 5199.849056192972
69.50883015663867 67.84743899969855 3168.7082376932353 5853.489596188953
96.47003759620294 116.17967731334745 1387.250014746402 1352.1850472018584
74.72694702649001 60.02638656267958 2413.947265232601 7426.699938005033
106.48456759485398 112.47980187421047 455.5397455333492 6316.826597612047
66.69703525184055 86.7295380858858 193.6762834608128 1214.1561176906312
95.0023143785325 62.41622967199875 360.370859475232 2754.4931594533514
64.92347207106465 107.38712158893243 1092.2433058842364 2529.955395655835
104.85722824839397 85.72903230761575 1073.3384818694792 1134.229442036895
60.34449640210861 104.63075226831656 2551.6500721968214 2323.8412097766495
102.35512245642606 77.66103844321864 3378.1211393479243 7791.133859090242
116.04417494997531 65.41502188019074 1280.7707990112121 1035.8718671966226
91.31096150862734 88.3498411811054 1488.051148152076 1133.4760649706445
95.39580806118275 93.54303567677128 8.306918356278002 3650.5099682075374
63.89818081290182 98.41817780405479 147.80252069219887 5099.603811373686
107.3204219939651 89.37095201217309 2729.858972698698 4426.789818016926
116.66989674281987 64.67243123669539 3599.785383697872 7156.2817743047735
80.03052754066738 79.11077709343475 2006.976615741121 5943.30244232658
99.41640178905432 105.45705098801271 1789.7293813916192 4407.319395965188
77.88023843837237 66.15442938110453 888.5640231702293 3286.756056713811
88.20636787868018 74.84258327059294 1389.8278143133634 6274.394376231894
86.3604575923266 80.13333408703821 1411.9415973473378 7080.390948640254
64.62865075130078 99.27217315099873 1784.056404471167 4083.6013675119125
87.10860465250883 75.73461026203243 3511.998943826896 5982.200833139984
66.72743123762163 94.50410857584134 1984.6389834279266 4146.51938876238
98.76169427418917 65.0133806679557 3332.489410881896 1724.827472658214
108.8234509623973 61.786937081802584 361.49338946451843 4580.121600449593
89.61139138647913 113.14803687795599 540.7934525677069 4514.471325453098
110.29912925127611 119.05044702531818 1871.24121453978 4528.404950332378
97.28118885974081 93.72266719234626 2851.5399802912425 5497.428408625033
62.39109530248594 96.06305755194718 761.3430262914297 6805.638263841742
88.8643046833573 75.71517286174371 921.6601235900305 1004.3529893951298
104.22069643297641 63.45730963088962 1843.333357317085 2837.681646048665
97.02187610620096 93.55798888810529 2847.715043737213 5497.622685274366
81.42458401466463 64.49548295243784 667.1064397465187 5039.370629083414
97.66965845889358 70.86304079816014 2520.7849205241005 4542.541408468752
67.56500165734 80.72137621055832 234.88504283132573 5761.725191362944
95.91464759493171 69.8419227591391 3025.4825515067923 1293.2388793294544
98.82920071385682 117.79018342866452 671.3945695432978 4506.440510691147
118.45936975520343 64.98442170750012 61.14167609128673 6570.6528792531135
101.65421577676962 112.99327398167111 2509.358587433446 1943.1855653209927
114.27186242863547 82.03744928993575 1198.0228091751064 5697.218174991204
117.99697269385403 95.0647678951628 442.2883693685601 7331.9780009763235
86.67054181920327 117.65649294581803 2319.825803900845 5481.4260021417085
72.18565936304579 66.25331579346053 404.126794663106 1098.720111325533
61.06300472268785 81.49669479512802 114.50194062591639 7894.9535714316535
111.60463166340782 101.6699976835228 452.50485570130667 1198.2178159157756
80.30772664323479 94.18130543937234 3334.106180865582 7245.963098699584
98.03403655046976 85.3761895454783 3029.276104244133 5708.073824728648
85.90009838624266 69.08261760250119 1185.1307126902802 3290.6012902600173
85.33119406463156 110.20590158597331 1658.34899750747 3375.6625736183582
76.6336346824698 61.274497179243525 3161.855795179757 7213.911974125899
77.07159553135426 97.34322545806971 2520.6588155556174 6583.144550928958
75.60192013189135 91.39088708508876 3067.2116149569556 7229.295257572853
81.12888001172718 98.47470753547574 1540.7409179213296 7964.901326885815
113.23779567918697 77.4946370714213 2358.692241942364 1298.0029680483447
87.37945441048547 99.28170751430906 1180.8214834332414 3082.1783279756773
75.83985292642072 88.50306927815372 2965.930021543601 6768.708177971798
67.6737616948945 101.24842291085008 2318.1000090846082 3655.2315051545984
68.38045736442287 65.0088339356271 3353.1101040037115 6809.678253860929
119.95043878241471 72.81746965288286 1008.7255609241856 4031.6347244735425
92.36352408399246 80.25577292616292 1532.0175786550374 6786.391968251688
102.07459222600164 116.71568437300823 3315.410097817709 5619.759767088496
68.52588047439225 66.65195858762549 2978.3862203621643 4894.419662869151
105.46877445299694 88.38033433054245 2420.2533133620072 2017.9819549350457
73.62005557056213 90.2426270290436 2085.351399794634 7574.399706139826
119.15796731469527 67.31156048813862 869.4769663623068 6527.683334828381
108.53249669489858 97.06392122137169 1663.0800228824985 3492.887837311204
104.05611615778594 85.53550050820279 269.745530456834 3864.79330139388
106.45395293766903 109.20420333986085 1160.0671244830141 5033.139164026197
67.54617448893062 102.57869910579026 1872.258051616834 3918.8102600763327
89.79676974625043 82.74893482859585 3510.3962576654785 2543.9071731421436
88.14480663587807 94.50049285429229 520.1378876656477 4433.264885991912
112.44291317556873 108.31086814582167 2586.8512629184097 5920.520724596709
96.08296462189193 107.84048360028092 964.9397378790702 6839.9915998218585
77.52884570501685 85.67036548158555 2614.415515250469 4282.495129281587
78.4838848028036 83.5795714632732 273.2925583791839 4471.144171964495
96.70462987059821 67.33291678960533 1307.779704266543 1772.485448988089
81.99413384250846 88.84850019979724 283.0882311510965 4116.941054150141
76.3747717634307 84.1424587720814 1507.94746374381 2492.7242253449076
66.8518360754789 83.63281493163346 2700.2240963590407 6451.0200309903175
96.41365689569275 80.8347339133358 2540.1389218701343 6214.678250688733
100.12112495745617 69.86555855927107 389.05864777027136 5258.392751260113
119.48192520209794 73.03079057784998 2773.8572202119867 2695.119359102457
84.11218434503937 66.2387605820105 1343.227148748458 4555.118401801107
62.726755711084095 88.13399560953417 3356.025141017375 4156.1959773679355
62.507499404608886 64.28195594507181 464.5132753522585 6730.163085770331
99.68632241047519 74.78501060175482 272.26383088467867 6568.763850758705
96.32629946460172 74.21781183692569 1912.798005300186 6406.549282927977
86.21553408022103 71.42599168892657 453.9991960757274 5477.407930569941
101.31026074548778 112.98981125384077 1669.7663404553025 4872.912539714968
74.7761658017574 91.65861187187383 808.3323272448059 3658.828136129274
109.56411021969872 68.76240037511579 1872.356389468977 2523.7027904131837
102.9004678950103 66.83070930484708 1403.666170204839 5032.216294346978
76.8402901104316 96.19377064814338 814.3813904602716 4239.920479503431
62.46699669385616 81.35468319003118 2570.7206925597766 4126.326772145931
83.37983879312286 97.6361327951984 470.56929244031966 4771.3879490960935
106.22925386881644 63.25979756171413 1068.5651864451102 2696.8403791159167
110.266202206558 60.919701048238025 3374.9003981038422 5264.221115383334
94.32972634692861 77.59364749439548 275.1876760069278 6658.028012936648
77.64448025524055 74.91545433123385 3017.5941585546143 3708.784872108077
73.7086447447094 79.11467467577754 2211.350376988533 1673.629804202017
108.4239869579701 74.0848660535446 2251.6295521223974 1739.0999509280784
98.97209629551038 77.71606900347265 2631.0300194352685 6686.830902396051
119.5001061532845 106.0923518162948 2020.4497911740966 6194.382702048895
68.55512096607029 85.80657978743044 2993.1355194649805 4254.526185711376
113.44949301947024 77.56973992613062 3002.8583692990096 4956.25849170297
80.56255549563096 101.09512305542496 345.4216849597521 2444.7842634355975
62.43550957492186 78.50135631975651 194.86042496925864 3655.9456577248257
74.81768723837475 100.80013304831729 2586.959086796653 5163.200024451323
106.29755420676392 106.98452032859375 3427.73225252082 5063.943195500499
103.96909278705935 111.02331400846583 117.26714283307572 5250.377949067408
108.94345363382449 112.31344298318186 390.9858064387654 3995.910147380302
96.07190520358216 119.25464629683377 2696.590936683645 3493.0754491038706
90.45540595540386 81.19679947560263 682.7755879644008 4208.132159762396
77.8597525063428 94.46638306576239 1734.66543785316 1916.5288818251645
90.40812352059187 113.54078210225914 80.92791178670464 7084.134547443662
86.70738722103825 117.6604687994555 2321.688131896402 5481.727928138625
66.65448765284785 91.8522022495523 3339.8260817503124 5420.9594481056665
60.234260596598034 90.89584984937123 288.72626315831553 7892.568902835157
103.73990175560607 93.90007583113419 1014.3070793649148 6676.4137967033585
103.45581363294308 73.73798905855458 425.3397270132962 7471.43463670969
88.51273853280115 104.7839769115723 2261.352856681553 5212.425574974903
116.25893439075801 87.26158606077252 1292.4634493732901 2341.2854503232943
116.86135233760399 109.66916081396278 1086.34210494322 5119.661821523567
80.38574941851742 75.78610883974211 1446.6827851613975 3644.0494794618367
98.72395001200984 63.08235256900367 1544.5270124641656 7532.592646061613
112.05393162827257 109.42180195663605 174.74497053604466 5364.31927525426
110.4911721701142 104.91666729781623 2169.1173875559853 6721.952834033696
93.31435085630838 110.95741452002068 239.53204919466407 2964.661177638447
95.83675219709882 75.15988258273293 3189.80691351312 5131.124037360228
87.16996419220712 96.66452698753511 1964.9450004198807 5221.980108163395
70.05868361810352 77.95339531829265 434.903729998151 7087.223150992721
65.78265233759306 114.21786021715279 1527.5255343237213 4576.122246713747
111.54962450909547 105.6234507647112 756.4801840385011 1405.833233181271
59.895187304329326 116.71008811473004 1124.7984503905968 5629.296930614467
111.08167210053254 98.61506473109998 3336.1690059655843 5877.645739542776
78.74587205078575 117.83453799720004 780.5374608481418 5857.309745864231
117.8924260991623 114.0783888071675 2298.9264840080364 1868.4348297199715
107.95416525191595 63.263037989679425 2838.1428550133683 1795.4190771340204
103.1938580428517 113.31045849554177 76.07822965018886 5703.949596624942
76.46756085656067 83.15181637863043 3530.8228851643903 3425.9262178805075
68.37436136162503 74.16564725579974 604.4619996744258 3932.349669766913
70.90959263063394 78.62162687943592 1944.7498023863443 2531.6314420771614
71.66795478287773 110.24149342731576 2065.693376146715 6382.326435617176
94.201131842225 81.02243276970296 3223.6256454037098 7064.925931770551
118.7204811557936 101.09820212195709 3014.956618985805 3947.9694771296854
97.08459066887433 90.32149989994095 1050.8180199589215 2535.4675331692342
116.33258439882091 94.66774507636374 3199.704648493309 2954.743824078416
89.64095408899851 115.73057641253156 2504.5200057864786 7840.823732540498
92.37754880147925 82.16178891010297 2041.3948308101665 6100.284155815148
62.64990378834747 61.17753086370956 18.063333597316692 7931.499039441901
89.70123103452386 97.44181296631741 2655.144571511613 1264.0278907635138
117.96677044281243 79.77281445867926 2771.0433343441014 3224.0984988871855
94.63848692206813 99.06680328786652 1020.6409597654042 3278.785789975453
118.64551263852323 96.49666570792286 3209.784326499607 5182.212092959694
100.76094865610088 112.84324144434818 3593.484272263428 6852.402306758742
118.82771419559772 66.32050705902418 827.898172580195 3509.4508917628737
113.91387779483571 67.86631764370648 230.42972162267606 7568.797863857685
95.69380097425258 83.6865831786397 1850.3172031461831 1518.240137576887
74.10178557965818 74.62734470447236 837.3519952454739 2101.689099414038
91.31036955196367 112.22452386206344 1261.746203121047 1499.4086202909016
109.44434453141598 69.09580190154036 603.3176484448055 2731.330113862491
63.58323995005643 93.96059753254188 2940.9790302451224 7170.396356809618
87.0334676489003 84.45359679519117 3041.0856628840716 3773.506479959249
113.23738084635056 106.69134995447544 3451.425072138345 3919.9862327009646
72.44437362423983 114.80920702059345 3578.6806393501843 2990.579595043601
64.98135455812958 106.62207484332035 238.09573015075554 5943.152597100882
97.55241692831508 68.47082406054743 2908.7792479733703 5046.159427862045
71.12864985545417 105.66835719945638 3542.777390463917 4963.625996636989
78.65434706752923 67.84566777852478 295.14587732519647 1590.3086092684832
66.22831934622211 78.53323607684025 1635.5926255903837 4965.982205151466
73.32546690933508 91.99117302317376 1369.895526066937 2307.743622792845
64.81546960477988 119.28467450060515 2364.9019250303054 5626.197718933915
119.29794707930736 83.37175189419906 1584.507190648823 4054.8028307734544
95.62220350235226 111.18247795351635 770.2432256046611 2510.27200343766
118.70621466158312 73.94325716224897 1404.3689352158424 3669.8048682899334
106.05207216224427 107.03683461013905 2347.9459692010837 2018.8452349467482
118.70400080192714 96.55672285267048 3202.462710244625 5182.239378682038
82.08385009927143 96.44004179655967 20.561376521396244 3816.0069281220144
61.05958302356964 83.92070800060496 1085.3840186830591 1877.6780374644454
62.76497825361938 111.57089860469938 3583.6716575409673 6484.604909064407
74.59084250652435 99.53925495375856 1940.5059578914108 4205.968748008887
109.60579360871463 103.36603859751233 3300.358903005393 3394.988731510984
119.66658686483987 71.35465815762923 1416.132701135395 1199.3983894079665
96.46856105813603 85.11012959326901 2164.9807032567405 2785.788165163306
74.2492917398069 111.87654809926369 2831.10971185749 7191.297122736714
63.13090023600396 80.07827729457772 16.159378780436462 3073.3208790314957
114.56871234724026 90.86109883799516 786.0173367443734 2625.308585003019
65.06866287283293 85.56575940951028 1874.1674001537149 3173.2642047516333
73.5677923384623 89.96346960357606 3255.7596784500433 3799.4119236155384
94.99559774468972 97.72455662681469 1379.7253759225791 5265.8493488194335
106.30958630294042 62.35142235225484 2345.3863744551936 6075.722438730923
97.69128978448359 73.45025036706343 1009.1034936248805 5054.559207505439
63.078730752544786 113.57757685837167 2911.6942607053243 5772.551824832278
64.06533214098162 98.38040748660907 145.4955728403733 5099.439024368058
110.66135163911773 115.5307932258831 1654.4390567890873 1243.9891153255096
96.31832629646703 100.5055622997866 814.3053659537818 1111.6159906856199
106.41866212511552 73.42658457379052 3172.5313883541485 4855.204465392072
82.69634042744177 78.51645326571656 333.85042639776805 3902.6536828638705
88.47200610377045 67.8208248463401 2895.486651555602 7772.103127826956
84.40205809165823 100.3687338099456 2802.812379838155 6065.66760212447
61.78178372038842 109.98281891692845 1053.6646110043425 4760.5966728736985
71.56734259333366 83.96940646266503 334.4902121749709 2732.717235208504
108.83921408091368 104.90529250470912 1005.7402349794095 1399.793226424639
102.29649264811144 64.01887076008447 3455.81532717383 1442.1500878267148
112.80584758205075 111.41865449382883 169.03333019222987 3473.55237170833
91.3567223329224 95.59217235866821 2141.942690565389 1357.1241591769399
61.46892011326102 93.10366949232845 993.1289700408244 1295.408512312255
80.94037320768238 98.31154356957052 706.3490474185406 4446.362709245206
96.66472202650834 112.89496365031894 418.5655356259709 3354.085973637606
102.31988216127874 110.70115808611413 3453.544484771988 1933.0720306119274
74.7674071196936 60.07042518360829 2408.0488407745056 7426.623311344554
112.35851292108113 82.50956444571989 751.1783967367204 3878.0348759305334
74.27962541109281 79.09090332977092 1014.3157676412856 5711.259007137756
101.65550307363694 113.19040666608454 2518.4171679443857 1943.302626073751
63.7427209150893 100.41172887910973 3392.9331796190236 6007.87130378795
78.75995415602976 64.8256915349969 106.75264143702032 3569.792027983103
109.77141179950655 84.89317172511551 2917.6329513299315 4258.773494587351
99.7693982632843 109.29074260064145 2057.0664933990925 1083.5487311092184
118.50125193852574 75.68301578359849 2614.4427221914025 7171.709894694418
62.88595854255925 88.86469518435798 2689.613936202113 5759.681135977959
59.98282908613085 69.1227185509095 1534.1948388615992 6480.746838182536
95.82909029014023 79.62906544217435 60.410767648885255 2329.12640930083
99.94902630295392 94.49317640875708 849.4716693108103 6135.072814096735
63.27741804708542 97.64851441621113 61.18571651736624 6486.072244430435
84.5907287484126 82.68339673705891 459.672051493007 7436.855531732772
110.1611077314919 105.06119369400646 761.1438794876791 1210.8623706460946
66.38123931661941 112.66012665639512 3597.9567898325563 2809.258732785354
97.58776949503043 102.95945101437927 1861.5285921397344 6372.798661197455
76.85529820863385 100.078344977853 2635.1314398159625 6505.658670828019
97.78640018764041 65.82249408904785 3020.0279507402624 3227.5183325287867
107.71587824361964 89.78627355373783 2184.8819544094276 7705.73966309258
97.6743973976045 70.979995635112 3237.708143334838 3566.864868414715
92.43561902834217 60.738226599731256 799.196267271241 5040.034193095578
102.94499628360016 119.76301419750753 1913.2511854956826 5410.889525830165
78.34898119192259 101.33203076754941 1517.1971100590972 7942.780008561034
76.3641917712095 110.9463519389862 1090.89762873238 5225.451350641088
111.42728226071641 111.61798540474472 3155.2452722580147 5924.704531842274
110.33232558213228 116.43005954432296 3150.2011298129305 6202.581525407725
74.13889819585144 69.81949494763951 3373.0400938688254 7925.672282998914
93.75572025481901 92.31232681269131 819.5492136068664 7424.773673617813
82.92056945342692 97.65332354828007 3185.7583293742427 6220.633000281082
85.96340755052196 86.54989402153377 847.0648223562158 7490.5234886927165
79.12705801344889 88.66640889462025 2221.7780822911855 2509.1503478246314
113.56137742091086 76.11604233448269 2167.722690084945 7159.521371112624
116.62667486274857 94.8236365881515 3468.0098865246096 6924.920810294997
83.19875579276525 67.8269138966748 2734.400561280244 5677.152415847927
90.37974004757686 79.94898069614244 1764.110180434986 3383.8457691322105
61.267658579812334 106.3809608587351 494.6513495803559 6985.004699233939
112.80338778394304 98.01963976812867 2914.5116919183233 3589.10150212581
95.38325146249116 94.29323651881893 609.7444400554001 5068.207701117237
62.50306537950514 118.57721769950878 410.9361983059739 5382.380272029149
96.20763615079716 87.5726558737287 3115.332901682999 7213.6113876299805
108.65655363257923 94.4120140069816 803.5651894459537 5720.857128399545
87.3808215608708 118.69383131408341 385.25056166478356 6878.959607546473
71.14093863306778 74.74228120210476 1660.0162344013238 2502.170899195499
99.7301383234374 67.30752954572398 1682.2748614395286 1980.682635879444
87.03921579192149 82.06595785818533 769.8927602012384 6567.128148182058
119.73427097616809 75.01242372176176 3469.4088472627823 6562.12141498245
95.28399113894085 84.70095223055684 407.9615655191121 6508.405892129036
63.362791437984576 113.55987658134208 566.254065975056 3213.9712130352605
72.79930306634002 79.15230338692577 2359.710798006575 5621.53812731443
109.82740308624012 63.70059419150507 612.3583279733334 3065.8031224623164
91.06959583117131 112.62508184117308 767.9490036284851 5663.619075822327
116.46643369630907 87.12386430039865 865.1071585843179 5016.0640983660705
112.6250919948648 112.83480272452432 3111.190545177365 5671.49130977056
91.52194279804279 83.58240707611114 53.42518530909807 1990.8993923639841
69.99984319668066 82.10183023634116 2731.9304343650706 7823.129502392689
68.04450551974712 93.55835101394693 3067.2604865174403 1572.223934434803
106.2645851059752 72.3679159223379 659.9619503110417 5577.578088436701
83.90322039072798 69.05660928255227 3397.39530732742 5922.7848019873245
71.126503126711 86.62152236224372 1058.6753530642218 3676.6087655535107
93.01421656287418 111.23554891406805 2096.5978362319634 6676.804379467762
96.56099447567277 107.63438863963073 201.81503538314576 1268.0446542148945
102.41991567246382 96.46398285027848 1995.832374623579 4722.826888125261
104.64393988058822 96.3570826200941 2986.3943707774106 7190.982710403688
110.82754997246818 105.69926974049372 2106.3405010779147 7155.156015819422
97.91821919821881 62.11495858649091 2513.499250984774 2125.9990473561174
118.23657825937715 115.46761013737496 1165.3894380095044 7494.969822696699
90.96287936413066 87.62491984118154 3131.003914315322 2859.4875935531304
63.62447353181721 70.28302252362384 2958.989981152216 2002.060284778656
71.28457909928949 61.89341971019011 811.6524965718343 6643.612291581685
89.04058424287415 94.25313187697846 3019.691917444268 6939.140453667154
115.26096902766109 110.69765201877708 1100.629118501306 3695.241630548641
77.19912189691792 115.49918216216678 106.36189700135903 5697.337605926949
89.85627308747281 118.64668656134748 1913.3588613751103 3018.4028757141396
74.39129617494503 89.60118571068064 2031.966154066841 7271.200545215622
65.74892380146974 65.89615866878086 3484.6901874990654 5663.7699452334155
65.36615715713683 106.92020963305575 48.34147019192819 1711.4782968822833
113.20126275067085 92.62071190248251 2088.8059243813373 4432.355360331
73.27315654009652 93.48730679507268 2686.9126828291983 4408.009175941037
69.17411346502902 75.58901028800724 1192.2869066876221 7532.258027217871
82.16898290572342 73.80050664825508 412.5087172983557 6880.523309204883
115.04657294428269 82.23046122587628 972.5027429943854 4698.606480700161
99.36548867657258 74.54584644749525 438.3664108224138 1615.0310719532984
76.38645615809212 65.5476652085455 3305.868122674987 4975.24843475108
64.14969781482776 112.07694764723674 797.2557086693215 5521.1862443543205
69.61410944677725 117.60316458944247 1405.8280742181103 4073.153820230349
89.25030123126496 87.25907331824028 2665.0098027210224 7239.346702952371
69.7751111181889 112.00289496628413 2081.4501285075385 3274.904624703004
79.969896832716 113.64875403338773 520.8470607020098 4961.0247999595385
105.16006505490493 76.99317610741289 2177.441085668625 4138.732330571174
104.04782532934195 76.38305847311746 3346.1453995563315 6150.229862886479
113.55083985462312 74.0834157670776 771.8138534471996 2153.1607049892013
86.01669790422648 86.01703713565529 1539.0135535215225 7744.521543214128
93.55848762558334 111.19744785605033 1996.9505547937963 3717.8346248432076
119.58631492056584 94.68576505742746 2323.5829342161774 1315.890553208886
97.15399657900959 80.0089473229704 1074.9363489430345 3421.1767418876593
109.11140771161197 79.21529913480971 2590.3959371733113 4060.506173126806
75.06879707665806 100.21021494802109 1666.5793494353848 5531.929908326274
81.20625853593585 73.57244590598854 1848.9888285546301 2917.466651509318
60.834388905617786 77.46708436990566 397.1558457656247 6321.86265381604
105.21936004525055 61.37027583270253 3444.2199811759133 3101.647384848517
73.2106575927053 64.39916303002316 2777.383616458096 6254.942712338234
70.05179490686032 98.70188284277216 2414.078837291585 2130.035281584941
105.14513092348308 89.33005398269412 3079.960681800834 1807.5744188169656
87.49036307422209 97.72811163140734 2213.575819711812 7324.038782361434
92.12612374792901 83.01220487038431 1897.1328303113169 7812.273854197208
64.36790338002062 100.99457581573017 1351.9683601279412 4597.28096991171
96.47403456834883 64.7382927511231 3167.924810279875 1694.4092590836651
72.46041789829724 86.76640125387642 64.05943376970069 1539.6740057323073
77.75551763802338 66.73370091412892 2765.5966083565527 7115.676658003065
93.75156217448145 87.66336720131292 746.4181509359292 1758.5755398612366
62.59723409449217 108.65406617787376 2127.491372128623 2646.3236280196725
110.06023058601095 113.19066114597827 597.1685210738245 6910.781631684149
65.25252823990067 104.04549931070073 2914.0604765350085 1498.5398051716988
101.6478462400551 104.1628348576598 1705.9412823239861 5658.353069658391
79.00684834192816 64.60440247510985 100.54858018560127 3569.644487487106
77.05021512996227 62.13009684639808 2946.0498702279347 2705.8351595775275
79.28457844796002 88.34780586042535 2255.052445754972 2876.5308769922376
99.85958103705633 104.95404689459798 1671.3035045309748 3676.9102793604598
78.04234176298928 65.79628522229096 2962.7208755462543 3555.483589670475
62.91445868579687 86.7618463110226 2492.6436167413394 3530.8658914640687
111.74144027290951 64.56547444247047 2080.6483812045567 6461.178849764636
102.05025141872899 61.1404889229865 2423.0832895965123 5473.710164364235
71.63883387269337 101.43218323283158 1493.4465121527815 6921.040405218304
111.31319425879873 99.06675987688408 3271.6787820193613 1379.3787457278763
62.13438417405521 119.40755728623881 888.0944342945953 3063.054505196655
105.71641446075199 75.37944118640837 1220.1895200594581 2308.725027954858
78.77475468887695 113.59154296050214 3081.3795326035583 1760.6653433137683
76.15056243927226 62.42019160731531 2281.5043160921587 1069.9779321632604
112.50962046766068 104.99888672476453 590.4275668615246 6993.9671986168
62.0431825641325 114.06470858950225 1734.8070092770251 7942.386902604644
83.85955125985905 78.55634890805793 1688.7631107703496 1226.6193350368114
105.33814457817715 73.83050345273628 1128.4493506400577 3061.5170043226044
99.36220933364021 78.8782063907494 1163.6292807023958 4029.1297241106126
69.39369228424232 109.86042841893364 2553.459242660011 2184.1357578805096
102.83257655135868 97.34119323860325 3212.279385722234 2426.8655298690187
111.40337292218514 101.1637283902401 1806.9419426254237 5810.801175117737
61.908322030098844 112.74448965945065 3438.666899639399 6274.286815494314
106.63425856613475 114.75590829032761 853.3642718467657 1936.9143963713427
104.3076744628544 76.39516204583063 3366.46851181938 6150.340828500778
69.11937750828602 75.65378532194545 1201.9046894512355 7532.36499980063
113.9045134883373 87.95463012518786 1600.8331074764988 5187.917975598022
94.85345841706436 101.88754218067787 1458.106439048961 7526.468057631615
113.64025948896273 74.33996777884492 794.0355668840348 2152.807812031968
104.12585469328724 87.03019013518714 2663.8060677539456 2211.2434662094406
89.94849105120548 116.50497439037572 2092.7368889976015 6478.063376059662
100.35338983781065 70.18696931188647 1487.9524340791104 2333.197989473751
92.00294998639076 99.94473881493528 1359.9667966709908 3014.4296892754533
60.97677895071487 104.65758025222593 3062.5741836786106 2129.9539347256587
95.83947728420513 104.28352541674555 2800.09246746468 7049.306254724573
75.00846207633288 83.49837332929857 168.76454528843132 3663.3313281143046
64.77526899024043 91.56811473829354 2549.497245296153 1735.7320518231845
74.68869962710632 66.42145095122079 2937.7968496944873 7745.939693743296
79.30879966146148 117.15469531447482 2008.5931437809427 6074.044700365171
60.5480827014577 108.33472412535878 2048.8695125149948 3325.04624333878
103.87133674377358 110.16533082636003 3190.717358195902 5049.120377965497
89.36369033962471 67.25691665223053 782.544997731062 7337.2211151695265
89.54569602132834 115.00383656428279 2100.1103408901063 3650.9030126256944
63.32625593971356 107.02389256348819 1313.3501187982906 4607.68422295935
101.61546642788956 95.5286121634518 1494.0189421731893 1904.6916627961182
86.26724152776005 101.97008605666483 2646.5797205524473 1980.0163561997726
81.26202004304375 64.28778490259567 685.6700737343429 5039.3528822993885
110.54828783665602 73.91387122275876 3030.973422918079 7549.841878985289
92.63727101067626 76.91467055609026 2870.940178212737 6666.649022918543
83.88786713871072 97.05535858593181 11.62902648119362 2501.6629350785997
70.36131044110924 93.81557732710101 1795.2223054292656 4707.271014945823
97.26842541712435 72.2015065665695 2827.215756555503 7785.522055926928
68.13165044872972 95.83645084030837 121.51139723805349 5503.003761131659
119.8332100651234 84.30994198693618 3498.965005827098 2538.6693015733945
75.87893720026244 100.28503011286 2291.7606963718963 5281.51394239531
106.64209273003168 94.72024551126864 3332.1190693335675 1184.2228322789986
102.51508879951346 71.94184045846859 2241.018710708821 3009.4020379723543
95.30525438495235 115.51182101300418 371.1172222080777 7575.711386483461
112.92963156911895 86.91128328347182 2114.063129337293 5340.3048481067235
116.4669786167008 81.26322023899466 899.3304619297769 5403.056992427355
99.12323855104154 65.10644423819068 2086.77670014733 6803.320116652634
109.85745933200394 89.19650731553766 135.87899049096933 1691.2101144363553
108.33984731223752 100.88363740996039 1918.888494813312 1705.7037541578572
97.52958749492693 80.42124308259207 3183.674233602158 7909.468455897171
92.68145014465607 117.80898349460969 317.4869484730183 5672.45270446087
110.13010566611231 89.33695117817649 1847.1655594470913 3234.154440771565
76.2631620452205 94.1705554017531 1526.7534336082863 7913.22579501598
89.12777440124628 100.3826109774217 776.2806349297578 3313.4974787857227
111.93816707928856 108.0391156654598 999.9516980706278 2666.116671359936
116.60903587771023 91.52165922050092 1567.793486436856 2658.6979651629213
83.34783898279129 89.3156902195073 2879.3443312308495 6322.6476127865
70.41654684045032 83.92988246657073 1801.053123825644 4981.838657224988
70.01754349280388 64.69326949829362 825.1387793484787 7664.740993191351
116.79512696975718 99.26758902635709 1234.90701970505 7614.937736353347
105.38385872676706 89.28925073094176 1839.2736237085744 7744.718725576507
74.9555165289673 78.85305956559162 2681.3877611327835 7142.545429199072
89.43648729592871 94.49873759214807 291.2330248413171 7137.521084532428
100.32450357853715 66.86029718265237 2395.715460985724 4508.030213193041
69.82457886877582 85.63524419522643 3275.4301818754166 3681.232144717368
108.14168876378916 81.3690335672944 3264.4880152108562 3474.1243212505688
62.24824888383047 62.5424909014017 1057.2085508510618 5127.047693557848
103.70196498520754 68.35054705786432 128.12558837486128 1731.919247624046
116.16399344173094 73.86012463991732 2129.9663390020974 3667.4065738483546
102.27661168215758 61.59143351597682 821.7295287017661 3880.9353774509273
70.13013193660511 97.08174212000164 469.86410070905123 5551.146658952594
62.54370424595484 63.47317890021805 2658.2937059889246 6864.568846768335
87.46373013737089 86.89765779814232 796.1601068791806 1813.9458559909742
87.50950073040272 69.54689798199844 1195.869987291355 4570.213411895748
103.76417082277655 74.82589172967594 2271.859227104934 6213.92237375428
70.43109189645587 69.2444189518048 218.48678182530332 2055.445684549797
85.64119303454137 119.63157899378177 2462.193659914023 5944.966251521169
72.83740983860483 66.61521565660081 682.0491612179912 5608.569982049486
82.67379959807577 90.65497164051578 2969.508230789953 1762.0666063182352
105.15048175039318 88.46026544389491 1109.6791800262995 6425.003931587402
83.1270006634508 113.36634212239908 2798.201177031083 1863.250553895878
61.302663072705876 71.95197098332103 2982.290958328323 2733.312649345477
106.67758622326039 89.23737178330516 2889.7474102502433 4848.592730874514
60.28983710269784 93.33860395944339 2772.098550980281 3655.5517619249026
107.75119324217509 118.9930605853141 819.5943680271394 5716.732428313341
114.38805690709256 116.32756964533543 2469.48142870006 3501.29008511019
104.5948089644713 118.58452443953993 2405.7618181987286 3095.451684680227
76.86871356943192 95.09233135105201 3154.6837230664337 2730.071090385882
72.76632916236068 64.82349309350113 155.70507377021931 2637.8674069050417
100.23379176257244 118.2574922091134 2428.63577251334 7095.4524345897535
77.63156442448714 64.66138378101687 1178.8161763867547 6888.597552497049
97.85803667315143 66.48441002067416 443.1049745591566 2236.9880984433476
76.83628297673728 116.96775798191229 998.9172270330733 3484.3791094166345
77.64631780306237 115.67411207534427 571.5195936516144 6980.318758608291
105.78551448912327 86.8398520693619 3483.066711324954 1462.574036877378
94.39385563219591 78.26775700738268 111.90275610485553 2547.199921267965
89.89581365128686 118.62335661565523 1907.014605029841 3018.5220817307895
87.82550054120135 92.73394232710268 342.637353452296 3425.992968318429
115.14767006402506 69.3101692041063 3197.397640665636 1113.0853705304075
95.87189163428205 78.48516254693776 3500.352560920419 4720.593031487177
113.80634625679546 98.6734095046605 2508.29903565767 7126.216375311216
93.01480822570306 68.99775035517379 3112.3666737282724 3274.015181753361
86.65524326647687 97.80358822418103 1882.5727535589433 2174.122852397822
93.69659621772863 75.86274401320489 3380.188509690261 7507.454948803988
95.23793798504528 86.1341654330156 2118.6765012757305 1127.306920757461
94.87436232361866 74.82732406134859 2798.030980524411 2534.8948702869216
94.00401753501961 77.36144511850225 388.28169033271024 7532.331454991286
118.97780188113391 69.01681611958217 556.9819909333585 4359.71677594133
66.69371292921997 117.98340024899468 651.5093433915666 1801.7552057288863
68.56610466091045 70.62083784415603 1573.5423176161962 2252.4180511983445
82.28186586895512 94.8002752928942 3074.855221058425 6732.04607997976
65.16785803218043 69.35405523455506 1302.108709382935 3401.4836808814043
74.23548506599771 109.80998110067908 905.274704378975 4447.354119303342
71.37526791560296 105.81249200090309 3541.3876963811576 4963.510671352494
77.54028146058204 66.17409295664223 897.6701880812873 3286.6638240309953
116.14698577721285 116.81942900761099 1415.693648443248 5797.787642814869
96.51916831801627 80.67334699696248 2538.1121724557606 6214.444770864517
116.09317359595003 92.32202436548717 3457.2162910330644 2629.7496214695198
76.18338307285764 62.22810047374851 1921.974492926133 5508.274110823634
73.01416737286128 75.00254214276036 2872.916802073389 6427.087180199951
106.11090353599438 86.26154961455477 3043.6775393462417 5536.063231465103
65.22922335725198 86.10529986595218 1022.8176358900272 1350.085821156266
76.7240991507432 87.39347063468384 1592.4742148942378 1091.6934566206198
94.35923478606004 84.48743926592287 1533.0717712685046 7537.572907772937
84.61836813909802 115.85169495196963 2928.380745422583 4477.983812981975
119.52084251382165 108.76917081433079 3272.534100321507 5585.378851174366
99.67690700749549 100.41573500942732 899.714804980244 2622.2871506807573
114.8695901041803 82.06591890052421 981.751989460559 4698.7094376590085
66.7223665956236 83.54881529806947 100.57909866776758 4736.387532240682
97.93616194307515 101.48618663569381 927.1640102321279 1752.8190665865693
68.2397631883138 105.6800316130114 2646.4760590942915 7646.003748411111
100.28181880469275 64.41639520572147 2660.5205746054526 6670.027689284124
104.67578414171787 105.46956851094386 1289.4433839830508 7082.3569598682125
74.38812155868347 60.4288085102937 1662.8309767317244 7402.929632636978
67.93618060462609 101.08447089849564 1778.774510986353 7038.071346223736
116.8936749511629 98.28673146447723 560.3112959122471 4854.812763422014
119.7404721780812 113.25230585930046 2414.7517858595597 4589.988544687417
79.1551501505743 118.16609208181988 2526.134351334569 3169.407316287684
86.54546896309456 106.86434987485703 628.6826142623428 4731.727261291527
62.74912845283547 63.140526370234106 3012.390814615435 7276.019786201808
65.00363882458835 72.90119287706659 1652.3436842018962 7279.934464960493
103.29489258875871 68.13238325283739 2094.0685577810405 6602.0524387120595
74.36448265684729 63.671779187646656 3367.1315388287426 1598.053287336606
70.95932296340766 65.5989273626107 86.28050099070924 4398.099423756599
82.10524619717201 97.49175675389971 1525.503610763367 5160.209673266001
108.96135466067736 82.79914133168987 529.6386701954514 2294.406755447528
61.64406166659291 82.66083106913207 632.4020468961925 1411.4974558123404
74.04435642524632 96.39157649502721 2683.979254512062 6033.37617351099
97.8574904512448 95.41947227199138 1.0417657370435895 3358.931266042933
65.05163070292983 74.52632362287314 1112.7307459866643 5342.691887871136
109.81879442980265 118.93934637950487 1821.1122600011163 1336.1871307434042
99.7987840242706 111.24504996648912 1290.2594588153445 3511.3552479756063
113.50548698515891 81.7965444122835 2123.378440871258 7278.359303198269
104.88207488488113 71.95291412611819 1019.1075568247797 2428.0517446670624
69.74477048864735 82.39543117304342 881.9984137184638 7216.0922496522
86.54720779333486 62.5269719734676 1562.2595076586156 1453.1803743615026
80.23204673086147 115.44250138726301 3034.027248192847 3108.7833949226283
116.15283559669388 116.84944029696088 1405.9158875812795 5797.815054522727
67.58234609914366 71.93978106666013 1753.9751880886379 2094.041960389347
80.05097280023796 108.79873528180063 2664.9810197097077 5060.206928741307
65.32711019695434 78.95582848009562 2460.4814718825505 5014.440220436112
104.8151679756601 70.82366272087546 1303.5797611333348 6612.513915046031
103.05050313117307 105.79029055395435 1685.3113739115618 4101.161982736456
102.76893292867075 64.38654119352893 1050.1013647983568 4573.330606725847
108.36322759679824 115.07515733721394 2385.9918602365888 6026.095086170008
106.7849229135441 113.19203995512636 955.2252493883063 4514.413846505271
77.19107180176147 97.21321680601409 2529.122339445133 6583.0174900519205
69.62914095330004 76.18640822128117 3403.1973797638343 6128.638858441975
119.41582150160419 86.1048461643878 3494.394527173421 5426.516555487036
118.1521762018596 83.42422375758557 770.2571628384883 7653.790192896215
96.2720295926952 69.7332005097173 3024.256121030798 1293.268669007721
83.34829967195105 99.66354338327334 239.7928189426781 3418.4829383153733
112.10867373054788 64.8377712997193 2851.6537835525683 1891.0710881583036
103.15770856877839 114.98837481550163 433.32991700402573 5730.73499613979
95.97321330183908 88.2150461748019 1086.8532741654972 5244.656614583968
62.38147690636249 116.27199066955981 2289.860188934378 7869.675266400742
104.97969543697894 90.63936964432551 306.3243110562299 5042.876334015214
103.19963750728573 68.19051133110686 2102.541403672775 6602.069896232892
82.95511221870963 67.57463745874722 79.10013494098747 6659.220628820101
117.7032020335547 98.06770905296494 38.40749694609058 6505.417612858823
84.97690342452805 62.10457818153685 205.9758471592258 3944.744841083889
81.72020201604865 75.51769282106322 2975.289122582998 6608.2187942268065
108.5216933183738 110.75701092984686 2869.0888049149303 5334.653845480201
98.75134028920816 80.67071063369133 2724.333301204158 1540.528260180446
81.60182550805241 113.98767287282024 46.23554329194477 7147.298831853852
63.61289757627492 83.19302522756476 29.755866331929017 3123.886783148707
82.68799209646558 113.13759121636255 2357.192424667251 2991.283911608552
88.98598161895939 98.56532915875677 1851.592025582346 7675.535697250605
93.34841111495729 66.9943106945282 2251.4974302126197 7142.057045106106
66.12812366231519 83.29228293383306 3385.744751343582 1953.8427005183369
87.94582337337734 116.96082601082824 907.7862168712063 5487.773898654799
118.2609236794029 83.22011327780754 3205.253087682208 1234.454202388494
110.67258075871898 85.10424209413632 3345.285327699248 2862.7611686018654
60.3545365884135 97.66176858069993 1794.2158134902309 3293.6670860067534
86.99056160691855 106.25562043918704 2220.1830027629717 4871.822845829782
88.98307836342747 67.908678545988 2141.189755020216 6052.0963652140845
94.07504691396734 69.15103554356155 3525.190245622058 2474.043566218201
60.36811917419084 74.82846735332546 2433.1199739815524 2840.4497200886494
86.77554015263901 113.24154811968656 2911.128200112227 5000.204838462061
83.28480317321574 69.81639579700325 2981.150774084468 2764.2343394212776
75.21174652067779 89.86416353363605 1062.6057857952408 7115.301912603853
63.41425225574314 107.44648411905514 970.5939976251423 6669.881561262609
70.53048961361702 78.16294651208615 3089.101326337422 1068.122208927412
62.38138532205761 101.04065653885992 3099.0421740090865 3574.29749581923
81.90314024132647 62.14987687884011 1518.8458697389751 1427.1378552317515
90.54455563540785 71.30732094798354 463.25121784498486 6083.363048516087
102.28564837070417 79.47160037852409 2005.0919429017401 6779.009374186622
104.2558513122732 62.291991096669605 332.10424250026085 2603.8425602937737
69.68023439213718 88.65728035713383 2659.4541029317065 2011.830232225654
77.82093991133206 82.4393075818447 3048.2990406460262 4234.35039103677
118.3361157994889 95.52822824318443 2654.1122207030094 7103.942136738757
86.771971891673 90.38878910715988 2937.240360406732 3917.036322694174
77.17171099277901 116.26412167392662 2631.6510492606353 2998.3275014694523
106.99299418310906 119.09190395071062 3274.3897866652246 1073.48229709067
93.3608232160709 109.60209513053323 2810.7224437080554 2351.4064344771086
101.1266658747841 72.7578172333347 619.7779997790714 6482.675486518137
77.05587093814297 103.25836749880915 1852.3461625390041 1327.6111803513115
112.62366860198603 94.7449014668861 2543.9680854337284 6889.104777673583
92.66204653989605 87.97328258105709 533.0913331144732 6645.202891631393
96.89208449860651 118.92613940750118 664.0654342486959 2842.3535728477036
76.01227250831903 73.41469899090393 394.42719578253394 6345.879445445389
115.30593395548671 77.44926850881915 2243.119253388429 1691.6031179869099
106.9022663305641 78.07015319397216 1400.482024302371 6992.655754815356
119.45681242418713 90.99348562516118 1075.3598763664306 2452.998495997374
115.52160634576795 77.4686597511783 1829.7581369622458 7461.758347234072
76.8581321063494 115.08685038204439 2756.611667560346 6580.033199559356
66.69286566508801 62.24564141746103 3427.102467966424 3440.009655895558
108.54827236469792 98.43973944650584 1329.9951331161258 5171.536139244382
108.6232109171902 64.31329289278489 866.0707485615902 4803.656193179671
76.092005798098 114.05011540568474 994.1983697172157 1428.4080655025484
119.64124563219629 81.65865438551161 2009.004331995659 1593.8921883545274
67.11979308504458 69.65983873061982 3090.6657380163015 3571.2906990404126
87.68302092032891 94.36847355914908 2694.8679841318317 5817.984523068646
82.241802079285 71.35958598505614 2772.3642718572682 1884.9655628967323
118.95835318971375 78.74470372283805 3172.0738791292583 3426.8455554172847
81.16582340737915 72.94398267123624 2700.6254318792785 7985.232077498621
74.47373545309605 119.1892816780697 2490.553023355741 4738.597621937735
101.6217669720973 94.18067822010545 1133.7775004027567 2850.962045502657
83.32716390847924 116.49747267434263 3598.432943944273 5802.24206359568
88.95849857970299 113.02991539672817 1413.7832185674224 2939.4435764189757
101.2186553615408 86.94508439445647 2063.778824230741 2015.3578190786445
104.53441098538532 104.81890079482432 2400.7315872138165 3115.178016452091
77.00583308433345 104.6167923174553 922.4461271379525 6309.8852308958385
62.682966343600505 63.965376025700735 1813.3345442687519 1920.9588243965572
63.89103493139512 68.8040668156973 2887.76081632131 3325.2244447216895
92.97330268698923 61.437152243885 2360.2444189540665 6750.242111770041
94.98284862446225 95.69436894014737 2288.480135739565 5860.867311944385
116.04356409519492 107.79611548188768 2869.9088451421235 2645.4297912256434
107.36909911287908 82.19716310640493 2082.668338213587 1327.248340576006
79.0281986306039 104.94706497167408 348.3237317048474 6817.467948825619
115.29081786997939 98.63975304221951 2267.552434870751 7270.2367320497
71.98789199358768 64.1918663965774 1522.576110966181 2642.235999021478
101.75292845260077 117.17043839176624 3133.20613454417 3107.5336240852016
97.63549993553443 64.55948255574845 1814.4755082193615 3041.109537171457
67.53796421147175 107.41689301900487 660.1573649074957 5277.321103964685
106.03569461669237 96.41134414216609 2090.871020542372 7848.120385029383
64.26148487754703 111.15299400761558 2781.4933730419316 7406.0434911369575
84.55871310693023 84.6053647147876 725.5931408948467 7324.716357623366
71.80464524565551 105.4865931379601 1768.9122743924647 6891.576078870293
72.29998022810956 120.069642005389 346.8023614986503 4259.730855310094
116.41993292765713 117.77129382445631 1730.8317435413244 6449.309168081133
113.20189204687294 89.60709378025474 2619.763349398374 6166.247061180875
108.01046735906901 60.35298849383697 2623.553747906196 2593.2735884217477
61.52111545537192 97.93826476808574 2844.3978989386187 3446.3711527675227
86.63634317684381 60.001297527817385 452.1754545589533 5466.5656315382075
92.89726008656555 92.6699283180909 1651.5033563755871 4786.310040185865
107.25060438357583 78.89731000621356 3365.528309590136 4757.823075837892
108.12227860330938 64.80385640565657 1876.3532927135418 6127.320092326594
106.08358007791561 78.04132551043209 1999.2468985298792 2784.033117127672
90.7005913211688 116.9141016550525 2255.872115382792 1845.3210666738755
107.59190483984436 90.91862368452097 2991.0068133995287 7111.725494338277
103.14765060920716 87.7238525930849 926.6578520918761 6872.133644516268
118.20504665487039 80.60179142628836 2304.0547204518684 7643.444825365167
65.37301770588525 91.60475309554988 3269.8272749579683 1308.604193917668
97.85710995474733 108.1702423478337 268.265198753681 7455.273430302255
76.73527520971922 113.22425933078097 1011.6413230292742 6138.841491179424
118.67590777823868 78.44411636375575 3128.608690087883 4415.50807539736
104.53764866675864 70.96855494470545 235.9388199424399 2080.0085210191737
111.89005014797955 95.0102373336274 2934.314638622353 1985.9828475479553
94.19287580428092 91.20123744356917 1203.5195804203254 5645.806393659001
106.34462110609863 99.62841790783403 493.3068421150701 2115.475315930338
86.78393903096254 71.77367218903946 623.706219562729 3568.511136591497
84.34392306619631 104.12242687579905 3282.465901595532 3120.4007690314206
94.92141111999604 70.47336992209559 2637.9693154136726 2257.3786283786085
91.38281923152317 62.44644408692218 3144.7431739478643 4437.134476080437
100.14683935215632 69.78175947034057 2960.225540524757 4192.478930642567
98.04015290052595 108.29165518118322 1820.0218550259806 3630.157616691859
78.80300627419402 105.14233362824359 2467.456661870782 5156.464403892117
94.96628780005473 116.55139967344243 2468.4270078561995 7083.29693306588
89.97287698459458 65.64346545260625 1439.1031737938163 5941.83245820664
90.96531660142908 94.7030760417378 3325.725044551258 5529.437032151734
76.39264067199721 87.66851126719274 372.71722692950874 7318.920470822241
84.78005490931127 82.49907610170303 461.8046057177428 7436.665060633401
115.30523400737745 108.3920931120322 2411.06602139876 1049.7281520055467
83.3484499525773 77.88111201876107 2486.576289301093 3191.6486214967567
96.6633211193773 114.9899827088273 2271.6241239873443 7597.6888380199025
79.63548702756192 107.18136709600259 1940.8336087979312 5910.27651338117
70.6481445465383 83.45518655266042 2447.838279517598 4584.999574713773
105.81398540055574 66.64214197098451 1381.9202782914324 4152.7240102733585
114.81200504012818 68.28604327069095 1243.1168754024857 4180.395508969398
92.13950607587637 66.76148510624922 135.08581559560696 1707.4302470450712
62.87862452736092 92.63915800116341 2571.622368877241 6342.031308781819
68.1010604752319 94.73059194482184 2726.428520376092 1023.9459384210601
90.7816688795927 111.85018221660818 773.7411812486793 6840.3859562543375
110.18436083012023 81.56478517733038 2397.8793097204584 5156.440963090356
95.1274449283348 71.28105966781443 2944.2633114859996 1940.5102877162415
86.58749399523379 108.72994784949107 3482.313404918555 3320.886710505912
92.63616216200211 92.05553575705163 1795.8252637639935 3533.1518187005695
102.6612047127565 75.06040883218495 3178.1013977180096 4511.127297778247
68.6451945268421 94.31222814727627 1575.1856731066075 2540.576683169718
104.69934192512034 85.56331786785785 1060.085403235066 1134.2201695454485
64.54553980713638 94.66937563891048 3153.731879014053 4751.786121984436
102.95599349887117 61.95118368495724 2554.503401814924 1464.445220880081
86.53520889585035 72.26805116384169 2369.1499690781516 1299.7067207235289
78.47080516625618 101.05435343678677 2377.8972740854742 5762.152947709519
63.1446981571302 93.61755104823328 1247.1125416887594 3533.560182576205
60.174603491728114 91.02143114651217 284.3132321387269 7892.653263327012
80.14006258505577 104.31322344231398 3580.260261150352 4819.537626443891
80.23057546502368 60.7453969879224 1560.5989445153857 7492.231102222416
119.77596763532341 80.4144042004753 2139.6915755435307 6022.087349530999
90.38707615666505 81.17220848827317 692.4867699261698 4208.076697600934
119.3743915692443 74.72331913509774 674.9579931142991 4465.389650821561
89.1565082068491 62.904916800886454 2899.091421813262 2387.93681186993
114.35985417777982 60.760480366103515 2882.0514703253216 5587.796032849917
66.84995405542665 83.07825632462476 2380.969118592641 7501.824202583949
87.10673844212567 76.53241792736156 1391.6591342888012 4188.414515933502
67.53828262173002 107.5438948734184 670.1135494010417 5277.420701900139
113.91089946479453 92.62590819288785 1365.815340730312 6077.843908865949
113.05375530222278 63.71745038419663 3121.9507657961008 7227.05278401168
71.40910082500132 86.72993681826708 1057.3064485817629 3676.349205699415
63.9639794107447 100.13578026938882 3388.1435240423443 6008.030546162524
117.34676778773841 114.6279088494652 122.36263395096077 5127.350146255976
108.9469238516494 109.83751140616089 2554.308762579912 1332.1615302351083
61.4085569796665 111.72092325063937 3351.0802193361214 4991.922868586463
99.40419655348938 79.2205629432171 1166.796603434224 4028.8729337819323
70.00196273178548 118.50866624808421 1775.759462050005 1893.893755750685
110.16117887700702 94.30275364032262 1898.4442191928445 5624.351181282359
93.58722273384626 75.92700352325069 3371.1787336555767 7507.835404708234
118.4365643868959 103.11340440080996 179.72882143215463 5477.645351743073
103.34972147384111 85.68305828142564 1690.3057080244312 5056.245829104807
100.90075728859027 108.30737369222662 61.56741528663483 4512.313924882626
67.61310989078231 98.64452183532326 623.804085553981 1542.840190636731
77.94931368020674 117.67758297692893 3563.5697501033515 5615.395940488679
77.00238248180094 119.07572548184388 1079.0531853413165 4767.008059314895
107.82694052309066 98.22570803899683 2172.7829830845517 4136.941196075375
90.90642041188805 87.62616696343684 3128.7376924948094 2859.7389063848086
69.26117795210718 102.10403330834865 2155.488453562426 5066.453640231334
72.42344441274088 86.26024125701275 530.2443227392589 7604.216227349831
60.25218815014337 70.35532158980024 3175.140530590584 2558.5249403620755
88.48324852225467 61.14962263075374 526.7413574300123 7389.926467339547
75.51104276340318 103.18116914734863 2721.698229426944 4608.478819699642
101.64664698608566 90.35093942551117 2404.772139510003 7225.81958949905
106.58929324316873 113.5422295060865 2101.924539704544 2349.6754356474507
109.37916207970216 80.62409233880942 887.6133167377982 1305.408515149928
63.06870959363277 113.98289337409348 1216.433510228164 2626.8566527708085
61.28943928321465 115.60182376787108 3561.4154955123113 1440.9997592930758
86.98708212149192 105.02676356100312 1791.0175211483713 2010.5180285843983
97.20395494231819 107.19848481431195 1033.6783531340882 6582.415302523038
63.310958555404206 96.19231135639347 36.964850608222235 3202.9048198626892
72.83778680446382 60.90872084534482 2222.9424529178577 4485.916618875553
92.40684702205522 91.85536052515596 1801.9197342942145 3533.4073627578796
100.31880281508245 66.91472682051982 2973.0961119056665 7293.587436832588
72.47034161843344 67.80015888001554 889.142959732914 1984.5846634426762
79.56177771986289 117.3276998565897 3357.3198872186604 2912.415951504157
109.58797059310558 103.50478385311199 343.07094097295095 2198.3009238706195
92.85652617128925 109.08582754087337 253.61945967570412 4838.558421303821
84.52099171001814 72.07053723666162 1248.9908869681917 1179.0963444649994
108.16395603978935 115.01806540174032 2380.176926725271 6026.055059552642
83.93371931887509 76.70835546806147 492.36296249261324 7518.849104875755
95.7735996727912 102.22192400829117 2582.1236450899487 2508.029784016309
87.28738808386257 111.53763696251372 1111.916651337405 7912.458598472729
89.07428010202997 63.95947097119312 252.45387431833146 7445.829721161212
94.93777900198121 74.44059397951716 1439.794194413043 3850.733971153648
71.11383077488243 101.89010032056875 682.095753191077 6910.540073761114
114.77681923218648 114.0050040806955 3593.0733573080665 1420.9298025984301
101.18675530695778 89.9177480744255 950.2544705670302 2254.686378315312
84.23739436435473 77.4900410188926 3312.2506041007096 2628.207460950112
109.60288634784614 112.67609994269925 2620.926805469667 3977.825881459338
84.46815522785455 95.38904450278814 380.3001444066837 3152.454678250937
106.51767651573549 60.27833563852702 1016.5775651570967 7627.099298642895
75.42889348965728 109.93296975900164 524.2357358041974 7374.563256614111
80.72447451958865 83.47295100312382 1954.8573995811932 7937.688216340138
102.2801994295132 106.60306513020679 1379.4117879640667 6677.849623377777
111.95987409429567 74.97646017432031 690.6758196830297 5856.767681154094
81.68722904056575 71.07071277719477 2691.0132182756865 7973.093268907069
119.07307939556546 61.751924186892545 2315.4279636609117 4979.428105876679
75.26444182525475 73.82801616517166 2390.124650447435 3481.7869428291024
93.31818747869711 99.57688799949008 2202.0217767461763 3130.389218385511
119.4163995251961 63.803199371691306 1510.2612025065616 7789.720759647546
71.78252766338439 99.61608184920628 2371.357750169847 2765.181257822226
99.55575713997408 117.35276851394805 2242.8894063996513 6018.886343636224
109.39333873649228 106.65628829264398 2487.7043979032615 5592.4728534099995
71.62001544413609 85.32455280157058 782.4194030346745 2291.6928248321256
78.85293937567772 73.04775122675731 1410.0131995380882 7807.669991807245
78.86999709971818 96.96156888391442 189.1978038937998 7751.515247256533
102.53359141683929 117.22619897409263 2849.117896489516 1916.1888657301504
66.10147613923618 89.36127805450954 1926.2783143792906 5285.224014668235
77.20812789809857 63.598733470402394 2519.231432828549 2732.4390551588267
98.52132944099345 97.2301557726892 3368.1331756237887 6564.825370327419
109.0020131832289 110.07652532290808 2432.665618143938 2976.9289118954393
98.80148553079975 70.00354246010642 2966.9565977222974 7400.906489548528
78.03101337450595 72.2989371158791 712.4515207628019 6785.99166450917
101.08879151663625 96.85972786549443 3439.408830988108 4196.604983842805
112.74072068687539 86.69329405197092 1177.2359612599337 1247.537889383963
99.70043065677827 105.54263284341673 2316.2870332387724 7427.493430578622
100.29865530067693 60.853949260461306 588.1620606586099 3008.1364026696615
79.9831560797672 116.55336696955571 2279.9448755177186 6897.941780921201
67.86404729457325 95.64967921825429 3314.753442378865 4791.945580897258
113.56869490150943 74.2415439926787 766.2563562698947 2152.9351296229465
96.84143444582698 73.94121388570211 1506.2331312512351 5100.286329848059
114.30019864998056 110.8115890289786 1448.3392700071822 4050.588425553913
96.1237614047608 119.90941055674692 2322.931259564063 5900.181508601815
104.3578801469998 107.83855552808502 202.95432977446472 7547.2843964634585
89.36451019039954 93.71964985086281 1019.2705394316185 6150.686791749319
77.15512783157934 79.30270927545908 3357.9356450387286 3194.8482830726116
80.83342122988253 117.33403540677274 2594.9896721889377 7311.818477650051
77.81234077390539 97.5804118466645 3202.4382858651707 1858.2012032960251
90.58239189955441 82.73295105408543 2496.6129400070054 6639.191525615596
74.5009313630341 110.86852050652139 1157.0264732677128 6839.114442846017
67.57657497138862 109.06421405097981 403.46911016229546 7592.016689504543
104.82523684879523 79.51436532898595 3276.628653935407 6127.736954303218
117.55432090734713 71.08780167789111 2804.302477997382 7302.528019513382
94.46433658675365 96.8988146943287 1926.2526554938343 4707.707522478751
67.08273986278442 90.92001640939277 2552.3956393099074 4396.883464007745
93.19283576190348 113.83086588112809 2354.751822791071 5022.89629455292
82.58331462470318 109.71271726232722 2927.614583111396 4799.932789745795
115.27881402526972 115.88898280004086 1270.5544015766634 3773.6902394450976
64.86656388084934 72.98999822946942 1655.2610551918472 7280.063715781154
118.16199181795685 63.34886709251027 3052.61157014088 7704.815229513504
99.24616304485997 80.40090026328987 392.3981399441453 1775.8419484778885
82.61053721821811 64.84898254960136 2065.8296773062457 3016.6474220932973
60.24993766476432 69.09842336094209 1918.3471223211263 7821.963295752683
97.74653265534131 114.58462696472358 257.12391018909193 3317.325757142543
73.22539267006422 61.0589999353041 2899.6542588679 1754.4328291451047
102.5753778745434 69.7746881633873 3349.146323616281 4853.802616408459
85.36498363860582 77.95660698459712 1046.275153381326 2549.0740446430314
83.58172476555795 89.84292782416735 2543.392080475529 5481.982064482955
61.537894485819955 73.60155524685331 488.95174111456237 6462.504458271366
76.57891040550057 71.33582342140392 601.5763202243345 7953.781698307666
108.00278330923967 114.93779038179484 3068.0800225585335 3464.9082868761525
66.66255310577075 64.28861233598836 1043.5166698093055 5915.321545983782
61.08073488971131 112.69004069858879 2481.747440577128 3893.6320203989535
95.84743572753513 104.78053966954582 1261.7080230678644 3466.1467907105357
76.06715242842256 97.25947976441844 3230.1400448087393 5429.702001117136
60.77474644810642 69.02132624344203 3131.6544224298204 3167.3492207265926
107.55360043316969 115.1577556637665 1300.754089546885 1637.0072945297438
87.53638386738196 98.76813118473771 1522.147276540554 4694.1100457300745
64.01616878838203 112.73041631299253 3427.3244772433072 2699.252773632321
100.35968396035364 101.05036668270145 68.83787538830458 7939.366136021098
91.97118940916425 117.89780407486613 2510.425252981336 5784.099643201685
76.70687241638224 84.13473734493779 2709.1069927658673 3834.19251066681
80.83758909226788 70.52964846993665 1539.097504977745 5315.906217314973
69.81559619109059 84.95797247621375 1355.5181337079769 5726.17762832679
82.03423708647841 82.87927252513897 565.0361924137936 5700.044308798344
100.56502206890488 61.03829842763059 594.6154084059514 3008.3384060489434
59.97836607669507 68.58682741154252 3423.4739804650562 1650.3197046448386
118.05611115238038 72.59594106221773 1291.1196460273184 3491.9764856269453
88.8114705856936 69.96457514613283 84.79695606272804 7856.951073532407
96.73414715248313 92.80503013364381 1626.6654468819563 4583.924262668568
115.16873837518952 117.02497040514444 2988.8999169579106 1782.1629432725167
108.3113828503896 67.1350418811186 1973.241230733135 1961.8731837354035
78.18142328129683 95.15273188516032 1594.836694812054 7340.813494208914
84.57470904606724 72.05185796511597 733.6557149413552 1527.440079449501
107.29872251325398 95.35687967343796 3543.7925927825095 6117.684390851177
119.4635037394259 105.15011597714418 2424.447075125174 7545.953121506708
113.97711949827637 94.50398545899303 991.0056743001961 5170.362114992112
65.17028780458534 93.43917946791174 307.98995010566426 1209.894212236546
115.89101696580622 62.68577723711727 1431.6674161376673 7525.567454204712
82.58277101870738 119.38813640721186 1724.8306497785231 4085.0554795670273
105.12421069713207 107.53089941251926 113.99780148613166 1805.2381006481278
64.89069204331248 111.89670904105084 2915.8803711514465 2512.6243464041163
101.91910026223151 112.97771382520635 2522.945871660335 1943.3660624530569
81.54266962660286 107.80916057038802 2392.520651009908 3446.1437089822048
74.34517505057855 70.60168588773529 1899.5910518494497 3700.53046769647
60.125998876326214 79.13327242848618 1148.1631206268344 1323.6810421712487
83.4043932914487 113.495062655691 2691.1582856082055 7419.9772251174
89.68001039469189 107.00240727739121 175.75511986797093 4530.664034622725
107.36989751423938 88.24224602884402 960.2145345322929 1881.3191961880923
83.07806893705953 66.02007564721742 2366.4761477792545 6716.956949944925
118.7905681884128 59.974897786989466 2495.2612432793435 4536.921802416932
87.43350672788638 72.73446034527372 3571.0971933140436 5193.095446150557
100.58616708079688 74.04539131534547 588.6910681298635 2480.913595393478
106.44193188441348 94.8969571949218 2893.5662235677582 6490.858193230941
73.34615815885829 72.29016783327403 2828.610213153249 4003.857574848761
68.34422127266767 106.70684590729333 2463.0316422246506 3270.0035554550263
107.48272682314365 88.83139381097486 1713.4555439949286 1766.1697212851018
116.28939283535529 115.37165496766784 2926.6868003671802 2592.0193559859767
90.63567733131683 98.18868370811994 3400.175146263908 5120.631965512494
70.87056000166893 69.4758461075815 2839.6923587691062 7210.589521383269
82.29566045164623 108.03056159085976 1435.7282367558935 7604.69404307343
89.6536036644403 82.66863707719811 340.2221292490734 6203.528225831046
80.6269727154975 84.35118494845716 2472.566094072525 6428.126286694382
61.06572529297558 113.30051808099476 2698.5219514422215 7503.016778017488
94.68051170857369 109.34099175449742 2904.717227136709 5764.900978216471
71.00615382281322 72.66550903090989 1612.5005494196946 5618.113505822806
115.50238689045251 116.64646117830829 1595.2856731219238 1505.8598268314427
119.37890750966498 112.56152863122786 2870.4962727687616 2625.319878656019
111.2946343259106 80.60280930219791 2244.5816623533733 7309.644626857969
110.59831902197365 90.93042099749664 2106.675146570935 2663.4617031916
64.43250728684713 60.49252008225319 3538.1331556786176 1137.033673580987
102.16672420878214 66.23881707607995 2265.4435653584915 1187.6171553684676
77.25143244787463 70.14724897118585 3596.4982349157026 1951.6629422124722
93.95188186412743 93.64077030267728 2746.358271837203 7813.586096997459
117.31284171335227 89.70194920831268 1387.9150136569858 3434.5550835620697
99.80405479882074 62.32810437676508 206.2871102215129 1679.9510780373964
97.62699356022928 65.48096711682918 3233.9363848606076 3914.733208651292
90.71273785159144 61.82128283224531 3502.3322191275756 6334.207544004374
100.8071814539899 106.56961846833465 1823.3612964264041 7622.318055515181
85.80708484678803 117.73502782961332 1254.2475099028024 7316.533638517024
96.67015984402201 108.28279782625539 1187.0856047916914 6339.586702300696
87.94092089872606 94.398409634005 2704.168721956189 5817.808921112362
94.56972114606037 107.38784623309101 839.0593518631988 3639.1413536664977
88.02415071578423 106.40744393928235 449.59336013583004 1639.1892340529441
77.24359966548326 85.39487668617194 1818.55650084207 1519.4559022102064
98.78197581453477 80.61686055205242 2733.855442037128 1540.892079671917
79.03868577255878 76.6233620041798 3145.3896547692657 5914.211536663365
73.20231154406662 93.59872075168474 2689.2841342964575 4408.107934716726
65.06593475939542 96.2826485247371 1302.9239338538443 3504.343252127837
85.43036872683862 98.34511432470767 2872.6456751108813 5161.68049905683
74.9618358363389 77.55043203908947 1927.5748047371503 1661.2782523097665
62.75769576386474 119.09779158601444 1920.7096625745671 2661.3850079234403
119.31901856158369 108.42810256382647 2789.3553598385356 6644.525855654189
108.2596109716557 74.74561517172943 807.9175515621222 6732.728426268639
116.26227371169522 97.71893532256469 3202.5497598172087 5326.691712620271
111.26985212153534 98.36028972267897 2394.184222760859 6702.278477319678
96.8207946633036 90.89063208466278 2327.756378777175 7118.394267112185
109.16299184319729 81.23303429581044 2426.7876189261005 1342.628481281875
72.87479176134698 109.11138043322232 2482.7293485941827 4660.469420003022
110.13386027825507 72.69155971972735 2044.4459261330467 6886.995417020182
67.07299420374886 96.995754047769 1918.9066644849213 3357.590181715006
71.64804862450082 105.30396263804222 511.60416439296165 1272.2807130849803
110.15932566353823 77.43814054132372 1447.5678089533283 3372.907361396987
102.7862031613608 104.35624516060925 2434.0295014885937 5741.446419896964
81.22902392382817 110.2358947445161 552.5854809557993 5775.116552977966
63.50557449161488 91.84466716662271 3350.001324260382 5692.215555879111
73.98523686162606 70.03277443420488 3375.4011739503185 7925.502026650954
103.34366287530688 87.41252074982128 916.7737856977536 6872.079056627493
101.12245011325166 78.86479299423854 384.96183014489753 1701.6966752421454
94.11187976765041 77.170233199821 242.04298427610195 2734.9016824857426
67.23833747264476 108.25873617091088 1570.993330445046 2184.7008212032356
119.25969170914705 82.96206356517341 998.9032912505162 4345.08992945979
96.99042242293473 80.947658415892 846.1590221633713 1868.1450637704886
109.28605447562235 99.30144088614021 3272.7129127072835 1491.8774501694795
109.71738649124138 74.50336509763689 2469.1456155968767 7594.232763051355
109.85265298181363 73.6344454480251 2258.057941375473 3188.3789175848397
96.17761464538967 109.08657300399304 1773.4060673956237 7764.874547975866
65.91609504385795 92.78140543672103 2147.454205264095 3869.783882635387
82.34224635052168 73.40715881478582 2899.107673444778 7886.249115769102
99.11323844992813 68.27933836963817 259.79865091378923 4048.42923019985
85.48146584186466 95.44556256191065 2215.1630907063914 5960.2065526020615
94.5592995467701 88.86884267272931 343.700863020225 1297.7062381800333
95.13675807617294 82.6772974118315 1368.4949955692389 4257.787118890615
89.44030126970098 95.23067951193877 1179.7041917873826 1424.1363051814715
108.97151451134738 105.77540176771463 1632.635984170305 5401.735675273157
96.66910581859125 66.17822279208934 60.7272844219237 6058.7319488808225
60.757999837491155 83.47148030881023 663.3996462133498 7687.5584445891855
111.37553764297671 93.736022904374 3240.219427533896 1799.7408592404558
60.25768662413003 91.38479548453101 523.4868276200444 2243.0711317887417
112.16765838761275 82.3540572838599 753.2474790581431 3878.1073404406366
60.80222348242059 92.57903601559075 2413.9626843088713 5252.252344595575
82.7246728312777 70.35706743945367 3569.097674326632 4956.372004823359
77.64015240620381 116.86493648161952 2141.6029097621567 3495.1294908716645
73.23398980590866 100.05436991870185 1455.1549818024155 5586.806182288449
103.70804604693144 76.42999644101276 2705.2385837380634 7936.7986040672
95.17790200298717 86.37180640319983 2126.82376822575 1127.3933188517183
104.57043021806969 79.59302926774929 3277.77702855231 6127.730653371706
89.47514897303188 113.17083897262566 532.528909279734 4514.531773675933
73.85632617510616 114.91381506159065 929.6978472878967 1455.9945925743516
104.75429588593406 62.7395381333066 1726.2972814210293 7134.715476837636
115.65683588944333 70.82716846425174 1740.851766276982 1036.3642331826893
94.82477954808081 63.64960012622807 2868.538456355239 3343.1153853421793
90.76640483069954 88.10179257151309 108.85139743959456 5469.9808340120935
95.50044990290829 83.78837503856138 1841.1922850579892 1518.3776918621852
114.06501217455519 85.36433974293786 1417.8809556382434 3808.498578099256
85.61267677525515 87.57242233120016 798.2540378870181 7672.267556249899
112.64187208991571 87.51159896499242 1241.5235237735637 3344.5560272715393
83.55749153657148 91.19774253857297 721.0331702854565 4978.802457391699
64.6346788909839 105.052670354187 840.4438889253745 5122.82987774345
86.6667045711732 110.81559367242708 1540.503201246245 7300.359963069157
100.60828066805722 85.45544299088542 2342.4755410782823 6016.381929551121
70.7240711268337 108.60978995142017 2679.936370152096 1417.6999107585216
72.29117870585065 69.86194826152322 304.54736017772296 6262.292829858387
79.8277799774447 60.96685902973009 2314.5347826567786 5649.636335676416
114.14069683287117 94.34438472912903 985.9728834614453 5170.248786884344
101.98819305138615 105.40419405956932 1257.541515064969 3402.3387980152015
115.9361028701528 98.24701224004669 1025.7442667293858 6817.967019806699
79.90653888264983 100.11569685309932 1573.3911038930823 2135.4840058881523
96.29563900219937 63.78928011755218 2102.727855137198 6783.803081768662
76.64955075248987 63.64226966049833 2466.2060814082533 2128.192548845111
112.81171489462551 65.96061526434784 2491.1241206606423 1791.0098773978864
113.48448878895836 67.43991374746675 3041.1887163246765 5426.10669149884
62.03355174140748 68.27917907091432 816.1066643297941 5027.4057954323425
118.38501469473378 111.0013556716934 1509.549467060057 3499.161449440734
112.74414828320997 109.01468919152273 3162.4514259001726 5861.010627167804
72.68143761590748 66.61317895093171 686.7237713470336 5608.389698952626
73.84254243351846 69.32963902111135 44.94960122928191 4951.759302053892
96.77297363661017 74.10352339349129 2829.0242197193834 6376.532390577793
108.31798369870015 63.897885959715374 1475.361855451987 5128.9823085694225
84.51949620031642 95.91818761358873 898.9155967791194 3979.2274850087488
62.72774290728387 61.299555217210965 24.993850371935505 7931.6818005503765
64.35765083428223 105.24173212467325 2584.3038324736467 2071.520647190958
91.04690365823002 80.68828143972748 3553.5447850335336 6635.007502900008
61.69105036074006 64.55028015235345 1291.5113595148257 6879.297789457454
81.21387050037971 79.92008694743276 648.970052233481 5513.091803273182
104.47027287067603 77.58555705973511 2975.138102287045 6646.097353494
107.5761891975289 118.49184664277384 3524.8281307432526 4295.959869595328
72.18712470805502 72.20692512314118 196.22618449616374 3674.3783088554446
77.51535017357536 96.96831072540232 3585.218341641516 6300.17619809473
85.76363842992646 78.0835885358975 3210.9791086551377 1416.9842364640667
66.68388886149151 76.59259438097214 3183.265731408509 1697.092828675584
67.25492141679837 60.93028949676364 733.3165603549146 5277.800276505289
109.2067106410389 78.4644783257298 2268.1739421165876 7955.698730053157
83.42324565139342 81.10992894780401 2701.4343112681727 3325.5949258890323
100.12047979674857 85.98133869929359 2679.3849743188885 6088.626264459691
81.75214512149898 109.02196343397937 1602.2744762796417 2984.9643635055645
71.43621580187649 109.17945581795387 1477.6095075701858 5214.441246973809
84.09791943414153 104.70785210154484 962.1508406118147 4133.423792284614
103.90667501277292 114.73005403366403 2606.0061477123254 3074.3833790538697
103.5472302188778 105.51749486658098 2489.034817009133 3611.3446646341654
69.29546982073231 77.17483210598641 1706.130958290956 4578.963600676289
79.18339767059369 104.70868625793537 512.8113696606223 5026.767234241411
77.26275022648265 85.30814520083028 1828.3768591795583 1519.5885283503853
68.79170929853139 94.45728936169772 1565.3256162979987 2540.8166433137976
81.3733824324036 64.43757108900051 676.3892843540668 5039.274405075007
64.19835684705967 69.0560509918549 503.6848851876065 7412.780592315085
99.31768468395312 91.53017578344712 2138.234723612266 6660.877401775368
109.39591233559358 67.89492617237656 873.2557508494394 7026.581934462925
89.71772253057947 73.2170580411778 3128.495530703251 1829.6603516170176
72.77598695700298 105.42663528260691 2112.9511619705454 7183.068195993837
80.13180029717832 87.5108582827641 3443.174991874068 1835.1875183000543
81.70280155248551 61.56588375177937 320.3689107500584 5094.569965082478
80.81522852297864 105.91343027626039 84.16755368766206 3971.2162712077393
75.57249818593978 70.10844402499727 937.0504493261545 3845.1762739663704
61.44806848268324 76.75190448469957 3306.884974350931 2228.777603963226
104.68509344338413 62.45398166131611 589.9558850904481 4914.997941811179
95.00754462569701 61.27202569135894 932.8019870491604 2459.570219007279
82.42222479678254 95.07026222588782 484.2813413094011 3786.200397056926
89.01244207271925 75.84508598147534 600.961525360107 4616.614347299918
98.77856197070497 95.10639632311802 3576.818490497647 2122.050745307625
117.4428886195351 88.037329806667 2804.381782880582 3516.9259369684096
98.86008196948889 81.70511547797182 1475.8870965634358 3027.064042408375
87.01095102849419 91.50916357675906 2084.8383468519455 7734.915402457943
65.39845746926663 70.79969490050802 2173.130396547879 4296.568338251314
94.74872477852372 84.554716623027 2099.0293655406613 7077.094881710872
82.25719930146188 71.3866415865237 87.24523780522216 5457.257974277745
88.09278115596075 63.771170250872984 1852.5897110202209 4572.98267875544
62.225653460519716 77.02128064379473 3122.3299740956636 2078.4258797323323
81.4323715128417 70.7809187356784 54.016651690753 4121.381936339175
112.92615101375814 69.12676665443185 2931.5172510142606 7275.454622554492
102.63538287380543 118.72356230338625 2742.4050690565946 5710.0168664842195
80.48681653817552 115.16523931904725 3373.1317686219563 1060.0228127767198
75.74335814127842 90.5540551572866 1558.8046856969543 5645.162387942345
110.27110848392614 68.26459756089383 3020.902555217768 3301.10192728526
94.06256951093424 81.81662985593516 1632.2621460788735 6829.086270878383
61.181755553807946 81.24283780926845 104.69404736346128 7894.966582961216
68.62887316180534 65.22456326838099 752.7834981127769 7483.880109299325
113.31492042395092 77.63024412673514 3005.427620882991 4956.055985074771
79.03140966880201 110.50103822716758 2312.6832555873 2350.546134124195
62.91381018537747 116.10799427214751 1765.0270456636072 7447.313411802734
71.78411311631943 119.7057919510615 1462.118485473597 5901.473385263571
104.26039090389243 105.70859530544763 603.0332144463962 4176.294367222721
75.3318235059442 91.42638569226135 3071.0997626775156 7229.41255783695
84.73599153407581 79.11057293232567 3466.4042657226487 4101.43897685565
95.01363808463117 95.38583177862616 209.38211000536037 1062.0219313079942
71.32658717506632 63.77551011880605 296.09926556247274 1547.069151271019
93.72310413873882 115.25953882992052 3362.357954414188 4307.709837577212
98.38568687695127 88.75276682893106 2877.6659873953377 1462.6874428732758
84.0383361119814 79.85779666076567 183.95720752815245 4998.820488817814
93.83843996007133 79.16903104003816 2524.4460627241824 1037.6260080346478
61.69151527984974 112.78257319955394 3421.403304005207 6274.195336476354
108.97067361020473 101.94278817675774 2400.9874084694857 4383.692350534254
108.41924160081071 74.68332301313741 842.4910913338875 6732.775928561558
105.66331831720709 84.45167980881561 781.6864418792405 5798.791990454501
86.71349500255651 82.03094850600013 1311.995978402543 7709.597059021216
76.77336559348238 105.71955832479166 2172.6460601338736 3571.376646219485
85.01461001061442 71.876819634686 3210.3521581049567 1980.2583360360013
76.91129314286187 118.3102631499531 428.43516684787016 1032.0105801102436
79.38160435141744 107.44883335886506 17.703550147995617 1335.4827106206003
108.66916460848871 88.04511248843434 1640.6240163375626 1266.3526866969282
114.40714076593339 74.43269447555835 478.1591456245808 5162.166546332877
66.2345846515391 80.48183280890275 2170.624037236719 6464.764739762949
77.37932390207096 71.61220268022882 3438.560210869812 1920.17928333094
88.67173448998214 112.43996800688811 1207.2432024739276 1121.0658890874038
77.79440418897921 85.55701390933262 2806.9397723502534 2625.5314942704604
115.84218859726334 74.26817343416039 1281.6384850254635 4951.09392379659
109.11442256643956 80.61803466442302 3200.3099166097177 1494.3270625769271
88.05655408726946 107.84603791181746 3252.673019768229 1031.933801646471
103.7068854640416 94.020325175959 2298.546710168822 1914.1922378203776
99.82035723582594 64.79855160370244 2093.582535691347 1843.9140046015334
76.83974307180051 103.05211396403269 543.8480859371487 4356.506502195556
109.71466936050898 65.39062287937325 353.1264131058788 6422.68939476352
113.2028186569106 75.29645684316331 2918.706893264113 5796.827301399522
63.3520511996416 115.0785098062362 1955.3551637874607 3609.027101018638
97.62157291817803 79.03573550982355 517.7035683338604 5774.557966995203
94.02115154280077 80.82322328200698 3232.608601584744 7064.825694192189
78.21418316740402 70.341939816314 116.42043853915857 6782.404253589292
88.06120472883192 111.31779558633757 3100.6350209907005 2254.9938238825766
97.46670081966471 62.66007734637668 389.57288798360673 1503.8225162126862
70.01360142288456 103.56886004420474 1142.3319434002478 5029.859660671353
76.47465162575307 64.92551582479685 1028.7397182430084 6413.255171969737
90.360653585362 69.89439116904845 2724.6746290444166 4891.064594671182
85.72647375565849 89.0384327756343 2600.2375968068304 6378.736393066636
118.39241664716641 105.36762593591936 2024.757180786223 3951.750611611729
92.96864224564716 104.59036234246614 2344.8431459557 3832.0254959645576
120.08182839604228 84.97811219921068 3387.2673029798207 4097.5880105969545
102.82308358519353 115.47308123436525 3444.844639107398 7755.698347085118
106.74581655525603 78.37325049159516 1219.4345053567044 2136.282862091024
99.59367749309477 66.86836419077238 2972.91640287329 5699.872514507879
116.9162524687169 118.56448288577916 585.1632556848908 5838.398781166428
107.72716812273286 103.51935805894551 888.9433167429088 7815.195812914444
97.16662934573041 97.37418112304216 2579.4079337613316 5857.478924516003
94.15517516720692 88.99532521138721 2725.3168383004895 7518.430256419005
79.46956986500336 107.58102375814907 2429.391786636077 3705.751548503738
90.81933949696788 95.19526937681414 1419.3202092547285 2231.169777608602
72.0580865895012 71.50952630432754 1934.3509105392754 4171.094956370454
113.12767217309701 109.63792261646722 869.8623566917644 4379.397818090057
107.59772361488258 92.40914136696571 356.3287162073859 3310.5545605704287
115.12079206819801 64.23222717495021 1021.5461913256426 3132.39314479494
90.43053959325697 75.83065619029134 1078.9892867065196 4274.496223212258
80.90478373545471 67.73595569471381 3301.916961848506 5149.389899629081
86.39137698656816 104.37083649563243 3423.95767201867 7484.3605550575285
76.09870133738019 69.39634441734454 2289.52604583149 2835.5292831285087
66.73211452011776 111.96627638660627 2628.682950189684 5704.417817392432
108.88016040822495 100.05211885326274 3141.790677244846 6941.943233251978
109.83773268179819 90.2615877518582 2879.9102524040595 7230.771188444093
62.42504674824033 64.22138488458052 433.7454866093297 2770.681885544507
84.9307057921643 74.51874703623065 3174.887270840593 2710.087707138286
103.29473475442872 113.36864910140403 85.35005472457512 5703.990611082884
103.48266794167318 62.0806670787374 1618.4707794244239 3594.3804798641518
83.84011427337047 85.4702038388857 392.02408398448597 7509.322354790746
65.63809077767755 89.18639810461762 203.62433458953166 3987.9258457886435
115.52324626017862 107.4402487825422 177.48529565093818 6535.98426483787
72.25234350490997 86.69805700637588 65.99093217860305 1539.5189761465133
101.79534184985401 74.1079873309709 537.8773929161202 3056.5772242971098
75.81118876763641 92.33830250395057 2167.1523458453016 4211.3365254320715
108.5461985645282 62.478628146807985 2500.4955284502 7187.4645352929365
65.67074804667826 82.5563132476476 1168.6777676713125 7592.242025957048
71.16436264337575 75.10335271392186 1920.8612681866623 3352.9271701567504
95.54608282636902 80.31302478313079 2131.9235192800897 5482.840974201976
81.21306565676942 80.37202596044852 282.46144208987323 5369.230494153857
105.50908823787401 91.02162622890165 3247.0806876479646 2087.926480649599
100.79879446930018 61.481201517452156 1812.971288692165 2506.921820156996
109.72289555058866 74.28741666197611 2464.9758646810715 7594.194161363072
90.1830219811897 117.60155665481811 1648.5792050469154 2733.4029882145073
73.86738714059605 108.53243549605679 3390.402050287695 2389.7636755332396
70.46760193944267 71.29774633969647 3049.2513347182376 2887.8027504990832
69.25508943650512 105.69141896636674 160.46679821259804 2765.8947513583544
82.91926025365946 61.850731475967976 177.61884567076558 1108.901748776204
110.217155405289 61.10437032645727 3384.4635886325664 5264.074902805802
76.01867044358825 64.72268280433248 3008.6904443424723 2857.0956092456763
108.38838045518892 64.68855792677957 1880.5233590050493 6127.525662769818
107.22656281046677 107.52842420602408 1661.3575405579463 4111.668198122891
92.36740069177128 90.98582128592867 1777.5280629977017 2087.5623504708606
68.34736114361505 71.5775591723616 1935.0394296867407 7864.189458016678
96.96452786492786 102.59826686397375 1988.8913893104143 5436.0346089728855
91.47259357703156 66.27281117313554 713.4684532120751 7372.807831897315
80.91544285094601 118.29592642030185 420.0454318386613 2721.6262330905097
105.61080815506284 71.7042622755043 2719.502993880938 2533.8464785052906
107.6897979278093 60.53066272517834 1120.400686462394 4699.277427764166
75.18971757957667 115.9916641620337 83.82457613131861 1449.6993568243538
99.83993700684225 95.07706584165409 442.95953984569036 6446.739003900299
100.39979033804205 87.53269486129426 1399.1376804279162 7146.877046749252
110.45186298675839 81.8387382478848 2068.8322382163824 1572.8904680012222
94.926412377956 70.79042837666991 2646.672663663094 2257.3146310621737
115.63003975722 83.58242814339901 805.2026832797004 7105.755823939025
60.186458124083146 112.91621997704304 2684.4222616489233 3792.181105057152
88.25717081958395 64.59181012796851 2818.227905997125 4752.186392362705
72.66176450679606 64.7688495752423 1213.0532649727563 7156.761052836963
72.73120829856713 61.41656786704 1036.6594730896716 6324.856122149521
119.12209830324171 108.16540259735805 1199.3981169340161 4372.983093925687
66.88469045240173 77.81127927881779 1465.369822457248 5311.781082499033
93.71141572632187 109.01327348887429 2424.8943272046977 2863.170952788139
66.42562969887808 76.32716870865862 2620.0934388262076 5916.897792146473
60.08802910971109 63.5614886979661 2805.3470130956757 1314.6272535016153
84.35811577154168 93.66690024674351 2376.2090395472273 4411.104425592848
108.39214044013903 89.77837096572917 2351.264117151282 4678.078709545778
60.35850911001279 98.21058422137757 3105.8947550679777 5915.361900419257
76.32894110975165 109.79898036294945 3540.8826821564767 3824.7301134949744
100.02462067135357 109.30486595995502 2043.9853204170524 1083.4107215533252
60.5595481200084 80.86445110279534 2937.320443644484 6528.164602857044
82.96351158137409 102.65122653253677 2632.640119694547 6311.437668846969
97.23874229990544 95.651117645177 2941.8234305243955 1836.01840566389
82.34170040248395 82.00008165357526 2094.495144049707 6958.085042814504
66.13348366650474 86.40812412602318 1275.3130622290603 7817.468132429456
108.73275027880825 110.40523812566686 299.14228691218005 1009.6243301127166
79.75345686770221 88.27442457723937 1071.76242665822 2714.5173973110177
109.82829316794815 92.6536179934199 996.852676039876 3673.404343039204
104.54339280902695 86.33019356932445 539.6035686502138 5873.520628636543
89.13574953593081 98.77284549990644 1843.8719165912178 7675.702719612817
82.89399492009785 68.60417839289521 1596.715309844068 2215.610520304757
87.85364337146824 112.2763362248552 37.313491259499386 6042.490084409216
104.09541187540533 99.31775909664535 78.58008868914882 1880.21867415976
95.08118271926968 98.75851031998843 2616.3350378063196 3119.7065233174794
102.17794358409682 80.01291390627354 1195.2627497431367 4121.63658752895
94.89821309808063 63.72192733099873 2867.2101794423224 3343.0457747399305
92.27403734164513 67.13389000829794 2820.536711051706 6272.375420846116
104.10352918616941 70.56909776253143 3475.6345545420118 4174.049632892638
117.44034797214864 114.59144401527104 130.82003875237302 5127.285804793933
88.82539814955854 88.89821238350694 417.6861052286061 6233.618165945134
108.55813544244482 92.937101771444 805.1353947350331 1977.7097732287075
116.65714740409267 94.6630797271815 3465.7154465099347 6925.049781447853
99.83946753475219 105.52618103752516 2310.2580101602284 7427.231210402024
66.44028320925182 65.4099239798598 608.0846782584872 7013.2299981098395
96.06599609160212 107.54527372908319 961.7197717164532 6840.270412418718
66.63052491548314 61.12662586339256 786.5724305232569 4202.074004808317
114.24801287048622 117.09041663147559 816.8205553604522 3141.3589781909977
69.8067077991314 101.26992286685935 2786.7204102264245 3495.0540871933977
73.49253957703209 111.91418803054596 2142.1385364747243 7954.712738861849
115.5161875729595 115.0389762260134 1406.2061966763156 6312.689431117164
68.7773638681047 100.21851197016147 1260.9874903151251 1276.0846783980398
105.74766091967098 102.02604654201407 604.9256546164811 2106.504295167302
66.29891030065087 60.49401824527557 1290.4475207509781 6028.378781260715
66.9634809987673 92.98397171384838 2452.775075411797 4831.9313272242925
69.17683544142102 63.31947231778151 828.3943990699266 2820.214910057152
75.34893190328401 103.71665463572691 2555.4716936748623 6755.567324165563
108.32525890645205 100.68360289978423 1964.984398622469 1705.7406147999939
104.51483683935837 77.65923741752525 322.7047256532246 5840.6958586767
111.33298736386632 108.56525240295753 1219.9331818532 5883.222901938365
118.36682659613142 76.02228735744009 1828.6412495585553 3128.312687714559
66.5213273710188 82.57821209853303 1898.8956046418057 7054.062955500111
85.2245727875139 88.68643872742676 2310.666944140445 7789.320434453857
65.34198016858737 111.3840548103018 834.6937539799642 1490.4670446223904
107.37496183805553 101.72823922768058 3356.6502050276863 3539.9166758801466
83.5343654835863 110.28208831281614 150.45132081803973 3683.3613459186054
82.61525843539883 82.62357240053848 321.45901855393384 6457.701845889558
65.85470062628022 114.71746620910892 2850.7229242440185 4741.011330110158
84.37190328647979 90.7272135773083 400.5866146534528 3062.5261313502824
108.38186236346402 109.34624514530962 1467.0298526633912 1228.087333092394
80.74649862285199 83.35835578082961 1958.5075974069384 7937.851332856751
93.53090492847302 63.057578983515704 1604.7164442574692 2081.736688229509
85.73733541283009 119.80851820398917 3363.0388964717426 4291.554336280025
113.19422321290227 66.09969362474638 2492.9577859198153 1791.1005538918364
69.82937035450612 119.54055753972223 2669.8450582063897 3911.117455837902
89.76388785991087 93.89421027325419 2945.2755111959505 5329.895148831583
95.79739354414299 80.51332841411178 582.6137945033662 3276.6158237874333
113.75546073712482 74.09036287924033 782.9230754520896 2152.964293800207
90.82026292634265 101.88896560322594 2541.0245242669916 1681.6477207705743
92.40038549675606 76.99164745664618 2863.4570175745457 6666.66723576709
109.47381332598276 117.38608047449071 1199.0508511496712 7793.977525568063
95.60215220587664 93.56353638397074 30.975986456928254 3650.3848399111625
63.602088254548306 103.7018111677618 1475.6428262493953 2555.093223242396
79.31211511440584 82.53911833351563 3016.955200186787 4120.467324506239
83.92152905352177 96.91633354977533 469.4380039176059 7451.290169614363
65.79348057853078 107.36582208822567 2982.1560087110206 2757.3229956388545
60.45048950494033 75.06481734037772 1149.1301926975777 3829.7156136305152
104.36075394951123 115.5479943902653 531.1958993219897 5984.36256972911
107.39589738119187 92.60913577739038 666.9971653854444 1378.9088071530612
65.35014719230661 69.59443885408949 1300.6661688475294 3401.530591183272
71.80551924753549 119.74912433793746 2519.017568058913 4685.249030203595
84.68343839410677 95.96245889008435 893.9734885434004 3979.234218435358
94.4662362859791 62.54261323684933 2831.253394994993 2327.6833212465463
74.26623739850335 79.51693988348272 1016.5322330931072 5711.158151242532
97.56752571313294 95.30894047265704 1799.3460444701868 5753.953602608967
66.8618748585855 91.4538338537306 2058.663860674001 5558.548626692656
65.45553589946519 77.34714451390258 1260.1477562395125 3567.2011461667494
117.05816502630036 61.43417213670263 197.2347454757882 5700.768801953939
101.01313813053925 73.78124963522195 1340.3181001555295 1785.7210216945878
119.67413180309991 71.18891113685132 2295.6409566199814 6476.16200210969
61.50144794813925 62.627284226917894 3244.3726902206527 5502.501892128932
93.56775971889921 70.2138350983636 1279.9533999649345 3961.424111181004
105.72922310934122 82.7151450713437 1050.282020555762 1275.587169306807
88.18756006426399 84.31855092357542 2382.3619875257223 4789.8743506024775
90.45438876167218 106.32222261606935 1793.2053151193156 7562.464397396411
88.52485991606692 110.790110264676 803.6374618760801 7549.9034417423445
73.46642516560394 111.55914956347237 2129.6585554834046 7954.783984135968
90.55622126312232 80.7097674076582 1836.207196227298 7350.392452528674
83.05317829103925 66.6827755823367 2479.632772611216 6006.913126841351
71.21142096115565 91.82871931155069 3116.235825004425 7069.543405429038
70.7791740188894 89.21036245456636 520.0286786812012 1678.4456744403715
86.59463862769577 90.39748557869459 2934.4087993107705 3916.9108404560666
60.26164529167302 118.84544821280221 3130.9521377681585 7080.14733123544
92.0951750676459 109.5186752389624 2137.594609549572 7492.880786587063
85.88885092757934 86.7011736449437 843.0908954030502 7490.712644798649
117.10316301905183 84.62850105210933 2488.1151413672774 2557.352682028502
92.82769359342747 85.42402984182151 1379.1788189019328 4632.5451503120585
91.31773425030349 114.796504096481 1755.4206369101662 1469.3417337241656
95.62340799885968 94.409420849817 2664.5781309552976 1679.0427336692571
85.82887887645082 69.04156744644315 1172.8631927573451 3290.301192236352
93.58662558022526 106.55870403853342 2749.80501585825 6607.326544213423
94.0638367794608 60.5536146174136 3530.9701379580133 6644.716312382682
113.92854712688242 92.51011282365347 1394.8662795156997 6077.948817233008
109.37142913614636 93.694504855735 3365.7535885709635 1758.309290143268
118.95903183948522 112.93912938940156 3303.2760152666847 7272.9608553311955
95.18377329156615 86.16715996864232 2110.530002906454 1127.4436956226086
118.25029269721331 63.09406741433167 3476.761391098414 6315.210521007731
113.7918177809356 74.4534514310603 2501.910491180552 1644.9355882101477
67.56736669340158 63.70729240918102 1443.1895071523534 4523.4543594786555
112.86130955110184 112.12128960175296 3358.5788178080156 7426.385116690237
105.34898784197033 79.37773580681495 3224.6812337801975 7079.3376312024075
81.2951276818238 110.16584218348136 559.333000801185 5774.915788807213
106.79135130633898 84.74774429386115 527.4274588108789 2032.7330237217839
74.840800633085 86.84817845738154 2169.2178719609324 2982.5449765212397
97.75222496827247 109.31080276866788 598.2317526932042 5514.326821161496
78.95665932440409 64.3479950682414 226.60305712546003 3316.8926633879782
73.02532298408491 87.03993154807391 1825.4258615937745 4147.947338861016
109.6269104320733 71.22233655162468 1050.0579302585097 1610.7981405279852
93.48857256330548 110.90210423970508 1990.0087709213792 3717.8386966946664
96.92951093223786 66.2759380213684 104.289739362192 3488.5430936850394
113.50973041081185 96.58503530978541 2758.7157483251754 2778.0789487880934
77.12718980928899 114.25343885171355 2836.8230992494473 3727.6713618363383
62.240909924210676 98.2557749933308 2997.785943145081 2022.6300038788697
109.27758784516519 68.83553418188232 1574.5994420114112 5787.158056001214
108.31696912684708 100.69812697897636 1926.571082107931 1705.7490459834435
62.139770444418474 107.27327167507367 2289.3816451075654 7373.218019308107
75.28332851164745 67.51118907290657 732.0959975760253 7649.3963802299095
82.09547286198212 91.50560392803902 2729.880396515484 3851.1390781680047
81.17129526798479 110.18384972347764 539.0898654269771 5774.978221849743
100.67327794438263 92.16792452670104 1599.1989530324936 6448.733909418438
98.15756195558455 101.54211576515955 898.5909240470954 1752.7068609790622
98.14861693282383 119.66924755040935 1892.691224112936 4262.764980525135
115.01129180183653 103.04606514162501 1453.2765205700866 7375.16753941277
101.7976370973193 64.15782877754799 3411.337551311755 3007.687745323924
105.2571443159615 94.27312248993518 2133.1309052496226 1117.6311299189351
90.09832880636198 68.21583685786437 1760.036942528416 7419.378642863943
92.53579884784662 98.55404843704682 2621.1711941355024 1170.8173608288885
116.90376721358717 89.0775283275761 2592.894615275912 1151.3647901303555
65.89335173949223 117.45352428762274 592.2225060134423 1544.7385800556165
118.94141602236468 109.85819939142107 2986.5365165523194 7209.698267497404
64.12997147733859 93.47772786281936 696.0031384800686 1999.611671074824
96.32891317671502 83.44548789561053 85.16254571693797 4725.798529896275
63.521792905637156 120.01813847708215 1319.680057756812 1472.5275347901506
116.83371937267096 60.849597516780584 3248.466858106622 5336.383240391282
108.65264867681397 110.52909231096625 301.2596950600194 1009.787670680354
82.25613653509693 94.92543148205694 3077.9287996761072 6731.821372645289
93.8800696319279 78.43661251686575 2887.808454584597 5094.5134299315705
65.36806292327388 113.51754024166665 1412.7267220708084 6825.818956361905
110.73809703813733 104.2779275156331 1695.872564930502 7241.258442891536
86.98601659356964 96.59754125817402 1954.1388652531443 5222.310620473202
64.09283558315852 85.86930242502528 2244.846057293993 4073.429026255212
61.931316166842784 63.44935635575906 944.9428784435354 3205.589163065544
93.59330357192003 85.10106957785942 429.33483464547993 3576.2844980677755
113.6793524780114 75.38482402263516 1647.999350686671 5725.388604936233
75.86541376039686 90.81782431972232 2537.781783767834 4944.051556578503
72.31127188104992 99.89900264708876 2495.298748219477 6972.37448720018
101.93080830145384 109.67715355338872 1188.0772330270415 6924.884767480333
81.29155520772962 64.14759574909013 694.9523548082765 5039.312865854629
115.61056052343197 92.2922617575456 1191.2319597352891 2647.2629943394086
104.5224003202549 62.99289650073357 2393.1516139035034 1639.775574394052
113.21298339967706 103.29058126882094 1622.744750641427 3252.950000636742
62.56563858882954 69.733679401439 858.0805772833131 2797.7574900744935
106.85182657694428 67.052392711885 2864.5684529562654 2565.6003779415482
93.15864866656241 100.74354527431949 957.271819784024 4915.710762892779
98.86812234394668 65.10193480719572 2090.4750453068937 6803.217063685667
90.76920496566542 63.945622638042174 1826.3176539069016 1824.5556705369183
60.001343222981276 78.31732592105772 1824.2072636311016 5002.044307368317
118.58076618344418 64.40784330594522 390.7232286363354 5888.59786886383
87.35299244677707 106.77264227904735 3034.395321748402 5982.861048205187
67.38476970840311 112.36758366741653 440.40177123550603 5727.5429149586935
98.54324815206418 76.37813872894512 2549.384649417073 2826.6322438276966
79.49921134066513 101.59135891417498 3423.7772828698207 4877.693979538909
73.24844987680042 103.13034759588584 2738.0612759463293 1513.966492404746
101.55510871713102 101.49063105903393 2054.0225324293447 5683.382236354602
63.757653670251436 117.831391979865 2463.722255416193 3496.9226959606412
67.59711007465346 82.94927009312485 2216.94432153685 3126.5984414303934
100.58555197489743 77.13680841318657 228.68507395660032 4900.643706664348
74.47874616726395 113.50473082510686 996.63923538578 5771.045689057505
83.38661366464078 65.79040753684586 2601.7900237968543 3055.9523933403957
81.68532648673914 107.0664854895566 2789.632902483221 5648.0512129832705
64.53404900156659 119.78223687528468 62.18726463369345 7671.824861467208
83.04665733059299 104.443389760324 1578.1118453640954 5003.783053773237
96.30331401012288 65.97760421683682 2743.5175674247876 1620.4297753469127
87.82677142265662 75.28655689396022 121.81237542059768 2691.2202780879284
111.31600258882229 80.45178987461581 2250.706325668137 7309.947693187821
77.19844105863977 73.65544024107317 1613.6963704990433 7422.4005242311605
106.60348545084983 64.95052259954711 3393.9043474100945 1433.4107394223358
119.62988040375322 73.04548434176964 2470.2743062330346 6004.527694975185
88.07753492366112 69.92603579038715 2022.1345984096001 1554.05308316708
74.3742523918249 112.07474536818515 3246.3216356600465 1839.043753871405
103.53698775206279 109.53052366426736 1523.4552498549076 6546.111017016065
65.97939507965401 67.5061257942582 2249.1972701102964 7688.059584300867
92.63722925616261 101.6019184767725 1429.178514873107 3123.677536565935
81.39961211254892 67.16250112561505 3018.033476122903 1081.676472222079
117.14175998388232 78.83551507358018 630.7230712079903 6735.7617274846125
113.79285708004575 62.322334786892554 3264.073397982661 6673.516815216125
70.62586050407317 81.4629815930267 366.2251873653816 7896.002546519493
93.68443076559933 81.19854024613335 3188.997439324581 1877.752447578249
76.05333270573311 119.72565586144107 1683.8056036479654 4993.79167110289
61.45486744983979 110.76142917399679 991.6902326182809 6698.504976800736
83.49953575044992 65.8148401390358 2600.569233983376 3056.0241778504237
109.74306331076622 116.9727514270525 3598.5211835410523 7069.418327635263
74.62514199424167 111.63901766215713 2826.427196496019 7191.119499228765
113.12718337486598 80.64063549204545 1339.35615482785 2833.709089970217
92.88435932234529 99.76693529181533 2200.1036752809173 1595.1123405085195
91.8144592641275 91.5693232850724 159.81827339048485 3227.777611597099
100.2311065868951 66.71484615288536 2394.357829931011 4508.0258691345425
96.74053934121704 92.76825633398022 1617.2110599208193 4583.8909989529675
97.00207850336616 65.68831355751078 3496.406282984023 5006.117796157456
69.30161007243012 92.743887489979 1192.521563560388 6483.234257296874
103.03443584284025 119.7677263727051 1664.9317835581455 7382.7988227794185
65.12926980955618 100.28136035936784 328.2409115538224 5157.830627323006
104.47333315353325 104.80092329136157 2405.466727754378 3115.0267569078546
107.95329550867166 64.45568933593475 1869.2510515858446 3262.731725153815
73.41602888975055 77.60644563161499 1012.953990367031 6156.647282361331
101.3562140492799 118.32303112874587 514.0495941404671 3851.7811745908084
89.33179878444284 114.89467412208202 2090.9727687399086 3650.921548906262
119.00794463552586 67.96797393923698 1293.9101943787223 5564.238943102105
105.05092740424415 91.50550424805016 3501.1102068583964 1843.1630952672483
76.16865260861566 79.37430477323777 1800.7939153452405 2443.7851588996505
106.48514439486777 114.46796152779456 3014.258831855789 3903.0184512477267
71.70491929273935 94.12181163930438 1807.6525342591387 6621.17347453119
104.93652601254739 103.3696160503473 1272.8430334093641 5639.957781807185
107.77670020010112 109.95945963217476 1728.1476173266612 5338.62126397265
119.65307140829391 70.53174176095182 2666.416336284619 5011.933321557607
84.37396473093135 108.63572530246982 2728.639670794584 5109.001267679452
73.23678158567238 113.54284564124079 2612.2667472174658 4766.961982240558
114.97468762263144 105.64441208503962 3062.395602571421 2307.3353882861566
86.0791290865483 118.32746781345666 1022.7374046854736 7160.830875599973
81.01945732170196 97.26528426769664 842.5526393304746 7418.281951788523
93.07902109447367 64.12117318276832 1089.0634792533876 2281.543354248269
82.047503200648 117.01748494447742 1411.9827105689772 1239.4237364671994
91.6550093414261 106.75538245527298 2130.8429222571076 2078.344920572963
78.0191849955704 101.53087678908206 2020.0232510275555 3439.6265935353495
68.73289216080578 86.38956216091356 1275.1371141754553 3199.373996107251
59.944571106462185 64.8685190745173 1546.9799552076174 1243.1425667245378
62.56628459694656 90.10158924563787 479.55761444077456 2942.8666853411105
82.57238427711032 119.28773298544563 1734.5026586077793 4085.1143877388013
115.8679871948269 97.39993554998311 2121.8503906505 5983.269955737951
87.16315097784198 95.42329005861379 2108.0804920306978 2474.051312159334
114.7583080967994 95.75176829208465 2736.884259942021 3106.3667644909824
74.99401729411764 91.53303727545578 2336.370752087021 5649.842555931604
110.29354891796551 88.49691475464246 2301.0692989836225 4282.925580539329
83.2259818248898 118.99333200310656 2301.6029788811716 4058.93885819107
78.22144819912836 109.07754192896913 2178.223329287275 3037.6741224600437
88.94681846720368 67.93994607676086 412.60394933973055 3902.8817653078313
79.19736287869407 75.45295965281936 1816.3625458383776 2409.2649704353453
69.55242688714533 93.92401170774262 604.0503055484031 7800.265176195982
106.96834448630565 68.92291880230901 2923.704853442439 4256.849445792374
108.45279865837198 65.32246484158975 1947.6054878293178 3972.3860720228495
89.89926898070382 106.16454237713589 592.2933954794221 1513.4206565514885
70.78756148149584 74.1355579352528 1140.6635797000165 3236.374676323623
118.11212093949212 70.56996670341329 1628.477330081587 1300.217319507935
63.86077953268641 80.67885142949052 821.1214568600936 4984.241341412896
101.59641700216467 79.73933644689272 2768.069780021797 5568.58721202635
80.60600859082868 72.47309238362665 2454.5350428447546 1688.011866255165
109.20407099169665 102.06533592339174 2408.1348652020897 4383.822485332245
85.90245775143637 82.24739840034789 1612.305506451623 5576.117379595642
105.99849690837046 67.26508160783223 320.55683094317857 3662.2196365624036
82.21674815351024 104.8700627432963 3417.5186348827356 7802.103606837998
77.14546341810002 86.96673593264848 194.71425816457145 6827.401633613361
105.72431063037466 117.99748345828905 902.8780497000878 1120.9340717840385
119.79451241541818 77.63171295846067 3055.8022167920976 6218.549508070204
112.65464084298898 94.55858091822466 2552.1856277980432 6889.122881234217
71.98468577878126 107.2208386907779 263.1135581662662 1755.7286670828626
82.2819397418329 97.04730715189605 2593.441653671274 6093.843058896019
81.1448095125558 94.03031544619013 2955.1233775637033 1240.7173636413918
116.3677048987645 102.5908164055603 2726.100617723865 6002.61807630021
77.66980017388703 75.83809099886179 903.1459436995198 5525.168739942487
78.90665592482267 93.805399047627 813.9187916346154 4306.553009358437
93.58189442503028 65.49873754033547 3442.84279493344 7329.505236424001
93.64740546602134 70.28850339207534 1283.3117965287731 3961.4448856833465
109.72387416288448 87.2405906175956 2793.0390855886776 7809.498293400503
63.564962771136095 86.17280192985545 871.6743383799245 3076.8301539629915
94.21257544817489 79.04668945891072 2523.129159549298 5950.621907685431
70.93685603341231 75.670064254748 3206.971917296464 7250.987555456728
116.06867790274407 114.81319258442254 1533.5553997209938 6835.641067144654
113.33050550426418 101.73117888260784 3087.491867766253 2020.6618270961987
69.52737744281424 77.79457978071842 197.96204789419915 2221.1066271451004
66.98315985559167 69.7392168581114 3095.911204901034 3571.341870024263
65.90413983597622 69.716943637935 3217.1502160114396 5363.6552473338525
78.52308935025674 64.37041207094235 1789.9347165717375 2480.468070479325
83.1117609802126 77.01037091543964 892.7456247509552 1484.6062862485578
72.7856627927065 69.57431015521102 629.3485718857283 6078.144269582961
110.5967179399501 69.51636407209904 2217.1529684127854 1506.0353783208539
60.982464553167034 110.31472725613047 344.64818787956364 6608.4945871710715
94.2524454533073 118.47484960732635 1765.936976719766 3738.956149763993
76.82702788590015 71.96306511507086 3441.1781602811366 7113.6500719727
95.35106153047077 88.31870494004569 3442.713641406762 4097.591137732559
106.22529223018758 110.51948114018717 768.5935117827507 7594.498632485895
98.21049634656507 79.39025624122367 2100.986928222901 4703.27984044292
80.16325429111538 78.80436677412177 291.39501320046986 4187.501717267747
92.16444867293247 89.42696294454812 377.2979954216185 1706.98874982197
79.75827630779513 69.47866407387136 2318.99910479372 5478.2732124650265
87.88078973645467 63.88778063490718 577.5416661475344 2699.7044606067666
114.02825629955184 65.5300066742647 1778.235046210857 3468.7142337205805
72.69385210738483 81.62820589463796 2129.438514116667 1645.7430117796564
61.439820028724064 76.83283149155375 3309.2325593194005 2228.7858467523433
81.12682237438591 109.86275413347192 1326.717718968361 4694.873822790337
88.09229977406734 70.0949541960777 2019.4165401987507 1554.1112012675194
89.80116787724663 101.42636270095485 1432.0502424702213 4147.227858906528
117.54417544103207 79.9817929190498 2838.8924780830444 3715.1989013415555
92.94201117211149 88.77203072528557 3512.6149082149122 5594.162194105865
113.97321572555558 92.51580106038956 1385.1820283146458 6077.7413223624
68.15174462394089 62.80407411394217 1838.7148792044852 6046.232489301228
63.29302771220565 119.54144016925575 2228.419357470548 4221.193906575242
68.76652738212313 80.12442352573727 1091.3888046969296 7646.145064707293
110.03588358535258 117.99960016472104 988.5800329204287 1821.8861075042396
101.78086490705324 64.0411914607184 3415.3733201144732 3007.724506270907
105.54478059929264 111.60837229998896 1850.6535777521706 7541.5823880707485
62.794428464539365 67.12380626110465 63.651056206340606 6841.562411183828
83.2152925203931 106.10829237208071 1039.0097148530278 5333.26545947238
74.66000267081586 88.40573982637643 1724.1088609516494 3256.339704958319
101.64479003033298 112.1956004874666 1189.664972986478 2070.2642243020323
75.89407599795861 100.39456936903778 2294.540221297033 5281.415749744134
77.09200507471132 99.67997232609281 3545.308435080597 2679.88622170818
62.47973919132481 76.76727331574332 1879.758344081564 5974.279001893029
76.48739170215133 60.73276129889389 1721.5917476193665 2792.706944597476
105.03393837175791 81.29701755169661 1341.5616733426418 6177.313414966337
76.24128562867234 106.8031034317607 1607.3315282667993 2359.2355058966696
101.36503208712152 81.75962948844965 2032.5381582802456 7715.62023391388
65.67444198857818 93.26063807773119 1459.0089818736553 3988.039432244338
111.75338423040718 94.81803037095044 2942.741129170113 1985.9596515660119
63.92619794558588 83.5459054083403 2016.7602508220768 7270.81510923496
108.7630243082698 112.12135019747582 1250.915807557952 6984.856264610511
60.51306416693229 108.44186519365161 3367.5246255728302 2754.7786053543105
70.38900546128414 79.59137293202839 654.475580044482 2499.1201878497077
64.70022794721865 60.37103536692778 1754.921543706677 5334.2001567153175
93.23161285488897 117.81722879840682 2631.396809025524 6473.429487240434
106.1730948125842 110.77124399345729 1741.7712927008329 2572.8897371131843
119.72435699264558 86.41395547729174 1729.6827349668324 5095.717241644524
98.92195369227909 66.86150771400236 413.20750692851453 2703.5538215221445
118.37270006765159 90.26653667255707 2864.8003733516757 3204.7491031140567
114.23788401746799 110.70290538130367 1456.4716946668857 4050.6908471241086
111.00394800902812 69.13934938704892 2438.5613311853813 4496.269005557521
97.40801614211763 118.79920445249135 3078.874404527432 7318.171735817646
65.30853968657551 82.73357981301174 783.9238960664266 5522.1975222693045
81.85906695806251 75.31230160226458 1705.7845440410135 5821.431673948093
69.39627437803578 61.064727532496356 396.97081126772974 6604.062972727787
61.01780845906613 105.42675133382521 1456.626380809487 5066.206140484655
93.38717023760299 62.132872096629924 3175.228502934712 3423.443470432831
117.60881821599263 61.10179699589176 1404.0711954504418 4693.715838618586
70.40399231522017 79.62941130714663 656.5527887007385 2499.1639391702956
66.02978031430962 74.17986134903933 898.6471718980338 7564.406159579748
70.35343953756897 97.26090958859612 1092.7021387668663 2310.591003278268
94.04719217050375 61.70764180198216 461.013128207272 6838.893237584474
73.2566971215186 86.64999976741332 3279.6401021187125 6958.628693248297
62.95188990201193 87.32762025582439 2124.6131286946033 4885.59313059389
77.78220198148324 103.1103569426585 2333.4232930743074 7130.274964701049
65.45128940211167 76.54771096020627 777.917947554071 6980.974379104042
112.72463604232158 75.23439201831766 188.39582698333882 3651.6272074980334
62.50024465701839 80.58430512648383 2375.9599661694842 4314.203863607642
75.36591703167852 115.75975378381057 2450.5828762942083 7264.773665727597
118.01491565562273 85.3932509715967 1966.4143082497476 4186.095652104157
117.47411725704954 62.317333914054814 174.8257040479301 5480.324437540963
88.49615249361817 67.9149127283762 2000.1662478847775 5091.6371671225925
97.3349607284455 102.79526544340189 3516.999006564815 5792.805265563137
101.88184327671561 107.24120908647137 2072.451392439345 3358.6581049139154
73.71662773536289 79.95287175750377 3548.6102980003984 3549.600331122709
103.22772826556353 67.49482523764462 2248.2530258835677 3810.2210325337196
109.35656820946096 82.37374380669125 2815.7378150540344 5588.590514814822
77.55438741627077 77.7671260363676 2351.2475649746343 3666.1437244067884
98.48566855245473 91.17202610315327 2015.1174408364338 1646.3141505478293
79.76735590623937 107.13501576653354 1937.9340029072102 5910.296939237233
87.39184934100884 73.9409110712405 2278.7254746892827 2405.034905062656
78.97340736782574 62.13924146665556 1062.2396481912635 6506.943887799681
85.75221363796666 80.25726506188343 3492.908924616065 4029.5815505890855
95.23663992366211 93.99626703906928 600.2870134197917 5068.2786154628375
69.54994992751043 70.5607262063446 676.8865174876047 7891.595001996046
104.2625506645888 65.42512434204589 2398.9848304141697 4254.6902816263655
78.3552425848344 95.32078283290647 2544.0792971148044 4174.617862629161
92.01855180908062 108.07402691003168 793.7231228141682 5092.430080752115
119.05395815257543 116.98119175083593 860.1323240168222 3051.0133863429587
87.30358957889818 92.06564212373803 2234.9038222458857 4280.344736178368
79.9658114287258 82.47138725211366 3262.216996313997 1912.298798302427
79.88727440236677 102.60258554287044 2421.519201498792 2926.482273025766
106.96756245533658 61.27075475944359 1217.8898256218088 6053.382938798449
67.75268462305755 106.73587564424759 3355.0693372378323 2071.4914228671023
97.99960027118092 97.61854715484279 3089.2347487926745 4819.660109888896
115.7590022840881 119.02876034356036 514.9976089817959 6039.894364130201
89.10022349831942 89.91339585017303 3172.121415178326 7203.869921900465
102.12844289220195 105.05163933729551 787.3171276922977 3465.204896509464
66.01251883638511 74.96298050568927 3545.839228569577 4113.283993310875
84.65069126589012 112.90949605513055 3550.425773935514 4912.635757885548
113.14398438631008 83.29340452005776 3569.194311201865 3519.94941943568
72.50617876382123 119.74078044879639 332.4079997532546 4259.55682553439
93.91124315330818 99.5488261215539 1502.7552033708785 5600.642684493511
83.42613574631147 62.19756486333408 1630.108569607838 1870.1101609162145
89.48399663929187 74.11759333688423 124.30877383730105 4132.333508736942
80.22760136329487 79.35954172443026 954.2908690483966 6111.970879261942
112.5923525223412 105.11445993308641 581.678314098814 6993.622465816162
86.69249990531611 101.19584730292961 221.5802420190331 6884.45856565265
108.54804834450195 64.23147574246345 875.7721070018594 4803.777958646911
81.48114319544528 83.8787766882031 2555.901836893175 5375.73529812018
61.96310131519717 78.78514261916781 2818.751023922679 2283.506513639858
116.38851307190377 83.1611315503779 2773.3234469606737 5401.263254142764
74.61311832861881 116.26570522123554 3144.1348974787866 4416.733500139428
116.37372179238614 102.28588740484498 3086.1863871483633 4892.339840213091
73.49469502408722 61.72757703405535 3018.501234183586 1920.1489233782943
106.32551977342496 80.44076921044172 2756.8946958139077 6433.084869453442
119.64416501181373 75.09881792304066 3474.3214484437685 6561.795903291739
62.254564054001115 99.74930722160397 2192.9106781216083 3217.518749770789
97.63797458839434 95.7136095549036 2410.9416413282893 7691.734094048941
60.397543158209814 80.08331732797195 2181.875497651628 3833.006839588197
91.49796082481278 99.32233232531296 787.1669938786165 5063.656508089267
89.83532245982802 119.36443706863136 1845.106938895298 2180.7381947621775
72.8388241082422 83.16455634184602 2213.451449730713 7548.382283242911
74.72125231258462 111.02976679308736 1148.9917541530754 6838.8865758465145
89.86537392955427 97.38318252374121 2646.5252923829535 1263.9111844784766
62.238590743913065 90.44475444476993 1229.9548678062906 3970.00965913899
111.53522807752839 96.6684599417483 3171.847991297862 2896.142454681189
59.85661544118352 70.45776690289294 2175.436941991796 1306.1701171267534
93.77243068676346 79.15441024141803 2372.464286409988 4138.627260516822
95.09276113250662 106.12984267013805 2052.225878677857 5520.62249296868
94.78151391858327 111.07288075594147 1414.0138716853653 7919.473251947779
104.21280808344788 96.66866261488379 581.9502733258774 6427.859091249853
101.1394590815408 73.04884923254313 1928.5192860679401 2584.4831470957283
73.69692400797275 72.24911443523325 2391.793132948899 2972.0352231047536
98.5177308335522 71.89274290534308 2010.9776082418473 2856.3482152871634
95.30739397161581 99.85599389951098 454.14543753688497 3333.4790527484256
78.29024470020671 80.50188922007467 2097.5086964413113 4048.889892133296
65.69823689763078 107.1659645489352 2986.869647020899 2757.499903911537
77.26271801675904 97.72781651376054 276.6900109432841 2518.5198211776274
97.16324448307826 75.10248988411978 3159.569093821041 7401.4104446695055
105.90936569427339 97.22502794107011 2371.850217285065 7142.846782192811
119.62875252664246 104.6448720179064 464.5648358864128 2183.2401727567576
81.17490955201204 74.92375241121184 672.309423099171 4934.281137110036
82.27023592677726 108.78701999043555 486.9771281104956 3519.424943084611
69.15460385694071 116.06725374935758 1636.2434853646512 4204.527679112547
100.8514301507837 100.26817089715908 2623.9374616534906 7961.952995821837
73.62226011953304 87.92688269949123 742.7663398750826 6440.666292205193
70.8462856666413 81.88807309441408 1310.3393655626564 1697.3709849498575
115.06794805558148 75.70030258788341 1234.3957990650454 3212.3751713539496
66.40444306349997 69.77416671656357 402.4120079207136 3826.7513255618837
101.18619550498217 118.41912223066895 510.67206225637676 3851.5640638741247
76.01767856715779 98.09041345831875 634.423773352555 3298.7040957580325
63.910015755431935 111.21584774722574 2503.6667858576043 2945.2509517600834
84.38352218048905 69.85553158790631 1717.2444677861868 5517.256796179035
75.40013082496472 67.70186560844931 735.4186311109213 7649.230174829241
75.85391367162762 113.04959277927635 2540.376209635644 2923.3458552941734
98.30851666233619 60.569803938077335 1211.3349171444813 3153.7033800053396
86.51820271409979 81.35608497345514 1818.2818237410995 5938.518583998403
92.74930113597534 93.44504871430121 3409.190270785114 4878.270902369606
61.27875656849136 61.302277737759695 1878.6493960659411 7033.483779417079
65.32597929145594 103.84093998877904 3520.624535224705 4474.851681875838
62.26824365786932 110.48525263292254 3085.1476253281653 5374.777015985893
85.8907750432584 94.47726851176913 2583.200939982528 6896.9713660611205
111.40987064667452 101.34715568542417 1813.4655194333398 5810.552364411121
61.260323702643724 104.57560653353495 3060.559990255885 2130.0852311050276
109.88848274090711 99.83428895818187 1777.097504459818 7266.180316184268
119.55004690450589 118.77523709213798 1756.8524566769731 1975.7348904810956
106.24105794226378 100.02688702522099 3600.2836549449144 5705.452725468666
68.0019670977883 90.47463982876133 2132.260297444885 4041.5017253473998
96.48144569637279 65.93906773393668 2746.188016110487 1620.346683517397
111.39578446354216 98.4017943680358 2395.456985411539 6702.460663517105
76.57767547816952 94.67714618630049 862.929505479154 6547.411089537855
92.79937669442356 78.87005766029546 1140.4805418548085 1547.3724048465647
118.24798901822894 84.53330233462326 2046.5254665030245 4663.5338096745
76.38957949666292 116.82758975664615 2405.606242195117 4575.645739251118
88.73615252626848 103.13996865415601 51.74394725439582 7309.890759868465
82.52181383679506 118.77539074752504 3175.6610309591856 2952.6816705570777
66.9001117760961 78.21344335700871 1241.9240504523632 4777.106738316225
72.35795128777882 83.26732323011441 3217.5487751267638 5593.4418839078435
82.6788833221413 78.14638091534769 2112.7262991325156 5259.593892434956
92.1185840301508 86.45722031150436 2613.124072403114 3426.586617092569
71.14406864076507 112.26461812909088 1004.2596399962869 2292.6526863236045
82.17838476728168 108.06778042212248 363.56859017733933 6300.254411210001
61.77760272921826 108.48447037200172 1884.279889144533 1586.6083718994682
106.7752133019588 111.84730949725238 2580.462071828194 6044.082803216654
70.9769415134006 70.86718154793138 887.2191621659979 7531.650690638918
99.18594198723595 70.26870160179558 609.5238954008158 5465.02796808618
74.92392047705737 71.65946752987793 2606.80246185138 1629.571216373461
119.90846067589285 84.36837826715184 3507.795367906208 2538.488661074667
59.94987492392707 110.64468755779352 1093.5126011219854 3334.711810236893
81.76154906351513 103.37956540843597 560.2059148423842 7898.4195729026715
72.48105705324916 99.78608995546885 2503.500151164513 6972.39721967255
103.65912725396242 111.11499734616001 3205.9225170161885 2606.263870771869
87.05594975897657 118.60532227749569 2704.8788076986125 4457.46530040056
108.19142325216716 108.62055852977242 437.40536624362113 3954.2442775233885
92.84529024381605 75.05959119940508 1193.177462283833 5745.291295047557
108.625822307661 99.31294098275764 2328.52317687345 1550.435170289963
73.13640416683056 65.95227926584539 132.58526755000224 1461.3035928892693
98.63892594917397 61.248580582794894 663.9210809128738 6799.34545076225
93.07272422800546 99.81987814795815 2201.534139730239 1594.9372839813732
95.40973745723495 95.33286704499639 1974.0842362102244 2219.218517590757
97.88037153501878 87.08914394002065 2051.885896576005 7573.482179080009
101.7327651396849 87.80996436214082 489.7522072141843 7831.409255808068
80.35287845467883 92.89863229313012 1615.726591806846 5479.000129913716
97.40568076409278 80.49363407756078 3182.628816890458 7909.427420280848
85.22213836651306 87.23643460580212 2888.5192594142222 4487.609342571834
103.9475874510902 118.2654254218317 1979.497190533121 6807.7607960546475
85.03658361154736 86.07658102616757 198.68458811277986 4840.338234378882
109.77577375494688 101.61557944470829 175.12536295338958 1676.1109123582125
78.35823230753736 112.17206919623624 1050.408799359312 7180.275538960348
72.91939649542664 117.0530891752467 796.9913084131452 7310.0648754391395
71.29595206562321 63.87224860112327 303.71475123458515 1547.1985192202337
107.76594403986668 108.8263228466846 2303.2946592719622 7579.1046101222955
112.49037156226524 64.97205470453564 3010.6260820517523 1828.0922268173981
75.12058557375526 64.32773167201724 1403.4915913061495 3567.0106545566728
93.51513375007188 101.78503885376618 3564.68876339107 1976.789910748307
114.18992394551705 100.20084434751521 1197.16695340942 1552.7095073241771
75.04184234996269 87.01547167379223 1552.1209017214642 5678.198281094578
98.27985970609188 108.51925601795986 796.5941600722658 1988.293399553963
102.21630408819746 81.01058170005828 2077.404328969654 6281.645503406602
113.66072767473399 79.29224199781132 2343.7069792139746 4988.877228709896
98.0402821984627 96.87470632979768 2087.7667301316965 1522.935688696115
69.03734427255856 90.83469871569898 3583.982052496672 4323.384335909322
68.36193342140093 93.71134993797635 3352.8554597834604 2673.951153574227
78.09061077343398 81.92340401057908 1865.4546983117261 5797.892953243325
89.26285565151757 116.57297634558273 1261.454319364151 1495.0581690675979
115.45548266954232 75.0647706889227 1328.7360010119878 5555.996680289163
75.13229336242695 86.71557893500179 2176.305683922083 2982.452870609315
95.0680959730137 96.97528201743076 338.7310772473108 7696.502411940668
78.41568125723825 83.35077930951125 3551.9018613641633 7423.998352478114
113.15075843174463 67.47229589058283 408.65280907849467 5904.436717835324
87.19620632584302 99.474862775223 1759.8376866912129 6752.091351793914
92.58200838197082 80.24629547281998 1535.1994812105365 6786.55961589672
118.49703557683439 69.54114754226379 1556.0455332681518 1009.1943730010094
60.36713316508538 91.65473909060269 2449.441781165473 6177.152217526835
74.20244784682511 90.30159923421635 943.8998733586566 2058.12746205534
81.56352376527443 83.58997229315239 711.1032091310665 2488.531616938857
95.22582788428119 67.29101703729579 3230.469741412161 6471.971068379632
67.57432952830816 114.47382326255544 3260.0338961041134 5870.342687090759
101.9267395786971 90.68672637084457 2405.987850748732 7225.671379355402
61.718602581366916 112.92672016638355 1989.9802066253244 1471.865437357583
101.88335597579548 111.74805069982055 3104.809762319775 5060.645728116547
66.2867512616292 83.19243910682418 2489.725370270742 4211.374289881287
87.65622393972001 86.82087231184283 797.5481702941304 1813.9685193610535
75.09190887763907 115.12355699950587 2273.7074755658796 6859.863344569151
67.3660028872423 117.7710226663172 2598.7993162469215 5338.552062780718
79.26840132398189 103.44345087573153 530.3593984361996 6906.652653189406
119.37081473884066 117.63131144819381 2257.074297115955 3369.1543627342517
95.75206605421897 95.61265710048794 2849.8620318894923 7768.593964810208
70.36732623626652 105.32622699911268 810.6655708829212 2641.8863481239678
70.0286048425557 84.435764690053 2409.099417007081 6103.480711642302
113.93905382486993 100.026906990784 1949.7868082884672 3305.579262530948
69.8741135625395 89.85236325907405 787.6837483351651 3552.817540998705
78.87772251190178 68.22041758542052 3271.788438195162 2648.289633979894
119.61665005480356 73.14614509337147 1517.0952221637265 4288.901693287977
87.09904593328464 71.12094888394229 2603.744603329198 3916.621947873472
103.23162817632814 88.61585304733806 1934.6542728389632 7694.423008375731
110.22040065210359 80.53331413546049 1385.1666615296272 3666.9352305941043
118.0054245298577 107.55421077525293 796.9922009175299 4518.604243470767
118.08323712367202 85.64355281866095 2891.4007051940143 5604.0750047248075
73.01542113978012 100.2305291724787 1463.0544143725333 5586.900134513236
70.03698887410658 65.31342552717489 140.660909424756 7343.909210196233
72.17561771803399 99.41344349976278 2754.4895193771645 6314.015754339504
61.568833497409535 104.40488177394187 1924.183216827773 7583.375484759317
90.3347090746101 78.8239048960753 1440.2138215601228 2053.4511823080134
105.94236540079633 104.88984656854856 783.340415991256 4357.088481241347
115.1403471074809 73.67020823327574 3412.047019187802 5134.1879630329995
82.19498478463288 88.32312654885497 1648.361802283675 7059.069265631178
107.73145289437839 117.10005761708953 3256.902077588286 7360.203403735816
119.10223508626005 81.5546838093295 2520.9185219067817 5607.318436348818
76.98282576089787 93.97159611635287 2087.6757886295272 6482.673671345653
80.81214859995076 113.27709497942473 646.4312880754077 7461.776537734224
67.03997390988127 96.99336583841335 1924.516923015437 3357.5187657759734
73.31510593530577 93.79973344682651 2513.6573220945565 3295.72724474465
113.25935852500143 67.41064084870784 2500.3678076261504 2951.0696738348934
92.57255116567838 98.34277644506636 395.55829551909994 3606.347624158564
88.16055701691957 68.08037798626245 1075.1861386616026 3310.2117360397715
84.01518172778896 97.34017545198142 65.36108336964432 1202.7233057294745
79.67005579541303 78.03497924237219 2992.486865771853 3559.826918840228
71.7579579693438 104.25966697653328 2710.513602461258 4332.537361688738
67.86381881636174 63.325462020078106 1900.6098698280798 2593.2003791613033
78.12900298661306 102.9176698020988 1803.6616969692016 6674.656561363689
73.144183352475 87.04065228724976 3519.7693748635143 3221.999497063811
103.99163070672931 93.20514288768688 3448.4271199830205 7431.683490866464
64.34573214750372 74.83723120001613 2120.358109661565 4784.782813466364
104.555769116135 77.69201610892897 324.6913314346514 5840.666048997822
113.61513120207943 117.90970005241805 1166.851504146411 5780.46138961959
82.75417172188483 70.30622075866486 3578.1352836888896 4956.481241254545
88.98224711167978 100.03695500202983 1662.3555878829395 5203.982340670669
102.00267031000779 108.56262574197618 1739.188921917256 5644.446495758352
106.36075571674148 89.28211116202267 449.09110783202004 6056.864482617915
65.28966583684357 85.55726114570552 1344.2803658953273 5157.688682993821
77.5574055681367 112.0913601193522 1261.0461809476833 2174.436304428252
83.53591809054315 87.22725570837005 2360.68675653318 2635.1203854778473
101.70278694286563 71.10906892678497 1553.2548584297465 2747.2283724545096
91.73190910540251 91.52054002047834 166.74549408986368 3227.7455628389903
115.28431289989055 112.13211944370623 2504.124475779187 3141.8010044162947
112.61023080303403 62.764017487613025 1098.2229500233414 2287.7406339623926
99.3104764359717 66.81422465551177 2969.954457969198 5699.981894507072
89.8548891586728 76.63864946220976 2360.9674107099836 1832.9775369491376
85.70101187854331 80.18054188976464 3486.761244904229 4029.7115975004344
102.65816960067423 90.45880419122176 3430.5793474506586 2685.416001601171
81.40911875135339 115.19493359652367 1812.8744180641686 2387.407060567438
69.56275757605358 94.48857668244926 3291.829842280846 6938.75466535142
72.82106929311566 84.38358486064465 368.32782092103804 2221.5513536864837
67.53844653961048 102.53330933014671 3543.542828298675 6480.295829260601
100.59030969228918 113.71122080856189 1888.5718324935942 3620.495749988493
69.01691992843418 81.89559371012452 1755.061761730981 1551.8096501727305
60.482529833732755 106.34715226016183 1019.0227373948911 2913.729683536186
102.57713300329073 107.76968511503068 3113.926817188601 1415.7527205130289
101.78736599697201 78.37221372661182 1104.8705139113422 7963.55518043081
78.0536571533566 70.4097735106259 105.97758560076036 6782.434250061667
62.957772866181934 82.74386146507354 1273.9476928929075 6391.659124361763
81.95571818258001 109.9851326086801 1716.7893134076778 5402.422085075547
79.68743807201325 77.85235643710283 1493.2660842252042 2085.572406331245
110.67571766366132 64.0780306150449 627.2117847367339 6785.627551824981
62.89150893794151 116.00868365237467 2343.5642543646672 3807.746093658172
98.36935882375866 116.8285505544385 1218.7105885279261 3942.6975283395345
78.14266255162102 77.85291454289386 1761.7286014423134 1352.054606141083
100.22516179902244 104.39884058509205 2220.0323378933876 2440.8355786685574
77.34895154230571 77.89713080431697 1616.348257398497 5182.436840204839
66.81457250306191 92.2745665091998 301.33184815244465 4798.991041867918
98.53234088630029 88.50680857130943 2883.25632633123 1462.4866339616153
84.15685927155795 77.54891503985333 2224.1347065395335 4344.288595840576
62.14114538085969 107.5055262018675 2256.980356609034 7373.259077352234
110.56029579503897 99.87267185399156 902.7994044262349 4369.920262255826
90.63526588063071 74.79187853216617 1848.5177000193733 1512.229049655058
116.63205986509898 73.68887392466952 655.9025335690546 1345.4405830009998
90.40884976984596 99.01771028748276 2963.0801562025135 5873.176847345028
76.17221710275692 63.22637513038317 1311.3871495483734 5869.315221848521
102.31000206462991 64.97424149259977 1090.4141012161706 1369.706981195399
111.88306949638014 91.17910943299692 2710.237542603596 2799.8778687618105
101.30678792511821 74.06557383166505 965.6889460980726 2428.723204542932
115.32301035982076 63.22823971147866 2772.332058755757 2202.084097824003
85.57645206841241 90.73387825998284 560.9761244211536 3407.4646192204677
105.40514823096186 96.73928224224443 653.5254421911636 4141.374225344452
94.90302489864654 110.85811412075074 997.3487583113484 4754.7851639270875
114.71427595464068 109.28751605130897 2554.207641146782 6553.329475464039
92.71493173203213 75.08467552879746 1191.2362722242042 5745.304347158284
78.90420528543955 118.11689896504267 1331.8394800359827 3533.7754254999973
92.25174498087934 64.46016926804161 371.5716646350572 7514.504232138633
75.98375238084935 62.453801329429474 2288.949929731343 1069.9456657120286
75.14495975088832 87.852585120381 508.2777211905616 4691.707137024683
76.02772920596976 90.00836996547885 182.18059437674353 7793.002809004969
116.22066912165455 117.07268656645942 1091.0904063248822 5659.263399975932
97.3927716008546 100.00714221891192 1327.490977242794 6891.636881486755
117.10829716485763 79.28449910758422 216.2110652497215 6170.125770845383
68.9218588249049 106.97816150498042 645.106190791502 6107.4467628901575
87.35840703669028 72.28749674261802 1251.453514378841 7113.03788881521
102.49085376043335 69.21015334269272 3232.006817426051 7993.928481229414
68.49976474085265 66.74174838565051 2970.4112809277553 4894.400989617582
110.08854001637413 65.20812096300651 1262.6562428576385 5278.86151920021
105.60095751560596 116.08739584974865 3037.14413278439 5415.17779334479
69.87075394642049 118.95533669365892 3018.8749080205826 1834.5875407565104
107.83929575163921 118.94843400048136 3017.9732795291598 6402.958806344428
108.33277163128035 66.4756962397342 238.85989707052377 6275.283006683301
99.64287218916049 79.20593721524287 611.1146231468348 6428.25828340771
67.39684830915829 67.8410533900723 3105.1044732511405 4137.927175004775
60.29884262294618 104.58124885824218 2557.3672746029156 2323.8561885111676
103.33136988245292 77.54892350752719 955.883848236804 5197.458324706111
60.766996074617204 79.53628811285526 3585.330116866506 4298.165572457514
71.42721497265849 116.74817802479944 2930.5047746547243 7796.090278609372
83.29287220531069 86.8319392511809 3545.18412076336 2646.187840392415
75.8569493383881 103.29368505126024 2079.5844192041577 2480.9322333388195
82.70729149568345 75.60568866058189 2750.87485481772 4781.214190466163
72.97979749057085 113.37969469920994 2621.974619747262 4766.944710183782
74.0778430086791 94.70562669131544 2999.0599395957165 2424.1454304639547
63.290147801216236 102.35892355545856 987.0604959144076 6624.008886086883
70.08865140580208 63.90616948236151 668.5786850549168 6602.579456409973
73.6792514159117 67.25897918302532 1612.0967588283866 5463.169410588837
72.58982433009625 100.0148026803786 2499.397951097036 6972.29170477394
87.04908661873863 67.66722949902244 2839.107073929467 2118.063810062207
104.2446867505023 86.50187726380479 751.9550652524179 3193.391114304427
82.63601322156327 100.79073548784702 3057.9373589400625 7258.635172702195
66.58969954284653 115.5365561950454 876.0228361380435 7171.290146808676
94.01628578777192 114.6963435244188 1675.6228665819883 6993.499464128064
111.76659763230992 98.72653709057484 646.4347235809712 6962.3596173027345
110.65355740994747 109.92652904176533 1543.0729525672293 6835.312725627889
75.77689110032436 92.20563015973383 1067.470598405214 6817.013709912086
107.00320672043276 119.16155411792167 3270.226931322819 1073.4445902086318
95.78220964193795 63.335295850153486 2887.4269308436633 6440.73445802573
73.69898575448804 105.68125815091945 1282.8871286120643 3848.362257297482
60.7068729011827 94.64238741436691 2499.5914093865754 2936.3843376610084
101.48156307658691 104.88722564554922 1595.6234248893975 5640.978825692689
90.47313041680464 101.26984279367873 1066.7641096596797 3570.317072420531
88.34438320911215 86.41289852479375 1839.6497256136265 1609.936738321938
100.46357056873906 105.4356732407626 47.22315730349893 3283.692021043569
118.49867675575352 117.73432671552293 1845.833231831071 2995.8496752264405
73.02830692427187 66.10752677989767 2870.8065179391792 5159.9746251527595
77.8800252368038 69.66168578415513 3209.947520506842 5049.771775408537
77.48268940350738 69.4337098963757 648.7770418826722 3776.4023185081933
99.7209970454533 74.42973153085597 903.819602632956 2713.6836157881544
66.38117014201232 66.04808984478807 3327.5859719429072 3483.0123386044934
86.88535347727573 76.22108954333409 254.1507639097401 5905.986121567255
77.76878651919948 81.96482774344653 1618.1498721531918 7081.546783551213
86.94197315745099 114.3649828876226 660.462353297548 5977.925263559294
106.12729612982024 80.67584905699184 2760.313067836774 6433.287958935367
63.65537610361536 110.75641928263997 1409.8096894467828 3327.207247254064
81.04060838491063 98.24289871387808 3332.143746398401 6688.235665498086
79.29509210124074 89.0077015608104 3263.309483695302 7925.633061371888
101.20883596991227 100.32904922106343 1553.4019075938445 6899.930861852382
65.19951821269504 82.45840183149143 789.9282455515915 5522.348639925772
69.54860197542784 119.64111764313925 1225.7645726186345 4273.101112899909
106.92576650496453 93.7953521557213 2064.575237898766 2864.9700296014116
74.75580115747438 66.75507357508722 2935.3796467364577 7746.114158524662
74.7996924347668 80.14472583058375 1601.9208492103337 7842.884815066467
85.56614801496522 79.56215084996965 2011.0158288017462 2515.5750791513315
95.68624962199338 80.64257144973703 573.3038323605499 3276.498845080817
83.7251942714374 112.85168702622408 1232.466995602243 7440.199008690715
69.77833628740312 103.85903935068441 173.08287167296572 7331.526229958813
72.40932961147622 99.94220119655255 2454.295945248991 6972.49029381311
60.23878280465487 78.05250628941742 2559.5320808787783 2246.099917873912
100.49757039391568 85.47592623855591 2344.055479420608 6016.425533617427
95.32663131788092 82.27973947516253 2033.584291404002 5923.232841689668
84.9148789284798 105.27990777730935 3539.2815163694945 5915.758043466008
110.8659687188015 86.41041032342403 3281.518309526673 5008.264393161096
80.50261752416151 74.55489088364965 2846.5495597601953 2311.4398681271014
113.63664394736739 77.74371134812579 1893.061356095055 4150.426731334065
104.99969277057653 100.86669173690092 988.8382746695663 5962.230904378344
93.59349494168745 81.47059494216826 3183.907693428933 1877.7636844123736
117.50503347665259 119.6039720138273 3079.836674128192 7710.790846952562
96.05224856444266 84.77256481372453 3195.5709517598707 6513.759921314622
60.11486644079363 89.43918301309543 3494.8879415015704 7152.044574390946
93.36158967366485 99.65298998787752 2208.3060634519106 3130.186758814149
77.80230898540952 62.81051374205472 320.4822302056802 7886.83582902668
78.94123656062591 89.43742313067683 405.09177133593926 3304.903081711461
82.08418751484487 110.05237237579964 1735.0782467093886 5402.292522802358
102.01455726573703 97.8184722713383 2968.2001478948505 4318.210677880034
101.12461481235823 98.14010219654207 2669.280845837989 2800.4582406175373
119.81869057911611 89.87017907920803 1836.9353422583904 2404.0169251231237
71.31424109643662 72.44424773625025 2417.7254486045836 2764.8941315439397
66.28676358678004 107.62909216389208 1669.5690728593922 6224.248908842596
83.85034450073596 85.36120899456604 388.09634023184503 7509.354572997901
71.58252711128011 71.13910883730381 1792.891340949998 3719.172608928883
64.47515863083227 111.85416721123991 243.92192351497278 1586.788278650873
112.00559922537796 63.14731835175026 3297.5779073806816 1339.1835366944879
61.75200399257179 65.11961413955943 3434.8700844164614 4918.97193005266
107.4480519715936 82.31001448369807 1929.456437866 5698.337221757309
103.8923281616456 107.19458821482974 2406.937028166122 7867.19325540934
81.95928481719292 118.29869744331782 178.74726946200767 4908.142579769788
105.56523524009744 93.041732728756 792.0858499136157 7056.970285311723
81.6669242369114 100.18216902311634 59.40902753284318 5849.900705837135
65.50238205703613 114.04232515875607 285.47516420154284 3188.476355957593
118.92092059446257 112.8331617226713 3293.700786456436 7272.957316571278
92.63925152015706 112.34677318557983 1553.8256844495631 4649.281115906757
106.42167751033031 80.80565490344401 2691.450349684395 6447.051060742606
76.11281487608899 73.66347258463423 1658.8286278941548 3659.097342276111
73.46034643184483 108.07864414003151 2317.9274848236582 4633.998923240428
86.75569806404906 83.8804505240054 2695.1869478080366 2848.669919078445
71.1187858749821 74.84254725819747 1917.5173081256523 3353.047481761873
104.13835554763851 116.14433262552294 3361.4092897855944 4902.946650454209
94.3220360345928 97.88736801731959 866.9585874564777 3659.399870605811
67.61711683557901 117.1170176000687 2983.493845008888 6239.377683287138
95.4145505102903 102.18258293177144 2636.7492109996256 7100.739908319599
91.38303319860869 61.84778707270272 478.5387479049701 2307.717048061929
61.18011985875356 80.4115787090946 3443.27887486667 4696.471154492264
115.41897117727747 64.33381592575714 1028.757211880302 3132.3281398506915
62.83510550353995 106.62063024002309 935.0647801973154 2719.555773857916
83.95612414044089 77.46893840882154 3315.370677747396 2628.307629829396
69.46947131885706 73.1237146024888 117.8174283735991 6526.339412280035
96.42347928089117 87.39398586504883 890.9475306548703 5061.922475310977
117.59714995495999 90.25319868996891 1013.2597643286758 6686.743258516811
105.09763170754374 114.0576079905277 783.0214097955795 7273.081340806106
87.64065333665407 63.59404749253032 1559.7002370408616 6840.152700470883
91.03579255035068 90.47621138621922 3130.120222990246 1788.4566216007179
82.89236077296037 68.87258712684465 1594.5291643522407 2215.813347409518
97.52135289369436 119.31068251130021 1273.1423094011138 6633.29975955958
116.02691087838711 96.6834252050957 2390.9416519661695 1607.4601553296866
90.43788248886888 116.77534133618592 2252.0881588900806 1845.3523473466555
90.5023509509008 64.51026701616362 1239.1206954106387 2576.2383398875904
76.35628471526196 87.89466389124061 373.87331340679407 7318.723995677771
95.61873564154027 80.05272858906443 2128.68503652374 5482.6045884676905
107.18269985922572 91.96278884820123 488.9463305753522 5732.199745405919
111.40582733414828 119.90119985149623 2307.9973029130024 2427.0630981488007
99.70107922947771 110.32421847189431 758.2610888318529 2685.1363966212975
67.27213392791934 112.14245514846046 431.9704884686722 5727.416332404828
66.75920758546263 101.95932849502421 2067.3436763887344 3153.4782698027616
65.84850308930537 107.65754195238482 33.71944134536138 2823.459054172069
95.2186817913236 99.98754531964708 3180.766561096812 2952.5891525580123
78.97643541694649 86.18801638576451 2863.666877878221 6753.895738659376
91.4349250074257 76.76849837205424 1068.599518181041 3791.4854353921673
86.61298077613283 108.95119399195916 1567.190132040428 3878.8068557023544
90.00651069805076 98.89027491597237 1435.3888217783076 2663.1247836825496
109.78451564665099 107.78478972418516 645.0480877141341 3081.1048136277564
94.62554611252821 81.24146197836464 2488.307919016882 7741.425452864955
99.80671196788727 109.31035594751474 2050.5278579520145 1083.4170643883917
72.60442157049768 65.44686060826659 1126.032914014418 2750.917039751646
81.95036839496147 76.91240201155685 2926.626244035182 6458.261104570693
100.43561599152203 69.7191468889704 2964.4462505774995 4192.138027920823
119.24475694455371 103.19895568214409 758.5357243096989 7400.823460990685
75.22645856669361 103.05252468545252 2731.6338706543665 4608.369332999601
63.833913678618515 102.53999454021239 2301.980190206474 6161.883654545715
63.16752317914815 85.53575348133809 2981.7571580554777 5960.518457634637
98.48007290109346 63.988317133944506 95.43231858749893 3341.5677186549387
96.72126113613069 67.70769734941199 1305.7274423973238 1772.4607202132884
107.67173259520472 98.7544935984471 1575.7604880335684 7388.780729148745
78.84276845845919 113.66326043001787 3083.896685992809 1760.5422590572819
89.31683774399507 90.48715125476487 2103.460285566207 3504.363070482999
105.99192889018899 98.93726373934136 1121.728851308269 6417.483381483306
60.507809675244815 108.59254249132012 3360.2881812228484 2754.696531082962
70.81376673252632 60.073879607444255 2014.1508739412493 6850.0980389484785
113.60027778137133 64.74373415419113 899.3144480062304 1035.743981683238
67.33001994511811 76.24630168245963 2463.19398821045 4287.61000751351
101.0452042673643 98.35384022273408 114.30664630754713 7284.742470080586
76.47850819824453 77.01017262786972 3578.648375622803 6999.912995437452
119.11061636755645 69.96899081796178 2530.1292763404085 1219.0245018225269
108.71564334753597 94.68127407573044 797.8905804083702 5720.959950715371
76.06089938000856 103.47151222677792 2088.684617439285 2480.5833437713977
114.77904198470186 66.07152839567445 2722.151014206572 5680.946947344384
97.36919219479668 99.69607087605014 2861.65771683333 5593.953218389751
75.72423605033092 93.16852079248547 1902.0637948633064 7993.412820020955
72.35837036133856 93.67139145755237 2192.906808392732 3591.53268160577
105.29280014816291 68.3625519806526 2486.356320484767 4078.82335020518
90.42308183012591 104.7672415762702 3591.0226353869534 3035.1153754102547
112.37689099909984 89.0206091648291 2881.6141424169964 5707.339687816547
109.73567883723675 92.64230945824791 989.7498676657679 3673.436144869651
78.82654937798377 116.52866895418794 3248.9409758937913 3772.0997483445967
87.33694341985604 74.77984337866268 3583.770836832067 5637.178379617846
119.77448492293291 104.85726107386431 468.77272754655706 2183.1598749601762
82.73139600073169 97.1034354415357 2781.9939468052025 2302.020982156127
76.11765913463005 80.90474675968457 1708.1766401119257 5271.005295700961
101.82480755939723 81.55751098199104 913.2952221451256 5095.615509977151
63.737573620674695 83.61844383145822 475.3839737444505 4229.094424211907
65.81227336346882 110.36699212094312 1594.2421481216425 1152.1229380075667
106.39852068998549 89.26130281062933 446.131538162626 6056.921600626259
94.82675524107583 85.769436637385 753.8210829244941 6024.765017868737
85.27808082998236 68.41927299900655 242.43356856304672 5252.172904008239
82.2168633168638 96.17975052017387 1475.0111337338215 5951.512262351662
61.02877631514715 118.36615257201677 3571.4643402485876 6562.106272514313
94.24697114622475 80.69329299750201 3431.131818316319 4019.6207569976336
90.7869056781986 79.065470529169 2462.084240081245 1002.1824630044365
64.51609256386747 61.12335607641762 1741.929220788509 1380.0525223885663
61.96776499127673 84.81911275865843 1958.608849261165 4667.433909072713
87.88090646490342 94.42731865699844 2685.570478509267 5817.870932507651
103.4963141694594 78.338968550504 1157.6068293653882 4298.780046941274
114.64875255781935 83.30868858933552 1410.7182273032402 2375.3538204787233
101.55509338584467 94.19871231793634 1125.8082487470592 2850.80057171436
110.18862075838024 94.37037976513967 1891.5122094691128 5624.501963948973
119.75422695245764 64.29588152357195 1717.795264504808 6130.91216659341
69.4768257837197 63.814202178496004 2486.6213500909435 3577.3143679336313
78.92665129951735 89.51532499425524 2109.3786413714847 7910.277979587875
85.35228618824273 109.16180303033956 1893.819735342182 5610.241872123363
67.88501760254802 89.65476940537911 3092.8652285286216 7470.506788557578
62.17494196735762 81.93333832796469 3403.0375142968905 3580.8470574842345
94.64296725895653 115.87038574405275 426.1287986040904 4505.492676111511
100.35447101769569 99.10212352917353 727.7493089775551 5464.704900461211
71.46966159215911 105.25345715596849 516.5600268937759 1272.5258723102907
60.53587417118496 118.7932770466994 1385.5499449759986 1651.10211782649
81.90222078337905 77.53696074953484 388.6611223516784 4731.498261350764
75.03982766417744 94.34805093070972 2046.9703056085123 7464.23153157182
79.74455242391012 61.11316346752729 2311.138453956844 5649.566664796984
108.64781215210729 108.49272242995178 3041.7489067145707 7750.469656343861
70.12928827939182 65.36369856052264 147.92443122191085 7343.984252418958
119.09399693721824 70.73383028096741 3249.5473426943868 6538.431665724043
66.28831738384035 107.47509062318595 1662.6412815365145 6224.321343708111
103.54458901379935 102.46133442994058 14.147487414840217 5711.60977623842
71.76746518050508 65.9827037355367 2066.887494359997 6380.209045695253
89.92999082314641 117.00790099754576 3473.3304063309715 4036.9190787997813
77.11346205943504 78.47982757130066 3171.4799253945966 5889.423019055577
116.75049518575587 118.60842068973118 579.0654346190058 5838.438571522005
69.60631213978988 92.05199117320885 1819.3316016284107 2415.293732136433
115.39489684337683 70.855268963299 1734.8838379277736 1036.20432626019
117.19957755656993 102.7281087218604 3054.760272296619 6732.604309081203
73.53227290670681 77.13261306244756 87.05759647376203 2418.0723213982196
83.40983620688057 76.54193799619125 1529.7829125532212 4777.997957903428
116.01407701581003 109.01945823586976 3507.4117588380714 6022.744244584409
119.1988472734606 111.43294975030405 2832.2179325729885 3683.5734033779418
83.88204714367592 100.02430606534064 37.646880990258076 6802.620312156102
108.54605102056479 74.39221432463205 787.5634179542219 4593.371321533876
105.01410579532096 79.261114072029 1845.3569126744549 1895.2892783745847
83.49386721031526 61.58372563347752 2161.077444156859 2363.5995741651523
72.48122227881026 99.84273302955303 2507.600661605101 6972.56682318073
94.63919615477741 96.87688599994893 1155.0819598397036 2789.9530989399345
114.38949007644169 98.0344880957498 20.11404691764616 2152.037018452991
74.49943952987938 118.26107003331147 312.88819585538016 5613.546742429687
84.24300198253579 105.83621167939123 3309.4430087453334 1986.1390401444091
63.15572084244119 87.56825460794529 1509.1120645818678 7044.474999850952
103.91837720385399 99.02676642636297 2386.3186120757505 4164.192664540622
113.97481194772905 84.90963822375882 1696.7278812301251 5490.339292196353
112.56099092559671 84.7752637800146 3283.6584096601277 5298.101903847937
73.11715822299067 83.7378831870778 2577.7379506338743 1639.5721749518434
70.84519568512918 81.89874938291422 1320.5648528176505 1697.2108013155776
114.11959827401688 85.36532550623788 1427.6681003442416 3808.6652174570213
112.84139188405274 84.93004547876589 3279.4140158689074 5298.32887227807
88.58512608370212 74.82850873267866 1385.1631257318552 6274.317443085966
79.16419813658139 88.87600380361323 3254.008299391569 7925.567829032142
102.07007484340603 60.74612092587922 1897.680148118991 1979.5074176156415
102.69920831649037 66.75836143463479 1487.0407388305669 6829.855387469503
95.15583990474465 78.85446652326097 1152.170873248495 2175.4569371755774
116.49599896917823 114.03442056373109 1603.7777487167318 6866.7326171640825
78.49326495746936 83.42888114859937 263.8552155774095 4471.228433554131
116.51765022655358 77.73721756219688 1581.3587896524334 7424.044801581958
65.8706429230193 69.96487689504748 2344.628972086722 7917.150320127645
119.27995256042868 95.99948223762301 2621.27894504501 4146.4099626204215
103.25408476095714 64.08416320497365 2315.2246462932467 1843.6702486692732
88.13262838205887 77.42835216048152 2891.2476032667237 3384.136646657308
65.12125067018127 88.09501804538111 1098.8383279644413 7686.590141003522
72.52299329473144 99.90528000520166 2462.499145536647 6972.22919357617
62.97066372279238 113.54697680484679 923.3697808084394 1951.1116633376428
78.79818920864211 66.80531649904766 2851.3892486640707 6040.151643253989
96.2907764510755 101.42683581453109 951.7186382014258 2968.6681483100697
64.86958658615208 115.99381957139809 3233.8817370268566 3030.713604728438
103.42743637155453 101.1684719766179 2946.398341730666 1488.9037273964086
87.63883772627779 86.8248683956239 722.4506878288037 2524.1162575459257
96.14820145050946 99.3535356397811 3045.0709226368035 1500.0423606900304
91.52189807378004 84.84299627949632 751.8843957700158 2723.0771744965605
61.58978590040987 85.98427991996263 516.8710155601299 5235.514800391734
90.35050303655923 64.48169949999361 1240.7780243407647 2576.1255711709396
79.19507412735061 116.92761994239295 2008.26623068863 7703.046518681666
97.42269683976518 78.10868711589605 2148.0236612040535 6973.909559989722
74.30113566170104 109.82654455307757 2343.5747759405112 5513.134028922309
80.01926501155404 80.94684119145757 3569.192756624885 2704.85018588142
80.99732881377399 74.94980920454496 348.756832969834 4228.330280425419
85.41081450370375 82.65676102585537 1411.2291250879684 4052.301845019423
95.77988087848111 93.76791457000323 15.862048405262529 3650.466706168031
80.50576926706374 81.94990229758317 205.18165141663866 7377.064727765031
116.14051560165441 94.80690574473064 2550.0259341471356 7456.620387692573
103.86481873463487 93.90661858592952 1010.3704717325993 6676.439442367267
94.33247415895859 95.47131427607837 1465.2752131874058 2497.397102674196
72.34005371427484 109.36606873228214 2869.3920047304246 7914.2607338850385
68.58676500942244 74.25885786965382 676.0473176812229 2645.0014045993835
70.27871615272936 63.35015086820821 333.50860158941146 6645.582738437186
103.80535023266025 114.54566888755367 2596.317327426412 3074.1413520405304
119.48165153350412 117.70264421704674 2972.4782901401727 7390.467497204066
63.37980413351226 114.14543921640193 3441.5493254270737 3053.2014494804753
115.30769437391858 63.59830866536484 909.8539863847525 7816.453855300434
63.998713404508145 76.70135658851329 2006.874332213598 3937.1801198159746
98.11144015580128 105.132849509956 2140.736506576571 3000.0332330245383
114.7945387534564 106.98589231632437 1477.7374770016208 2891.411177153269
91.51066769049409 83.71023318581126 47.25144257627805 1990.8186924614092
69.89300959222169 88.37357277141977 897.0439795235693 7472.149573650593
97.64972009370452 76.22540506542838 1784.8365361534316 2752.37759314874
105.30978143527257 96.76550833575462 652.492010502532 4141.490277156508
84.37710348282964 91.00519213034845 443.10258378225996 5307.637039410766
101.81037771504336 112.18609965913343 1180.0388624721068 2070.0589829479736
91.63731921653736 96.4644585102668 2108.500009953093 7467.754016989787
112.87232501059438 111.24905663231318 159.67143498063473 3473.7495014710357
69.08690484008831 109.26427521278066 2313.734691160172 5861.515154676338
95.23451210313269 78.29915313400132 1883.8461813506642 6231.791025825101
101.22152473286187 117.24311754292714 1566.210250624203 1130.8902508039191
96.99298887718913 84.64980491147053 3379.8593104837505 2536.9435745281426
116.48497712223066 119.08186581452526 1041.6889496991146 2467.1230178690416
73.78473703139565 93.36031754549094 2196.710205886874 6645.056905719016
103.04401319340602 68.17403509040373 1685.6211010432946 1175.7075954991299
100.6519878420807 99.44584651313734 1347.323420409853 7034.603322306514
102.05605515541403 109.82441447547829 1185.735308576029 6924.850396721919
106.79339985415392 89.21982015247607 2885.0288323900368 4848.545680481546
68.83020115645958 110.54003655266462 3385.6184232991664 2278.4971535154245
62.32147416037987 110.2554196610014 2763.1957869112107 2700.879973041307
112.40813725833632 61.63819238092102 1193.3093652065184 2203.9440317381504
83.2010814440318 96.69317053231843 507.5390573012128 2023.1544512217702
77.23716475006822 65.17996689752823 1488.0672802495608 4923.524502709984
111.99254513771824 104.75501169466591 1996.2298573945745 1976.7431257925666
111.72699853167177 119.3037455078269 3417.3256076267794 5721.606585696613
99.18889644608379 80.12416755846304 1027.0100697997555 5080.763045890952
83.14109951857147 65.87981230388188 2357.5971863454847 6716.835522668878
67.89775007362158 95.39236481073189 2872.3750299192516 3428.9798677750637
73.1561617302731 103.19353699453572 2739.111128926139 1514.0658537650604
105.36288571414272 60.68705754157375 2858.753098600749 6456.9321335293225
110.5213824495192 76.2225903950054 930.8134042012261 3312.5099778802773
76.93293467170469 105.57871031783773 2163.3208123905583 3571.436252152452
75.86139357770311 116.90818340246392 2724.7019981231138 5001.45764146303
80.58249919353568 109.84328539100193 1823.4082131104112 5192.433421638821
109.74630520800453 119.70387531023341 1386.3989932451873 4386.310177121749
60.03925944780144 107.65502691810815 3250.19130172922 2502.872989927266
112.22162916727635 71.23814432155623 2992.5274342439093 5695.613797975527
65.7391655668666 96.33858519401676 1304.6140504189664 3016.173657109241
103.87689391699183 60.79556239633946 118.30648131818832 6507.342819283995
109.97325118242551 100.79974682603324 929.3357173140782 4932.357967081695
65.33317975005059 63.371615485316234 432.9846610193243 4830.1795414133285
60.28236252125368 119.23191782782814 118.57649619604017 5074.988193011854
84.15945198968026 89.21626637660773 290.4696922903174 4575.200469336942
60.7100949903174 105.70768154419422 1248.5832736360535 6831.957662486042
81.70132178782256 106.18536792840895 1011.7305997103272 6801.047748091653
94.77936088139693 90.15826418179881 1366.5280267905132 4819.701218399687
79.92392620988787 60.79882439377693 2776.836423089077 1042.5267570570998
89.57215336443785 80.09175160595822 1567.1595053974472 3928.774209376154
67.5937119983843 79.59285812461945 303.6124453764742 1813.253681981302
74.84772340469532 80.19589001537278 1018.0888594711198 3414.6806516414144
108.82443019067243 81.63994542306114 2921.4222661803083 4497.781518176358
93.67867548505795 102.92566214746621 1529.0274316237592 2381.249180471304
68.82371346702159 93.15397855240933 2577.787948099652 4558.066887911821
63.3685145704122 96.48679691024299 3026.208539949007 5520.252600160517
65.42081633917286 103.85547250670436 3507.561777397265 4474.700004238416
64.08847885680156 110.92601051824954 2791.4679940239234 7406.270704875021
62.6971717878231 78.61002067544891 188.7078156554054 3655.7923319996917
76.04515216222728 84.71309229226806 3410.032315950608 6263.06701546356
108.75650213897265 74.11769246233501 2833.0919589765585 5309.013948910537
103.11416811670556 118.12972103340134 1812.818628113525 6591.722911035452
87.7884209503252 86.73705774314548 719.0377218469717 2524.094996870098
111.23457781707259 70.3266616580825 2539.640941812384 5805.0149993618315
78.4404631862786 86.98216590190687 2975.0968697860735 1809.6245470528504
90.21817844014478 63.19035321197127 1471.1226958551897 1151.0177345622658
66.76056783166187 65.58612735739482 3342.236319176457 3629.414904111479
75.08526963256112 86.95649047607745 1542.4099583788584 5678.0140396632005
75.82708966355813 109.99323542569985 2393.298765232302 3725.044278030564
101.45361719486336 105.25371062811138 633.6093619712574 3778.610484239568
98.07785968388121 115.53696441171151 1798.1529459762257 2016.443313945431
111.14917927271998 79.12267819372505 3082.2122280286494 6954.25230444223
74.43288484384837 73.95989877213098 3024.3165654795357 1357.5185885464632
68.32562851307601 93.40041452729959 3073.7692455794618 1572.2194603841285
101.95872890340753 76.24499313603727 3209.2509495773475 7927.080204024991
87.38720538558725 102.05097095386094 1810.1502893288591 5064.009903571869
110.6519171967929 105.43141805838064 3510.2095410646366 1832.1217048250492
97.36096549642029 102.73086336524817 3523.2025455582457 5792.951735738121
111.81738256313078 111.99038873100021 577.2112171575171 2702.604212292589
105.20429804320004 108.26892757857345 951.1020436431146 2406.094083030041
92.58551050814224 91.88743478203196 3360.0057442729326 4532.583176140078
70.04805247149342 84.86439984979195 1364.6158328215208 5726.2951261441
69.84065742757764 64.47058310712346 818.8294162828513 7664.58171718098
99.36186881588235 95.14151830707999 874.0764319883278 4403.2629738652
65.79387892073363 87.12191953355689 1927.6661571777788 5083.995573298872
84.43033488482568 84.40973281206844 2945.3584212771984 2412.976589066615
119.6515559938416 101.51649128328414 303.77322171803775 2850.5963131368076
97.38502273029073 67.24972071633881 1284.6344973536907 1492.2722803240154
107.07267691261634 89.08400879775222 829.5336473541871 6180.5167969432205
66.24529624413071 67.46071635279222 1067.999295067334 6244.317376036345
116.11956195808119 94.80815465115874 2548.4828699566524 7456.533353000071
84.06471799489745 67.03893773511973 519.9749257831493 3104.859015244861
87.81255488016862 92.7275428039489 1710.130147464605 3171.8043349399272
109.62314462508185 112.84350558766988 1211.0103707746605 1433.2552189362534
89.05902237294566 94.32123764772047 3022.4947511105324 6939.282477307811
88.80752310413372 116.48835863221566 725.233537720468 1686.973582098023
78.92555076593881 112.53419852769112 2944.6573314879565 7623.455625644325
84.60635295320701 88.36129576196615 1716.6963011811695 6709.697067520554
97.30933818267162 110.79698726673104 63.59625615496121 7784.083801759013
62.52354612348865 87.83551217778093 1140.8347154741523 2030.3230150915035
96.55766379811652 90.77720579898066 2337.5648211582616 7118.4848365654425
61.426748910853405 101.07067897196002 2006.7472376268406 7184.845623773178
83.1718133850862 116.27174603603584 3032.7258391806813 7001.891825033114
106.92421594943877 104.46901921242667 3084.5053541255297 1446.3794303813122
67.92322523936244 91.51087346738107 222.28333927188802 2053.467200267272
118.79628442161034 74.10683457863061 1395.2032641150113 3669.4332224233844
97.3906785956651 75.57562530385239 690.3785076078666 6358.980865434573
84.86842474765103 95.17224411164096 1550.2722656872975 3224.516449454806
111.73520750395053 74.83946365996485 685.4150643470024 5856.5371102872
102.27815972046936 73.88806240395996 2053.5329480645205 4093.199900393795
95.216349981562 71.36932706158342 2942.8240890042393 1620.4557313400767
63.02009880929795 116.5437557649631 2701.2032339011093 5819.2940335454605
73.863037210574 95.75302423557167 2849.3014526055017 7411.285979291795
92.37570115128888 107.28841211362717 1483.513348229019 3179.3818502269737
95.216693679146 83.10187028086914 710.548897061568 5500.877336546415
118.58354568542043 65.29347003501618 3042.3393848488226 3111.1113150344613
115.00028905970397 64.05196497487842 579.9825737167071 5495.351934107718
63.54990953238966 111.54635954287922 3085.588948473703 1038.6990135121712
89.56355269607346 93.07599300618656 2021.0529377973442 3909.0787509422203
77.56337452183655 78.81789268448655 466.58055352321816 2052.5840910156267
60.510128021665516 118.69173925327081 3563.9807639043584 6561.033565449585
102.42699234968218 82.09721891531758 1744.6811378073744 3860.814468255623
103.00126465031325 68.52732705134261 3190.8397558934244 2515.7261357206066
77.48647042678301 116.9668325762528 2138.5078523761317 3495.0936013997543
117.91419289900735 118.87125166290123 1308.9125814592232 6145.328597215486
68.7660073708709 85.88382964832357 2986.656592018704 4254.482033559474
102.84450929424784 61.83055102710913 2556.923635775414 1464.4539905376091
72.21750694286688 73.99006266421459 2082.942961271903 7092.491539161696
66.35606620104492 77.34701735597662 2805.1949822199576 2743.556460201617
61.32283770420695 72.54290142535699 1900.4753415955622 5556.170695305028
102.72029682380033 80.21601498571673 192.8811406185034 1456.8508860320906
64.46457199040411 84.99353703223055 469.7346659504632 3900.4871870911647
96.23507129708595 108.54019123026107 1040.5705332678065 3680.8376393204467
60.488568678013806 91.55865447496615 2454.564585283026 6177.187867064132
69.53332696405715 107.46429969773432 773.5877440457054 2651.613915504793
61.02632166471826 68.57844266712378 1666.3262206038207 5909.913412579471
76.06563072922752 72.93087182563954 1399.7755375710788 1225.680274392408
78.4100732302883 112.30505301438745 1046.8430590197243 7180.323545989394
104.81733085039598 86.60048884749096 768.7773068897336 2979.967657965791
65.68796326537937 82.17053222249689 1772.1906263400572 2154.340945459294
64.80010418621976 92.19220998220963 2491.4659819919543 5792.089666904477
86.01714780947164 112.8111278757938 2201.666469641476 4780.461001716392
63.80263339982945 97.61269615841623 240.7241132748775 2330.4310126006803
95.9301944617932 75.29049229481565 3196.1752199273424 5131.110557125322
94.18732527902318 82.21953717237686 1626.1562541742746 6829.105739477984
65.10285482647414 109.74388640189747 1610.0789844712103 4365.914410982144
93.8667852140776 60.33451300787876 3534.100597260251 6644.863834342902
110.9359579729487 69.45343013426772 2437.370969228749 4496.242470625244
108.92972894658119 101.23484479489103 2414.597278134805 3224.1014630950394
106.68442840189562 111.74503494792806 2590.356780728096 6044.060468430865
102.93633327015115 106.35675033567654 931.8158493139751 2621.817871165053
64.59369389379758 102.1501387404654 1902.3598425957384 1280.0317717819025
61.92375722081534 99.49688269899292 3196.348424117922 1748.42150514146
79.65777849688249 109.74751093840295 3381.0384968632234 7299.648170407869
94.01798803200711 105.96957350777859 3455.5106276147876 5232.3360385121105
116.05132579980406 75.67294465007748 1969.7799898820183 7333.983326925296
91.96194199280073 114.99471207272289 3435.4636341390055 7577.5413446555
82.36538974548431 67.52907098451251 52.97745116683472 1967.13453126736
67.67852755824319 98.7214872937428 2687.563440517626 4305.128603825799
76.11087803578259 64.28055284312505 1516.9434675315335 5225.41145114427
76.37099104780572 109.73853634276071 3532.963144104507 3824.730764039018
116.16004441962205 72.58648099142569 778.3932568945659 3740.131938037314
96.9723928900469 83.98984811560808 882.6660531167053 7583.490207507608
63.00105508571419 87.77574615630665 1499.2439529829583 7044.489756495939
98.13858912885193 105.01782676698842 2148.6089490746967 3000.1890921258705
96.32891066624258 99.75053191638084 3394.3827005336534 7227.550068928565
86.54745438404602 110.17443961287576 2277.8475341000567 3669.521544817366
109.6717340631231 73.5107919020902 2267.393199648909 3188.383991558045
102.31101753812682 78.01427811697744 3141.793510504185 1723.4777327970803
64.83708402497321 95.92228657176965 2921.9335130990485 3299.2021558272527
64.56996276462395 119.82003141091486 56.266680782527516 7671.766487669916
92.43172149799726 75.4216937742822 2726.884789180576 7186.613295023444
112.95883199118154 87.0030067151103 1138.3646286845471 1949.6767368989297
91.04197006269222 117.5016411534796 3587.85697621099 4832.919421437297
76.8154432375648 109.40689584446693 819.1506920393163 7549.582234643514
75.91270275964297 69.4322292289235 2285.4796237454493 2835.528504079328
62.09546763267987 85.10209355214306 1956.0306040403118 4667.3415483523995
65.93721523280438 89.28908007591278 1916.4704307783206 5285.407452249638
107.9411045443029 89.92660245396289 2191.5562136193016 7705.633567833429
72.89999279560065 60.64521028144023 2224.838065598818 4485.8362810902545
66.6994924516107 117.87479730099817 660.1193308041052 1801.6570996676603
65.4432938243275 113.18685191435084 1698.0671568593398 5939.864697283572
60.61300484816246 108.36979836868512 3365.717334529657 2754.7286515837427
100.66925524984705 87.89050583864663 1589.2946064886896 6436.516414136239
101.97915887850878 105.49923845374688 1264.3764215631484 3402.4398168925286
63.93253976956436 71.51159669672998 1111.1738151088823 2550.779077640866
75.15117006535475 118.33273785516118 1362.8358385690387 7845.223832154032
73.77306265212928 71.03231276889885 596.0390477383802 4248.87251369001
89.78274040151636 60.443145489418924 3587.5333916469917 2947.2138917315883
75.07935530710725 68.33310325990331 2312.6108492645058 1553.2251564748665
66.40989857124329 106.56053086555384 2569.53547344499 4518.540669406157
106.3457626247913 77.57433962008307 265.6224630515283 2839.0493910196897
114.89275059825624 91.16766938030241 813.990364042633 7391.060790886794
74.34258201550504 93.324271920767 2342.168670148285 1912.0055135186192
65.46102575219209 80.16590204763911 2229.297162177933 7724.518447262858
116.76331464228097 75.20859492333093 862.0138493353498 7540.913201944357
104.8723553980027 116.87182238704513 3335.3487326603936 5524.8876960227535
117.08219511316173 82.52526527058933 185.97387074863758 1714.0142077865669
78.38891090648987 106.06786393099475 784.0163661864046 4995.999783391323
74.54208797760738 74.01486436392457 3028.547449142983 1357.6174358387666
70.88608713851117 81.81843357406537 1305.2273888917575 1697.38476157209
61.425783467892124 79.3631394308439 1647.507780724922 2090.7224203922506
61.536283437744174 63.53279910339216 1207.096970426714 6379.548665982499
93.05798231384205 78.10318868244826 2799.0836282294385 4309.682190040117
111.88948131425914 74.6343923694998 227.78371060551882 2956.0834351160515
118.56628035253055 96.40234392252746 3213.445682114889 5182.178311382362
93.49646617630053 94.48990390584218 339.45559452682204 4468.57980861873
77.0158381609038 85.50866540878596 2142.9014557679902 7749.340311298315
82.04291674175991 82.56895652541205 1422.9691815581648 3106.9828877707882
114.73364064324166 62.49722454463085 3418.763273344339 7478.8514946075675
101.45929787021916 116.72989650008346 2388.493842582877 4580.095939503339
66.57921683038234 76.55883081079902 3175.892777806771 1697.3840261877729
118.08091845927882 90.19706177817301 3032.1688907736307 6167.39843076444
101.09553436363288 99.15254218429992 905.5584381503493 1635.4316816889034
80.86082863823141 75.34653638719618 3043.242685584937 6094.627006023017
92.16310013600324 68.90438627290382 3541.747664163523 5748.438706174465
60.94800509149653 106.30769727956269 3221.3645827381047 6912.32170201566
99.34344201736478 119.8192870002106 1225.0444742352036 4413.504658195467
78.1977815308135 110.75798455673572 984.6365407177572 3013.8405105086986
82.4645858217412 64.78369365806655 2073.7465227217426 3016.5266328960024
89.12377783021391 88.84231368218683 3535.2717464059474 5462.159502808684
66.0260205028043 74.20124905718326 896.7622148393559 7564.384542149965
94.73307888624517 110.91323029618503 1407.826520516522 7919.2507150577385
61.5985078116237 89.57177595482662 2449.159075817229 4311.500913062321
75.19904959389791 87.29443654917682 865.996064211599 7340.6552919810765
111.29998681645024 69.45811216366779 1977.9631957134054 2241.4834152014637
83.7521770475016 69.22856179491536 3541.9365521318605 1579.023822594002
67.69663547613347 99.19154737305371 3144.4919581946224 1331.150533024684
95.43688816825214 67.23768016682466 871.3444952131373 3644.800776661825
95.75955458866913 119.16836346226656 243.59498683755194 2469.4167198182176
75.14735787707541 62.19177256358249 1061.640730985564 4968.935348667764
105.03490970118082 78.24214497864382 3068.8209468101277 5971.164065593038
89.43073806577355 87.40128209998844 2668.9798522504725 7239.294922942
113.27323261137487 75.40576303405697 2912.969217411692 5796.819836311646
118.43755307493834 89.88337321275387 3438.1540348302506 3232.1141643075157
97.38734351799131 120.03491225234639 1305.4382620890776 2485.3243693244613
74.64633287903287 114.56391218072942 3012.22926869153 1831.216580660861
67.00588663796857 83.15929919342557 1316.8840449056243 6167.3844553782465
95.62953824672918 73.5878616765827 1287.3468865571672 1175.975430742358
114.16557627612931 116.27877004217879 2465.6731210654925 3501.4729937822253
67.69376936308477 63.71497341051994 1448.6080980313382 4523.292298665147
62.857356244970205 71.54626985538133 1918.8698013775281 3619.5717024903875
75.8739855578969 95.40104211596584 96.22560865224935 7414.29858024233
116.10168945715282 75.23500259737276 784.9011468192866 3100.9855334052054
61.408660956656156 79.31386527857866 1638.842639640545 2090.6884755032465
69.65407162488013 92.0755502717555 1826.335141528998 2415.4108381785018
79.09415790392315 93.77819704765847 806.8811300355859 4306.560554938889
85.89348278734771 106.67985046717078 270.4171881384351 2390.273935609598
112.51937595698406 97.28460763345767 1878.763157865252 7404.364843542953
88.3314569404343 110.14342361831108 3063.828190816509 3829.225922488415
93.20889144980396 63.87208432092628 3068.871550959331 5650.4711195680575
100.38527438181494 65.94439817002937 3065.9241274804085 5371.9076703287055
111.09522202822725 96.42033449075238 2807.2573573786785 5863.485623158653
100.17114003646182 66.58534605292552 2978.0451825520954 7293.388708646495
60.9356899288802 83.30480190130783 181.80733127057823 6384.844502405504
100.1587481981173 80.91673417751933 956.0036431481655 2047.35951997586
99.5203812165228 91.39461425145647 2142.68960121459 6661.211067849521
85.40533789174634 97.36191730334009 138.7923163750583 7007.427354722989
85.61993708326013 96.95603064189265 1946.9226034548726 6781.928287367395
108.46912828760752 74.59938428334256 833.8477140888828 6732.63603644924
107.11815458400099 106.01633414146016 3013.811004102917 5128.474257186864
75.83140315677632 92.329758402994 1063.1461842289573 6816.943118255084
87.0896087205037 117.58616533848209 1188.4458072785287 3978.401274260287
66.85808384395907 94.58646228978044 1983.4475831014468 4146.30162368004
77.76767209253272 114.90579772843117 1611.3897551840912 6748.090427650255
88.08262001323101 110.04232541286537 2728.7060300588646 1852.7447369621923
109.86627350093362 108.18857111457126 3040.5681206324903 7915.17536773866
67.36075493764874 113.61492991804366 1495.1606399904058 5718.293978323901
70.91516393300468 105.18554143464465 3153.7874023015406 4827.438655644673
76.67312761317928 85.93709671937934 1016.5683731661478 7647.142596281128
85.17800281352068 107.54756039910473 361.2540717639437 2027.3027013266833
79.78755667601956 76.8422378337694 1724.8901727799507 3025.7045981078786
110.44679816075777 77.32381332067106 1063.9642346655453 5819.646441033977
109.65338822102946 60.340759968283045 1719.0810593641145 3006.1795152835944
98.26153808281512 68.3041670953337 520.8919942170202 6131.495512062504
69.33742863271456 62.699613827091476 141.87364875924698 6510.252912178076
108.2316686255545 68.05683859018131 2543.37867368003 6665.864440829004
81.58232072205506 107.8089262412544 2396.5033479518725 3446.0340016700234
83.93004583790851 88.76979366836359 2385.2435800759463 3311.3917202995294
104.05675006654592 118.15541532864165 1977.7448991753065 6807.558262563102
105.8039655036892 79.63310756117978 750.0934701224409 3816.903942801007
61.71632854333887 103.41401190736327 3523.269842529022 5908.878431542584
118.06979803322682 113.91780478715208 1188.642351771137 3831.6444113603893
104.3532625750448 88.07292159634751 1190.6121087588256 6279.975623212252
74.7359250944583 91.65761146108706 817.3523118190697 3658.8378051030986
104.79802046355232 71.92402620275992 1011.6268353233011 2428.0850800632807
107.28976778477582 102.26967562521027 2413.6854329157636 2408.7494491634206
90.94886145554315 78.8792191797889 2457.411824254766 1002.1549226848981
82.95216734344649 90.48096463995984 3359.974112660724 5549.926673014115
83.57332587681003 83.2221245012898 2733.906079741734 4575.3550584922805
64.48905904108084 118.8341931267629 892.3007191550589 1351.379604610072
80.60627378420489 81.17092842081804 1771.612669869724 6717.513493327291
82.55968301351139 87.6365530419486 942.7743560852091 4943.12174168327
61.39605771941757 87.22236840671923 1987.3960287302805 3648.8796039165786
68.64097009509356 81.817232409751 1922.0407951653922 6576.7906795056315
74.50192519748686 98.25260395347985 3485.739742168848 7703.14809333009
118.77854952502717 77.73383605128392 3182.4590290927035 7034.88120973991
119.9091206414218 81.4559467142506 1937.4146026781157 1162.1483078296985
97.83557934337331 99.06078750303985 2175.7267768850425 2694.1291816450876
78.43600457194725 66.42091610411916 2535.4521972460284 3847.633437553645
96.27127856375682 114.35939169112773 668.9106434843461 5119.265215180331
108.25600493746397 74.65908934112609 799.2731795956868 6732.739560363778
74.1495852054049 118.21936929941634 1918.7335228331708 6628.213580565534
118.43842394935007 119.17072276971453 2186.996870351948 3492.2453466297143
104.02737277908969 76.34865276029278 3359.6942030369423 6150.201350271411
114.13129916858281 81.44116128421165 1660.9076008419927 7466.300564914399
99.67502836639017 111.302984585374 1283.7516492223397 3511.3384915444226
85.74986572366136 67.48014110997308 739.4170583170838 6005.022459912424
62.691728970619536 70.55024559003537 2395.204914923108 3299.1821307424298
117.26754976018259 80.49620402210823 2270.42069798545 2619.591961816882
98.09632042784392 115.60456825158602 2820.005878856426 6992.772478722778
64.69658858950795 96.14873990930116 3371.1455928520177 5876.877280658598
119.41512064497964 76.06332980215753 2174.235794990116 2091.890790361668
106.74005720704109 65.76447304867771 1087.18428009459 5523.469882609374
102.20021592731025 114.13406408773297 1529.414928159444 5216.190500805481
76.08052953854781 99.36243542207033 2480.485138680948 5671.754321489007
74.24270794438262 95.12042969882431 2284.9770375447115 7981.448578570726
94.20500024206238 72.21033734130067 3342.8079927571844 3722.2076151641477
62.50181257329524 67.05523242315137 61.60595788791938 6841.441887657896
107.73261958199139 80.2430883627912 1644.1050024642216 2000.8240505467977
64.09783194968794 99.71787902651884 2172.54922432015 1343.2840850406808
117.93951296400702 79.31486057609952 2709.9006324414254 7107.559814097801
91.09338896302941 103.40675172999549 115.10539075180075 3295.3342365222434
81.34867615850577 78.98341185059408 239.86635882517592 3697.497308638945
112.06305071710733 90.68335183191576 1206.1846049525177 7336.276770115013
101.59189880711705 109.55492033136329 1192.2864016976837 7391.01046827947
77.26993003343551 69.34500279800908 3035.1613536088817 3414.6659197543886
82.61192552579966 100.87378892444934 3061.27340808804 7258.664509968489
94.94359540046668 118.50964562869099 1018.0967026811534 3949.6947952989894
81.88180489277613 110.01771715971653 1730.5064386712033 5402.14991565183
65.60275851120868 113.2658186995448 1541.410319752503 5882.150712409225
74.82539041486768 96.60114765612364 2062.759815053846 4146.136508431821
108.26962899405771 97.03824636514678 1664.858490833709 3492.93533941893
68.33351175796247 95.35899616881983 3554.4571192259195 2065.0219933031394
116.92211784776276 107.41813964637922 2671.8161765000814 1551.5933454459487
71.42267081889656 90.97760109051075 635.800586654908 5064.545300422165
86.83030765418985 67.74608359996859 2831.39550605374 2118.1486055753335
105.39928447439459 78.93404724722849 2786.933742729295 7967.707217222596
91.14300572002487 76.9575418793785 1297.40003104648 6570.8961627742965
68.49741209060807 101.90494845405274 3185.6772229025173 3088.387205351332
80.50061014696765 92.48976525352803 1662.8006844491752 6787.04228964291
109.05475200934073 105.68603605946468 1624.7025825933138 5401.869963801183
84.94125241362214 72.17326098853447 1020.5026877499092 2041.1504008422153
113.25296662600162 62.43362527003778 2965.216733687204 2263.6294535098605
82.81047526307565 74.5857869630712 53.20169881929383 5899.949932871101
102.51075596728954 96.7309304237625 213.1769795579795 3270.2316025560267
89.9094915674361 99.42167624957949 1749.1235397381147 3708.7517622593973
87.50845577215641 91.74184884127548 730.707375390912 2654.265916852739
94.18819883385406 74.00361532256515 628.1221681428726 5331.2841037166845
95.98835434756332 77.85771877365708 3294.1902712367614 1490.1988218612435
88.62722621442343 84.68635245926781 3077.7896883855888 7118.388984239623
61.96833530632528 98.13179897281007 1337.4011078812048 3063.047676881925
85.58427700972874 69.09338130312274 3486.926572770273 7027.733332328387
111.50397905917283 68.3943834030294 3335.183388063326 3775.984870915582
113.68690517608451 66.42004388169892 2711.8540426545624 1718.4802619530042
62.47686828805894 117.00291784764809 2637.4809635312226 2420.17321209087
65.15459507192213 106.89515059126181 51.18253021422164 1711.3318851025565
68.54395438191945 86.38460436987718 319.06436508390567 2229.957371872916
74.69244229697405 92.17045669283033 3593.541403220274 7032.525294403833
66.38532528921087 106.94899509792126 2565.198356827373 4518.734524029796
67.25496470114287 101.93778181401025 386.2914733392736 6015.501174730267
68.59007103245618 85.8832266784933 2653.0705888679504 7552.614473984467
73.78564165406652 75.76862464375628 1302.8222569406514 2800.451729964842
119.28290912829577 92.06695438266004 2241.226843347876 3255.206435099982
66.33024191093779 102.22169753706537 3365.1804878220655 7592.378507846923
118.42922898659947 99.10595930706525 1050.3343853870756 7194.349197507233
93.22773653564094 111.26616652415659 797.1191148958733 1587.9281273266267
87.96534112851674 80.21008295033371 1524.9521684059678 4979.088985137646
71.99853885992732 77.79610096303985 858.8969382020206 2963.2420321135533
71.391812849917 69.6821757357508 619.1152309540266 7394.2735015564585
61.888378613909346 76.77082193044308 2644.0765483246796 6182.434507194707
111.97432579148517 96.36529764125486 1601.8861017389513 7293.997398365799
67.76745649140143 99.14344942157307 3149.7969116516033 1331.2085292390814
84.39716225839614 90.81251564005619 401.7330993266501 3062.71364717907
79.25253964669602 101.56754087707739 3416.668333682 4877.811856771206
85.4725153776795 78.80546642051719 2276.3504790031225 1920.77493530461
89.26684619459482 60.56807833554729 408.86336031681105 2707.9276945179754
111.48155387981313 104.00652291457683 2202.588024131103 7123.747348413409
86.94378857417767 79.07148020095865 2457.3834061791176 3585.8507861734033
71.72348570161373 116.9058720557644 2921.1755633057564 7795.878434985646
108.80072977949388 74.09824980588056 2837.9564901337103 5308.97524070111
112.91160003397833 96.1669968146006 591.1246464292961 2196.0379716899743
61.313300811494344 110.83377735201663 985.786414366983 6698.402959879153
76.07098019993788 109.43561540999848 649.4995554632582 1230.6666237021675
113.55325019421737 111.36540196011448 2335.435098410621 5802.0940194177765
68.05145280334466 117.87607791021297 482.5481073343034 2813.6819055644883
80.16092975079873 87.44361461506382 3441.7492220023364 1835.1975325246929
101.27590891003825 91.6267776561892 158.9894217183934 1756.5750927147863
97.16178575061433 72.0006106812884 1098.3274538466928 6794.518375270825
108.99242060301187 107.16440409286933 3000.9776502901323 3547.657278739
88.60104275206503 88.20067704572001 1400.5152853342142 6953.927420674567
76.07459911076117 115.65197791873513 682.8813256411614 6682.808595878055
79.09884793041942 71.1054999397729 2640.434579051089 3199.2637512626707
60.06520596553169 79.50459063635957 2766.1783886145954 7540.5178647136745
88.34679689624295 69.89623980666578 3546.036994422546 5205.375397036752
97.06249477399754 73.98976097826949 1514.245954917768 5100.2852749868625
101.25495208863484 95.57960130296931 829.8437696684762 2064.0482950108317
100.51334830221377 63.519533303949544 80.29365394329362 6947.415540263093
96.80273848292529 76.73249380860895 2454.9888825883736 2542.276668058452
77.86961333766507 62.88791822504764 801.7812654155495 2640.682234013652
91.30242276921176 67.268136408457 2222.1430131387274 6891.0020858944845
89.66660201221481 82.04770770256067 3573.4624057922156 5632.535602022922
118.46958377351014 79.19855260270761 761.7001734629505 2392.7268458999565
91.23238851740797 104.36727546832645 3058.022341810853 4000.853593883235
61.438950017093966 73.8934676422917 281.53117083554963 7815.1752691873935
94.97219094037457 116.47234024100466 2467.1421555193733 7083.193666738661
91.76612803570859 117.49699668768545 503.6594918802532 7921.857360697789
102.21660810024582 88.60328663645026 2890.5538349730027 1744.481961277737
106.55567963449633 112.21061504029424 456.90262837888247 6316.764672743666
107.88649346767417 65.79968241967926 205.57193818303284 6246.859661054997
101.19395633858932 99.04181631973513 1461.4284287678454 7800.9589257354655
114.51295703253315 91.95477489853576 3578.477106216253 1606.1342508227651
90.8194580702267 61.67427224948212 3497.112162393183 6334.214813258609
102.6811186730595 110.8825383453903 3284.6503122461504 2747.5533855208505
85.48083690389026 60.33975076151269 2796.3930889755143 4164.7689469502175
101.79961908789335 113.0396175435304 2513.8885436516503 1943.2588363680288
65.9026350847051 99.25988014252947 1211.4323234519968 1131.5326373545865
60.84311413127634 99.3073446997122 2638.042262092952 6194.049375270206
98.32882968601116 74.9530654817327 287.8221610466412 6870.7980267655175
62.6841290787823 63.16578352681286 3011.0156618837136 7275.9172584609805
66.08197948540584 90.2613054670134 2833.423398831471 6983.986182835987
112.17096576874332 98.78150418686185 1364.3115500868303 5265.124589988414
106.05364214967732 89.11676712876027 2310.062400269098 3211.4759173375205
81.47829705791415 90.32727740883784 1587.2896161328906 6785.39788855074
71.1669955616183 63.19375495718997 1099.178727900339 3664.771902496842
